phone_number,number_type,call_time,hour_bucket,first_contact_type,has_prior_history,has_repeat_contact,repeat_gap,in_contacts,is_num_in_msg,inner_num_differs,msg_number_official_match,sms_to_call,sms_to_call_gap,is_url_in_msg,is_reliable_url,has_appinstall_link,is_carrier_altered,number_cluster,using_duration,unique_callees,is_global,is_sequential_callers,is_phishing,incident_type
15443002,특번,2026-09-30 13:57:00,13.0,0,0,0,,0,0,,,0,,1,1.0,0.0,,,,,0,0,0,normal
16613000,특번,2026-07-16 14:26:00,14.0,1,0,0,,0,1,0.0,1.0,0,,0,,,,,,,0,0,0,normal
01061460174,010,2026-03-04 14:27:00,14.0,0,1,1,1873.71,1,0,,,0,,0,,,,,,,0,0,0,normal
15881111,특번,2026-06-20 20:28:00,20.0,0,0,0,,0,1,0.0,1.0,0,,1,1.0,0.0,,,,,0,0,0,normal
15998500,특번,2026-05-13 05:56:00,5.0,0,0,1,23.24,0,1,0.0,1.0,0,,1,1.0,0.0,,,,,0,0,0,normal
001986652404,00X(국제),2026-02-27 13:08:00,13.0,0,0,0,,0,1,0.0,1.0,0,,1,1.0,0.0,,,,,1,0,0,normal
0706617662,070(인터넷전화),2026-01-21 08:49:00,8.0,0,0,0,,0,1,0.0,1.0,0,,0,,,,,,,0,0,0,normal
16613000,특번,2026-10-20 14:48:00,14.0,0,0,0,,0,0,,,0,,0,,,,,,,0,0,0,normal
01029774105,010,2026-01-02 23:26:00,23.0,0,1,0,,1,0,,,0,,1,1.0,0.0,,,,,0,0,0,normal
01018429335,010,2026-07-18 17:13:00,17.0,0,1,1,10.0,1,0,,,0,,0,,,,,,,0,0,0,normal
0257647856,02(서울 유선),2026-05-04 11:30:00,11.0,0,0,0,,0,0,,,1,60.16,0,,,,,,,0,0,0,normal
01082100996,010,2026-03-03 23:41:00,23.0,0,1,1,2.57,1,0,,,0,,1,1.0,0.0,,,,,0,0,0,normal
00386948424959,00X(국제),2026-02-18 01:44:00,1.0,0,0,0,,0,0,,,0,,0,,,,,,,1,0,0,normal
15221000,특번,2026-05-18 03:19:00,3.0,1,0,0,,0,0,,,0,,0,,,,,,,0,0,0,normal
15999010,특번,2026-11-21 14:26:00,14.0,0,0,1,17.98,0,0,,,0,,0,,,,,,,0,0,0,normal
0624160113,기타,2026-12-04 06:15:00,6.0,1,0,0,,0,1,0.0,1.0,0,,0,,,,,,,0,0,0,normal
15886200,특번,2026-06-28 02:29:00,2.0,1,0,0,,0,1,0.0,1.0,0,,0,,,,,,,0,0,0,normal
15221000,특번,2026-02-01 23:09:00,23.0,0,0,0,,0,0,,,0,,0,,,,,,,0,0,0,normal
15443002,특번,2026-02-25 18:54:00,18.0,0,0,0,,0,0,,,0,,0,,,,,,,0,0,0,normal
16000400,특번,2026-09-27 13:37:00,13.0,0,0,0,,0,0,,,0,,1,1.0,0.0,,,,,0,0,0,normal
15998000,특번,2026-04-05 11:59:00,11.0,0,0,0,,0,1,0.0,1.0,0,,0,,,,,,,0,0,0,normal
15886200,특번,2026-07-05 04:56:00,4.0,0,0,0,,0,0,,,1,2.23,0,,,,,,,0,1,0,normal
15998888,특번,2026-10-10 02:21:00,2.0,0,0,0,,0,1,0.0,1.0,0,,0,,,,,,,0,0,0,normal
01091289659,010,2026-07-21 21:04:00,21.0,1,1,0,,1,1,1.0,1.0,0,,1,1.0,0.0,,,,,0,0,0,normal
15990903,특번,2026-10-27 23:18:00,23.0,1,0,0,,0,0,,,0,,1,1.0,0.0,,,,,0,0,0,normal
01043598926,010,2026-04-22 18:27:00,18.0,0,1,0,,1,1,0.0,1.0,0,,0,,,,,,,0,0,0,normal
0262752275,02(서울 유선),2026-05-16 04:51:00,4.0,0,0,0,,0,0,,,0,,1,1.0,0.0,,,,,0,0,0,normal
01093102707,010,2026-02-03 08:26:00,8.0,0,1,1,507.87,1,0,,,1,83.82,0,,,,,,,0,0,0,normal
01023131979,010,2026-03-11 01:18:00,1.0,0,1,0,,1,0,,,1,6.35,0,,,,,,,0,0,0,normal
15443082,특번,2026-09-11 15:34:00,15.0,0,0,0,,0,0,,,0,,0,,,,,,,0,0,0,normal
15771000,특번,2026-07-16 16:56:00,16.0,1,0,0,,0,0,,,0,,0,,,,,,,0,0,0,normal
0242620443,02(서울 유선),2026-11-25 09:23:00,9.0,1,0,0,,0,1,0.0,1.0,0,,0,,,,,,,0,0,0,normal
01046058119,010,2026-08-17 20:21:00,20.0,0,1,1,44.98,1,1,0.0,1.0,0,,1,1.0,0.0,,,,,0,0,0,normal
15880079,특번,2026-11-15 10:03:00,10.0,0,0,0,,0,0,,,0,,0,,,,,,,0,0,0,normal
01038697421,010,2026-11-21 01:18:00,1.0,1,1,1,107.36,1,0,,,0,,0,,,,,,,0,0,0,normal
18997047,특번,2026-07-24 20:48:00,20.0,0,0,1,20.55,0,0,,,0,,1,1.0,0.0,,,,,0,0,0,normal
16612207,특번,2026-09-16 04:55:00,4.0,0,0,0,,0,1,0.0,1.0,0,,0,,,,,,,0,0,0,normal
15777011,특번,2026-04-14 23:24:00,23.0,0,0,1,39.92,0,0,,,1,32.03,1,1.0,0.0,,,,,0,0,0,normal
01069637109,010,2026-10-19 16:52:00,16.0,0,1,0,,1,1,0.0,1.0,1,137.23,1,1.0,0.0,,,,,0,0,0,normal
01032659845,010,2026-01-08 09:44:00,9.0,0,1,1,1.2,0,0,,,0,,0,,,,,,,0,0,0,normal
16445425,특번,2026-01-06 08:41:00,8.0,0,0,0,,0,0,,,0,,0,,,,,,,0,0,0,normal
01042649770,010,2026-12-12 20:07:00,20.0,0,1,1,3.18,1,1,0.0,1.0,0,,0,,,,,,,0,0,0,normal
01066889373,010,2026-07-18 17:53:00,17.0,0,1,1,3.38,1,1,0.0,1.0,0,,1,1.0,0.0,,,,,0,1,0,normal
15882001,특번,2026-10-30 21:56:00,21.0,1,0,0,,0,0,,,0,,0,,,,,,,0,0,0,normal
15887270,특번,2026-09-19 05:38:00,5.0,1,0,0,,0,1,0.0,1.0,0,,0,,,,,,,0,0,0,normal
15448000,특번,2026-11-30 23:19:00,23.0,0,0,0,,0,0,,,0,,1,1.0,0.0,,,,,0,0,0,normal
01034499161,010,2026-09-23 01:11:00,1.0,0,1,1,14.84,1,1,0.0,1.0,0,,0,,,,,,,0,0,0,normal
15773419,특번,2026-10-22 10:58:00,10.0,0,0,0,,0,1,0.0,1.0,0,,0,,,,,,,0,0,0,normal
15444200,특번,2026-11-15 16:54:00,16.0,1,0,0,,0,1,0.0,1.0,0,,1,1.0,0.0,,,,,0,0,0,normal
025669998,02(서울 유선),2026-07-14 01:39:00,1.0,0,0,0,,0,0,,,0,,0,,,,,,,0,0,0,normal
15991111,특번,2026-08-17 08:52:00,8.0,0,0,0,,0,0,,,0,,0,,,,,,,0,0,0,normal
15883570,특번,2026-06-06 10:01:00,10.0,0,0,0,,0,1,0.0,1.0,1,47.29,0,,,,,,,0,1,0,normal
15773419,특번,2026-03-15 04:16:00,4.0,0,0,0,,0,1,0.0,1.0,0,,0,,,,,,,0,0,0,normal
15443000,특번,2026-05-07 01:43:00,1.0,0,0,0,,0,1,0.0,1.0,1,21.88,1,1.0,0.0,,,,,0,0,0,normal
15888000,특번,2026-03-26 12:16:00,12.0,0,0,0,,0,0,,,0,,0,,,,,,,0,0,0,normal
07022131,070(인터넷전화),2026-10-17 12:23:00,12.0,0,0,0,,0,0,,,0,,0,,,,,,,0,0,0,normal
15777011,특번,2026-01-04 22:04:00,22.0,0,0,0,,0,0,,,1,1.62,0,,,,,,,0,0,0,normal
15883500,특번,2026-04-08 05:19:00,5.0,0,0,1,44.26,0,1,0.0,1.0,0,,0,,,,,,,0,0,0,normal
15887000,특번,2026-05-10 16:21:00,16.0,0,0,0,,0,0,,,0,,0,,,,,,,0,0,0,normal
0262752275,02(서울 유선),2026-01-10 15:46:00,15.0,0,0,1,167.67,0,1,0.0,1.0,0,,0,,,,,,,0,0,0,normal
15993333,특번,2026-12-14 00:03:00,0.0,0,0,0,,0,0,,,1,65.65,0,,,,,,,0,0,0,normal
01044236025,010,2026-10-30 07:42:00,7.0,0,1,1,11.77,0,1,0.0,1.0,0,,0,,,,,,,0,0,0,normal
01050747621,010,2026-06-26 23:08:00,23.0,1,1,1,6.03,1,1,0.0,1.0,0,,0,,,,,,,0,0,0,normal
16004000,특번,2026-09-01 11:34:00,11.0,0,0,1,2.33,0,0,,,1,108.31,0,,,,,,,0,0,0,normal
01062994680,010,2026-08-10 06:35:00,6.0,0,1,1,8.16,1,1,0.0,1.0,0,,0,,,,,,,0,0,0,normal
0076191814,00X(국제),2026-06-03 06:39:00,6.0,0,0,0,,0,0,,,1,83.05,0,,,,,,,1,0,0,normal
18865862,특번,2026-05-19 08:02:00,8.0,1,0,1,2.51,0,0,,,0,,0,,,,,,,0,0,0,normal
01096472684,010,2026-12-30 05:48:00,5.0,0,1,1,40.3,1,0,,,0,,0,,,,,,,0,0,0,normal
01071787896,010,2026-12-27 23:43:00,23.0,1,1,0,,1,1,0.0,1.0,0,,0,,,,,,,0,0,0,normal
01056130852,010,2026-08-01 05:47:00,5.0,0,1,1,39.34,1,0,,,0,,0,,,,,,,0,0,0,normal
00748925007516,00X(국제),2026-12-07 00:59:00,0.0,1,0,0,,0,0,,,0,,0,,,,,,,1,0,0,normal
01028986143,010,2026-08-08 06:59:00,6.0,0,1,1,1.4,1,0,,,0,,0,,,,,,,0,0,0,normal
15990903,특번,2026-10-12 17:05:00,17.0,1,0,0,,0,1,0.0,1.0,0,,0,,,,,,,0,0,0,normal
15881515,특번,2026-02-10 02:18:00,2.0,0,0,0,,0,0,,,0,,0,,,,,,,0,0,0,normal
15888000,특번,2026-10-02 13:30:00,13.0,0,0,0,,0,1,0.0,1.0,0,,0,,,,,,,0,0,0,normal
15990903,특번,2026-08-16 09:12:00,9.0,0,0,0,,0,0,,,0,,0,,,,,,,0,0,0,normal
15661277,특번,2026-11-29 06:42:00,6.0,0,0,0,,0,1,0.0,1.0,0,,1,1.0,0.0,,,,,0,0,0,normal
05325370063,기타,2026-04-28 09:05:00,9.0,0,0,0,,0,0,,,0,,0,,,,,,,0,0,0,normal
15882001,특번,2026-01-13 21:46:00,21.0,1,0,0,,0,0,,,0,,0,,,,,,,0,0,0,normal
01088843913,010,2026-07-14 16:59:00,16.0,0,1,0,,1,0,,,0,,0,,,,,,,0,0,0,normal
15990903,특번,2026-12-02 02:27:00,2.0,0,0,0,,0,0,,,1,37.99,1,1.0,0.0,,,,,0,0,0,normal
15221155,특번,2026-03-10 13:16:00,13.0,0,0,0,,0,0,,,0,,0,,,,,,,0,0,0,normal
01049300159,010,2026-01-01 20:12:00,20.0,0,1,1,5.37,1,1,0.0,1.0,0,,1,1.0,0.0,,,,,0,0,0,normal
16445425,특번,2026-01-25 22:59:00,22.0,0,0,0,,0,1,0.0,1.0,0,,0,,,,,,,0,0,0,normal
15883500,특번,2026-12-19 15:28:00,15.0,0,0,0,,0,0,,,0,,1,1.0,0.0,,,,,0,0,0,normal
01040095224,010,2026-04-11 18:53:00,18.0,1,1,1,6.25,1,1,0.0,1.0,0,,1,1.0,0.0,,,,,0,0,0,normal
16008172,특번,2026-11-06 02:55:00,2.0,0,0,0,,0,0,,,0,,1,1.0,0.0,,,,,0,0,0,normal
01059576403,010,2026-03-20 12:54:00,12.0,0,0,1,2.92,1,0,,,0,,0,,,,,,,0,0,0,normal
15665050,특번,2026-07-30 20:07:00,20.0,1,0,0,,0,1,0.0,1.0,0,,0,,,,,,,0,0,0,normal
16705989,특번,2026-06-15 14:42:00,14.0,1,0,0,,0,1,0.0,1.0,0,,0,,,,,,,0,0,0,normal
18042425,특번,2026-07-09 03:59:00,3.0,0,0,0,,0,1,0.0,1.0,0,,0,,,,,,,0,0,0,normal
024312206,02(서울 유선),2026-03-20 09:54:00,9.0,1,0,0,,0,0,,,0,,0,,,,,,,0,0,0,normal
16008585,특번,2026-08-08 15:42:00,15.0,0,0,0,,0,0,,,0,,0,,,,,,,0,0,0,normal
15885000,특번,2026-06-01 02:58:00,2.0,0,0,0,,0,1,0.0,1.0,0,,0,,,,,,,0,0,0,normal
01018260688,010,2026-12-22 18:15:00,18.0,0,1,0,,1,0,,,0,,1,1.0,0.0,,,,,0,0,0,normal
16663060,특번,2026-10-10 01:31:00,1.0,1,0,0,,0,0,,,0,,0,,,,,,,0,0,0,normal
029251747,02(서울 유선),2026-08-23 12:46:00,12.0,0,0,0,,0,1,0.0,1.0,0,,0,,,,,,,0,0,0,normal
15777011,특번,2026-01-19 08:44:00,8.0,1,0,1,5.93,0,1,0.0,1.0,0,,0,,,,,,,0,0,0,normal
16008585,특번,2026-12-25 09:36:00,9.0,1,0,0,,0,1,0.0,1.0,0,,0,,,,,,,0,0,0,normal
15998000,특번,2026-01-14 06:36:00,6.0,0,0,0,,0,0,,,0,,1,1.0,0.0,,,,,0,0,0,normal
01070396101,010,2026-12-02 01:07:00,1.0,0,1,1,4.29,1,0,,,0,,0,,,,,,,0,0,0,normal
01074890304,010,2026-09-19 05:30:00,5.0,1,1,1,122.61,1,0,,,0,,0,,,,,,,0,0,0,normal
15666000,특번,2026-03-15 00:12:00,0.0,0,0,0,,0,1,0.0,1.0,0,,1,1.0,0.0,,,,,0,0,0,normal
01048552568,010,2026-11-21 20:52:00,20.0,1,1,1,1.46,1,0,,,0,,0,,,,,,,0,0,0,normal
15446200,특번,2026-01-08 19:38:00,19.0,0,0,0,,0,0,,,0,,1,1.0,0.0,,,,,0,0,0,normal
01001184895,010,2026-09-11 00:34:00,0.0,1,1,1,285.27,1,0,,,0,,1,1.0,0.0,,,,,0,0,0,normal
15221000,특번,2026-06-11 17:13:00,17.0,0,0,0,,0,1,0.0,1.0,1,47.82,0,,,,,,,0,0,0,normal
023370415,02(서울 유선),2026-09-01 20:01:00,20.0,0,0,0,,0,1,0.0,1.0,1,17.94,1,1.0,0.0,,,,,0,0,0,normal
01077217887,010,2026-04-23 06:20:00,6.0,0,0,0,,1,1,1.0,1.0,1,0.27,1,1.0,0.0,,,,,0,0,0,normal
15991916,특번,2026-09-30 07:42:00,7.0,0,0,0,,0,0,,,1,2.12,1,1.0,0.0,,,,,0,0,0,normal
15882588,특번,2026-08-31 08:47:00,8.0,1,0,0,,0,0,,,0,,1,1.0,0.0,,,,,0,0,0,normal
0701999452,070(인터넷전화),2026-08-20 19:23:00,19.0,1,0,1,17.36,0,0,,,0,,0,,,,,,,0,0,0,normal
15448527,특번,2026-09-16 23:20:00,23.0,1,0,0,,0,1,0.0,1.0,0,,1,1.0,0.0,,,,,0,0,0,normal
01050317235,010,2026-02-23 03:07:00,3.0,1,1,1,4.56,1,1,0.0,1.0,0,,1,1.0,0.0,,,,,0,0,0,normal
0055449409,00X(국제),2026-08-22 12:47:00,12.0,0,0,0,,0,1,0.0,1.0,0,,0,,,,,,,1,0,0,normal
01013295010,010,2026-04-03 14:03:00,14.0,0,1,0,,1,0,,,1,47.61,0,,,,,,,0,0,0,normal
15443002,특번,2026-01-27 23:58:00,23.0,0,0,0,,0,0,,,1,65.11,1,1.0,0.0,,,,,0,0,0,normal
01091986370,010,2026-12-08 14:22:00,14.0,0,0,1,9.87,0,1,1.0,0.0,1,5102.96,1,0.0,1.0,,,,,0,1,1,institution
023370415,02(서울 유선),2026-01-29 10:12:00,10.0,1,0,1,21.31,0,0,,,0,,0,,,,,,,0,1,0,normal
15999999,특번,2026-04-27 00:21:00,0.0,1,0,0,,0,0,,,0,,1,1.0,0.0,,,,,0,0,0,normal
01008479135,010,2026-03-16 02:43:00,2.0,1,1,1,867.51,1,0,,,0,,1,1.0,0.0,,,,,0,0,0,normal
00360107126,00X(국제),2026-03-14 15:43:00,15.0,0,0,0,,0,0,,,0,,0,,,,,,,1,0,0,normal
15990011,특번,2026-06-20 06:02:00,6.0,1,0,0,,0,0,,,0,,1,1.0,1.0,,,,,0,0,0,normal
16000400,특번,2026-06-02 11:13:00,11.0,1,0,0,,0,0,,,0,,1,1.0,0.0,,,,,0,0,0,normal
01020357965,010,2026-11-04 05:04:00,5.0,0,1,1,190.56,1,0,,,0,,1,1.0,0.0,,,,,0,0,0,normal
15660123,특번,2026-05-08 08:50:00,8.0,0,0,0,,0,1,0.0,1.0,0,,0,,,,,,,0,0,0,normal
01050521940,010,2026-08-21 15:30:00,15.0,1,1,0,,1,1,0.0,1.0,0,,0,,,,,,,0,0,0,normal
15998000,특번,2026-05-17 21:26:00,21.0,0,0,0,,0,0,,,0,,0,,,,,,,0,0,0,normal
15887270,특번,2026-12-18 19:03:00,19.0,0,0,0,,0,0,,,0,,0,,,,,,,0,0,0,normal
01094079939,010,2026-11-19 11:15:00,11.0,0,1,1,15.1,1,1,0.0,1.0,0,,0,,,,,,,0,0,0,normal
01014076703,010,2026-08-08 07:57:00,7.0,1,1,1,555.19,1,0,,,0,,0,,,,,,,0,0,0,normal
15777011,특번,2026-03-27 06:03:00,6.0,1,0,0,,1,1,0.0,1.0,0,,0,,,,,,,0,0,0,normal
18362761,특번,2026-12-03 04:15:00,4.0,0,0,0,,0,1,1.0,1.0,0,,0,,,,,,,0,0,0,normal
03168557599,기타,2026-08-11 20:48:00,20.0,0,0,0,,0,0,,,1,2.56,0,,,,,,,0,0,0,normal
01020583595,010,2026-12-13 23:41:00,23.0,1,1,1,11.76,1,0,,,0,,0,,,,,,,0,0,0,normal
024285212,02(서울 유선),2026-02-07 04:37:00,4.0,0,0,0,,0,0,,,0,,0,,,,,,,0,0,0,normal
0265235589,02(서울 유선),2026-12-07 01:19:00,1.0,0,0,0,,0,1,0.0,1.0,1,69.03,0,,,,,,,0,0,0,normal
0089329865,00X(국제),2026-05-21 12:31:00,12.0,1,0,0,,0,1,1.0,1.0,0,,0,,,,,,,1,0,0,normal
01004806757,010,2026-03-10 05:28:00,5.0,1,1,1,27.16,1,1,0.0,1.0,0,,0,,,,,,,0,0,0,normal
01089539264,010,2026-08-03 11:03:00,11.0,0,1,0,,1,1,0.0,1.0,1,238.62,0,,,,,,,0,0,0,normal
01041225011,010,2026-05-02 06:52:00,6.0,1,1,1,842.83,1,1,0.0,1.0,0,,0,,,,,,,0,0,0,normal
15066602,특번,2026-12-28 04:24:00,4.0,0,0,0,,0,1,0.0,1.0,1,43.88,0,,,,,,,0,1,0,normal
01003800619,010,2026-09-02 00:35:00,0.0,0,1,1,12.34,1,1,0.0,1.0,0,,0,,,,,,,0,0,0,normal
01008573469,010,2026-11-14 00:24:00,0.0,1,1,1,2.31,1,0,,,0,,0,,,,,,,0,0,0,normal
15888000,특번,2026-07-06 04:15:00,4.0,0,0,0,,0,0,,,1,236.05,0,,,,,,,0,0,0,normal
18000678,특번,2026-11-29 05:13:00,5.0,1,0,0,,0,0,,,0,,0,,,,,,,0,0,0,normal
01032578908,010,2026-09-01 22:20:00,22.0,1,1,1,311.77,1,0,,,0,,1,1.0,0.0,,,,,0,0,0,normal
01010785778,010,2026-07-24 20:26:00,20.0,0,1,1,2.88,0,0,,,1,3.05,0,,,,,,,0,0,0,normal
15999999,특번,2026-10-16 15:30:00,15.0,0,0,0,,0,0,,,0,,0,,,,,,,0,0,0,normal
15778000,특번,2026-11-07 08:21:00,8.0,1,0,0,,0,1,0.0,1.0,0,,0,,,,,,,0,0,0,normal
15999999,특번,2026-08-10 12:10:00,12.0,0,1,1,2.35,0,0,,,0,,0,,,,,,,0,0,0,normal
15887000,특번,2026-06-29 18:59:00,18.0,0,1,0,,0,1,0.0,1.0,0,,0,,,,,,,0,0,0,normal
08055641,기타,2026-01-04 18:09:00,18.0,0,0,0,,0,0,,,0,,1,1.0,0.0,,,,,0,0,0,normal
15888801,특번,2026-03-13 14:36:00,14.0,1,0,0,,0,0,,,0,,0,,,,,,,0,0,0,normal
06160307991,기타,2026-09-15 04:57:00,4.0,0,0,0,,0,0,,,0,,1,1.0,0.0,,,,,0,0,0,normal
003039117182,00X(국제),2026-10-09 16:10:00,16.0,0,0,1,352.31,0,1,1.0,0.0,1,352.25,0,,,,,,,1,1,1,institution
01073149266,010,2026-09-09 13:28:00,13.0,1,0,0,,0,0,,,0,,0,,,,,,,0,1,1,loan
05234293064,기타,2026-10-05 18:33:00,18.0,1,0,0,,0,0,,,0,,0,,,,,,,0,0,0,normal
01095492876,010,2026-12-07 12:27:00,12.0,1,1,0,,1,1,0.0,1.0,0,,0,,,,,,,0,0,0,normal
15991900,특번,2026-08-17 05:08:00,5.0,0,0,0,,0,0,,,0,,0,,,,,,,0,0,0,normal
15448527,특번,2026-10-15 16:39:00,16.0,0,0,0,,0,1,0.0,1.0,0,,0,,,,,,,0,0,0,normal
16446000,특번,2026-10-22 01:55:00,1.0,1,0,0,,0,1,0.0,1.0,0,,0,,,,,,,0,1,0,normal
16705989,특번,2026-11-04 13:04:00,13.0,0,0,0,,0,1,0.0,1.0,0,,1,1.0,0.0,,,,,0,0,0,normal
15888801,특번,2026-10-17 10:38:00,10.0,0,0,0,,0,1,0.0,1.0,0,,0,,,,,,,0,0,0,normal
01060422325,010,2026-06-30 06:19:00,6.0,1,1,1,36.46,1,1,0.0,1.0,0,,0,,,,,,,0,0,0,normal
03180751228,기타,2026-10-22 01:10:00,1.0,1,0,0,,0,0,,,0,,0,,,,,,,0,0,0,normal
15666000,특번,2026-02-15 18:56:00,18.0,0,0,0,,0,0,,,1,798.38,0,,,,,,,0,0,0,normal
05592383680,기타,2026-11-07 09:09:00,9.0,0,0,0,,0,0,,,0,,0,,,,,,,0,0,0,normal
01041245277,010,2026-01-26 19:28:00,19.0,0,1,1,526.73,1,1,0.0,1.0,0,,0,,,,,,,0,0,0,normal
15991111,특번,2026-01-04 13:10:00,13.0,0,0,0,,0,0,,,0,,0,,,,,,,0,0,0,normal
15064739,특번,2026-01-18 19:39:00,19.0,1,0,0,,0,0,,,0,,1,1.0,0.0,,,,,0,0,0,normal
01003608164,010,2026-03-17 03:52:00,3.0,1,1,1,80.52,1,0,,,0,,0,,,,,,,0,0,0,normal
01014644214,010,2026-06-30 19:57:00,19.0,0,1,1,134.7,1,1,0.0,1.0,0,,0,,,,,,,0,0,0,normal
16446000,특번,2026-04-06 00:57:00,0.0,0,0,0,,0,0,,,0,,0,,,,,,,0,0,0,normal
15443030,특번,2026-02-27 19:26:00,19.0,0,0,0,,0,1,1.0,1.0,0,,0,,,,,,,0,0,0,normal
03090508495,기타,2026-03-05 10:31:00,10.0,0,0,1,8.27,0,1,0.0,1.0,0,,0,,,,,,,0,0,0,normal
16663060,특번,2026-08-12 21:09:00,21.0,0,0,0,,0,1,0.0,1.0,0,,0,,,,,,,0,0,0,normal
01005819836,010,2026-09-24 07:29:00,7.0,0,1,1,115.97,1,0,,,0,,0,,,,,,,0,0,0,normal
15990011,특번,2026-01-09 07:49:00,7.0,0,0,0,,0,1,0.0,1.0,0,,1,1.0,0.0,,,,,0,0,0,normal
01013014948,010,2026-01-26 00:39:00,0.0,0,1,1,79.42,1,0,,,0,,0,,,,,,,0,0,0,normal
15881111,특번,2026-06-27 06:03:00,6.0,0,0,0,,0,0,,,0,,0,,,,,,,0,0,0,normal
15991900,특번,2026-11-04 04:01:00,4.0,0,0,1,147.1,0,0,,,0,,0,,,,,,,0,0,0,normal
022886230,02(서울 유선),2026-11-11 13:28:00,13.0,1,0,0,,0,0,,,0,,1,1.0,0.0,,,,,0,0,0,normal
01084168784,010,2026-03-28 12:22:00,12.0,0,1,0,,1,0,,,0,,1,1.0,0.0,,,,,0,0,0,normal
15888585,특번,2026-05-19 03:14:00,3.0,0,0,0,,0,1,0.0,1.0,1,35.62,0,,,,,,,0,0,0,normal
01098014768,010,2026-05-31 20:05:00,20.0,1,1,0,,1,1,0.0,1.0,0,,0,,,,,,,0,0,0,normal
15886565,특번,2026-07-31 05:55:00,5.0,0,0,0,,0,0,,,1,3.71,0,,,,,,,0,0,0,normal
01047771631,010,2026-08-19 00:38:00,0.0,0,1,0,,1,1,0.0,1.0,0,,0,,,,,,,0,0,0,normal
15885000,특번,2026-09-11 16:28:00,16.0,1,0,0,,0,1,0.0,1.0,0,,0,,,,,,,0,0,0,normal
01052035191,010,2026-09-11 02:46:00,2.0,1,1,1,48.2,1,1,0.0,1.0,0,,0,,,,,,,0,0,0,normal
15881900,특번,2026-09-08 15:34:00,15.0,0,0,0,,0,1,0.0,1.0,0,,0,,,,,,,0,0,0,normal
15661277,특번,2026-11-14 23:19:00,23.0,0,0,0,,0,1,0.0,1.0,0,,0,,,,,,,0,0,0,normal
01007923285,010,2026-05-28 17:30:00,17.0,0,1,1,6.21,1,0,,,0,,0,,,,,,,0,0,0,normal
0223461087,02(서울 유선),2026-08-21 13:54:00,13.0,0,0,0,,0,0,,,0,,0,,,,,,,0,0,0,normal
16617654,특번,2026-03-07 05:23:00,5.0,0,0,1,27.53,0,1,0.0,1.0,0,,1,1.0,0.0,,,,,0,0,0,normal
16006200,특번,2026-10-25 12:53:00,12.0,0,0,0,,0,1,0.0,1.0,0,,0,,,,,,,0,1,0,normal
0080898126574,00X(국제),2026-04-15 19:44:00,19.0,0,0,0,,0,1,1.0,1.0,0,,1,1.0,0.0,,,,,1,0,0,normal
01004093242,010,2026-07-21 17:27:00,17.0,1,0,0,,1,1,1.0,1.0,0,,0,,,,,,,0,0,0,normal
01068757412,010,2026-05-07 11:24:00,11.0,1,1,1,48.98,1,0,,,0,,0,,,,,,,0,0,0,normal
15448527,특번,2026-12-29 20:48:00,20.0,1,0,0,,0,0,,,0,,0,,,,,,,0,0,0,normal
15881900,특번,2026-06-27 13:23:00,13.0,1,0,1,11.78,0,0,,,0,,1,1.0,0.0,,,,,0,0,0,normal
15444200,특번,2026-01-17 18:05:00,18.0,1,0,1,28.7,0,1,0.0,1.0,0,,0,,,,,,,0,1,0,normal
01063700796,010,2026-06-04 01:11:00,1.0,0,1,1,3.01,1,1,0.0,1.0,1,416.51,0,,,,,,,0,0,0,normal
15666000,특번,2026-08-25 01:04:00,1.0,0,0,1,15.82,0,0,,,1,54.94,0,,,,,,,0,0,0,normal
0243331293,02(서울 유선),2026-10-05 10:56:00,10.0,1,0,0,,0,1,0.0,1.0,0,,0,,,,,,,0,1,0,normal
01054616794,010,2026-10-27 15:38:00,15.0,1,1,1,2.57,1,0,,,0,,0,,,,,,,0,0,0,normal
15661277,특번,2026-01-15 06:53:00,6.0,0,0,0,,0,0,,,0,,0,,,,,,,0,0,0,normal
15777011,특번,2026-10-28 19:35:00,19.0,0,0,0,,0,0,,,1,181.98,1,1.0,0.0,,,,,0,0,0,normal
03180751228,기타,2026-04-08 06:51:00,6.0,1,0,0,,0,1,0.0,1.0,0,,0,,,,,,,0,0,0,normal
16706250,특번,2026-06-26 23:14:00,23.0,1,0,0,,0,1,1.0,1.0,0,,0,,,,,,,0,0,0,normal
15991111,특번,2026-08-06 07:39:00,7.0,0,0,0,,0,1,1.0,1.0,0,,0,,,,,,,0,0,0,normal
07008905836,070(인터넷전화),2026-11-02 14:37:00,14.0,0,0,0,,0,0,,,0,,1,1.0,0.0,,,,,0,0,0,normal
15666000,특번,2026-02-15 00:24:00,0.0,0,0,0,,0,0,,,0,,0,,,,,,,0,0,0,normal
01016781288,010,2026-06-27 04:47:00,4.0,0,1,1,51.81,1,0,,,0,,0,,,,,,,0,0,0,normal
15889999,특번,2026-07-02 19:07:00,19.0,0,0,0,,0,1,0.0,1.0,0,,0,,,,,,,0,0,0,normal
16446000,특번,2026-04-27 15:33:00,15.0,0,0,0,,0,1,0.0,1.0,0,,0,,,,,,,0,0,0,normal
15444200,특번,2026-02-15 19:51:00,19.0,0,0,1,24.66,0,0,,,1,42.35,1,1.0,0.0,,,,,0,0,0,normal
0423317505,기타,2026-11-08 22:26:00,22.0,0,0,1,13.69,0,0,,,0,,0,,,,,,,0,0,0,normal
15991900,특번,2026-02-14 07:08:00,7.0,1,0,0,,0,0,,,0,,1,1.0,0.0,,,,,0,0,0,normal
01025947950,010,2026-11-15 23:40:00,23.0,0,1,0,,0,0,,,0,,0,,,,,,,0,0,0,normal
01004481773,010,2026-10-28 12:18:00,12.0,1,0,0,,1,1,0.0,1.0,0,,0,,,,,,,0,0,0,normal
03180751228,기타,2026-07-01 04:05:00,4.0,1,0,0,,0,1,0.0,1.0,0,,0,,,,,,,0,0,0,normal
16446000,특번,2026-10-19 02:56:00,2.0,0,0,0,,0,1,0.0,1.0,0,,0,,,,,,,0,0,0,normal
01065456566,010,2026-06-10 23:42:00,23.0,1,1,1,53.59,1,0,,,0,,1,1.0,0.0,,,,,0,0,0,normal
15440080,특번,2026-04-22 22:05:00,22.0,0,0,1,83.83,0,0,,,0,,0,,,,,,,0,0,0,normal
01044944748,010,2026-08-10 04:42:00,4.0,0,1,1,1637.63,1,1,0.0,1.0,0,,1,1.0,0.0,,,,,0,0,0,normal
15886565,특번,2026-02-16 19:23:00,19.0,0,0,1,18.01,0,0,,,0,,0,,,,,,,0,0,0,normal
15443002,특번,2026-08-27 04:20:00,4.0,1,0,0,,0,0,,,0,,0,,,,,,,0,0,0,normal
01049998279,010,2026-09-20 06:45:00,6.0,1,1,1,12.53,1,1,0.0,1.0,0,,1,1.0,0.0,,,,,0,0,0,normal
16926218,특번,2026-04-26 02:21:00,2.0,1,0,0,,0,1,1.0,1.0,0,,0,,,,,,,0,0,0,normal
01058841834,010,2026-06-08 22:16:00,22.0,0,1,1,2.84,1,1,0.0,1.0,0,,0,,,,,,,0,0,0,normal
15443800,특번,2026-09-09 01:50:00,1.0,1,0,0,,0,0,,,0,,0,,,,,,,0,1,0,normal
01069920666,010,2026-02-22 22:01:00,22.0,1,1,1,1.94,1,1,0.0,1.0,0,,0,,,,,,,0,0,0,normal
01082913539,010,2026-07-18 08:02:00,8.0,1,1,1,387.97,1,0,,,0,,1,1.0,0.0,,,,,0,0,0,normal
15998000,특번,2026-08-19 08:19:00,8.0,1,0,0,,0,0,,,0,,0,,,,,,,0,0,0,normal
16617654,특번,2026-12-26 22:53:00,22.0,0,0,1,3.5,0,1,0.0,1.0,0,,0,,,,,,,0,0,0,normal
025960087,02(서울 유선),2026-10-22 07:29:00,7.0,0,0,0,,0,0,,,1,45.75,0,,,,,,,0,0,0,normal
15882001,특번,2026-02-10 06:34:00,6.0,1,0,0,,0,0,,,0,,1,1.0,0.0,,,,,0,0,0,normal
01050114747,010,2026-05-09 12:17:00,12.0,0,1,1,3.69,1,0,,,1,16.88,1,1.0,0.0,,,,,0,0,0,normal
01038081813,010,2026-12-11 05:27:00,5.0,1,1,1,7.33,0,1,0.0,1.0,0,,1,1.0,0.0,,,,,0,0,0,normal
0258839062,02(서울 유선),2026-07-22 08:30:00,,1,0,0,,0,0,,,0,,1,0.0,0.0,,,,,0,1,1,etc
15883500,특번,2026-10-30 11:17:00,11.0,0,0,0,,0,1,0.0,1.0,0,,0,,,,,,,0,0,0,normal
01060338223,010,2026-05-01 17:47:00,17.0,0,1,1,42.17,1,1,0.0,1.0,1,301.49,1,1.0,0.0,,,,,0,0,0,normal
15888585,특번,2026-02-24 12:32:00,12.0,0,0,0,,0,0,,,1,46.63,1,1.0,0.0,,,,,0,0,0,normal
15883651,특번,2026-03-10 04:01:00,4.0,0,0,0,,0,0,,,0,,1,1.0,0.0,,,,,0,0,0,normal
15880037,특번,2026-03-08 16:20:00,16.0,0,0,0,,0,1,0.0,1.0,1,3.01,0,,,,,,,0,0,0,normal
16705989,특번,2026-06-11 04:28:00,4.0,0,0,0,,0,0,,,0,,1,1.0,0.0,,,,,0,0,0,normal
15885000,특번,2026-06-24 19:26:00,19.0,1,0,0,,0,0,,,0,,0,,,,,,,0,0,0,normal
16004000,특번,2026-06-05 09:10:00,9.0,0,0,0,,0,0,,,0,,0,,,,,,,0,0,0,normal
01098778941,010,2026-09-10 16:32:00,16.0,1,1,1,61.35,1,1,0.0,1.0,0,,0,,,,,,,0,0,0,normal
01066746493,010,2026-04-08 20:21:00,20.0,0,1,1,70.04,1,1,0.0,1.0,0,,0,,,,,,,0,0,0,normal
0262752275,02(서울 유선),2026-05-19 08:54:00,8.0,0,0,0,,0,1,1.0,1.0,0,,0,,,,,,,0,1,0,normal
15444200,특번,2026-03-26 13:48:00,13.0,0,0,1,5.72,0,0,,,0,,0,,,,,,,0,0,0,normal
15221155,특번,2026-07-27 12:51:00,12.0,0,0,0,,0,0,,,0,,0,,,,,,,0,0,0,normal
01079975261,010,2026-08-19 00:54:00,0.0,0,1,0,,1,0,,,0,,0,,,,,,,0,0,0,normal
0224421829,02(서울 유선),2026-12-14 04:18:00,4.0,0,0,0,,0,0,,,0,,0,,,,,,,0,0,0,normal
15880079,특번,2026-09-29 14:58:00,14.0,0,0,0,,0,0,,,0,,0,,,,,,,0,0,0,normal
16705989,특번,2026-02-07 03:21:00,3.0,1,0,0,,0,1,0.0,1.0,0,,1,1.0,0.0,,,,,0,0,0,normal
15771000,특번,2026-09-30 16:09:00,16.0,0,0,1,24.3,0,1,0.0,1.0,0,,0,,,,,,,0,0,0,normal
16705989,특번,2026-05-10 16:47:00,16.0,0,0,0,,0,1,0.0,1.0,0,,0,,,,,,,0,0,0,normal
15669009,특번,2026-09-16 21:01:00,21.0,0,0,0,,0,1,1.0,1.0,0,,0,,,,,,,0,0,0,normal
05124496163,기타,2026-08-22 02:43:00,2.0,0,0,0,,0,1,0.0,1.0,0,,1,1.0,0.0,,,,,0,0,0,normal
15888377,특번,2026-08-22 01:27:00,1.0,0,0,0,,0,0,,,0,,0,,,,,,,0,0,0,normal
01057290321,010,2026-11-09 23:44:00,23.0,0,1,1,2.74,0,0,,,0,,1,1.0,0.0,,,,,0,0,0,normal
070295338,070(인터넷전화),2026-10-07 10:03:00,10.0,0,0,0,,0,0,,,0,,0,,,,,,,0,1,0,normal
01079412325,010,2026-08-09 06:20:00,6.0,0,1,1,89.89,1,1,0.0,1.0,0,,1,1.0,0.0,,,,,0,0,0,normal
15221000,특번,2026-10-24 10:58:00,10.0,0,0,0,,0,0,,,1,107.86,0,,,,,,,0,0,0,normal
15666000,특번,2026-11-05 08:29:00,8.0,0,0,1,3.06,0,0,,,0,,0,,,,,,,0,0,0,normal
04254308132,기타,2026-04-20 07:06:00,7.0,0,0,0,,0,1,0.0,1.0,0,,0,,,,,,,0,0,0,normal
15889999,특번,2026-06-22 12:55:00,12.0,0,0,0,,0,0,,,0,,0,,,,,,,0,0,0,normal
15440010,특번,2026-12-09 09:30:00,9.0,1,0,0,,0,0,,,0,,1,1.0,0.0,,,,,0,0,0,normal
15665050,특번,2026-03-04 00:32:00,0.0,0,0,1,42.21,0,1,0.0,1.0,0,,0,,,,,,,0,0,0,normal
01027470465,010,2026-11-25 18:37:00,18.0,0,1,0,,1,1,0.0,1.0,1,42.33,0,,,,,,,0,0,0,normal
15999999,특번,2026-06-22 03:01:00,3.0,0,0,0,,0,1,0.0,1.0,0,,0,,,,,,,0,0,0,normal
15886565,특번,2026-06-29 16:09:00,16.0,0,0,0,,0,0,,,1,30.53,0,,,,,,,0,0,0,normal
01083063443,010,2026-12-23 18:33:00,18.0,0,1,1,35.97,1,0,,,0,,1,1.0,0.0,,,,,0,0,0,normal
18000678,특번,2026-07-08 00:37:00,0.0,0,0,0,,0,0,,,1,67.46,0,,,,,,,0,0,0,normal
15662566,특번,2026-04-15 18:29:00,18.0,0,0,0,,0,0,,,0,,1,1.0,0.0,,,,,0,0,0,normal
15886200,특번,2026-12-30 21:52:00,21.0,0,0,0,,0,1,0.0,1.0,1,204.09,0,,,,,,,0,0,0,normal
023370415,02(서울 유선),2026-11-12 01:06:00,1.0,0,0,0,,0,0,,,1,11.9,1,1.0,0.0,,,,,0,0,0,normal
01018279840,010,2026-09-25 10:30:00,10.0,0,1,1,55.49,1,0,,,0,,0,,,,,,,0,0,0,normal
15886200,특번,2026-09-04 18:07:00,18.0,0,0,0,,1,1,0.0,1.0,1,10.15,0,,,,,,,0,0,0,normal
16705989,특번,2026-04-08 02:34:00,2.0,1,0,0,,0,0,,,0,,0,,,,,,,0,0,0,normal
15887270,특번,2026-01-08 20:23:00,20.0,0,0,0,,0,1,0.0,1.0,0,,1,1.0,0.0,,,,,0,0,0,normal
15885050,특번,2026-06-29 19:27:00,19.0,0,0,0,,0,0,,,1,117.46,0,,,,,,,0,0,0,normal
15990011,특번,2026-04-11 11:40:00,11.0,0,0,0,,0,1,0.0,1.0,0,,1,1.0,0.0,,,,,0,0,0,normal
16706250,특번,2026-01-26 04:35:00,4.0,0,0,0,,0,1,0.0,1.0,0,,1,1.0,0.0,,,,,0,0,0,normal
01093706272,010,2026-06-14 10:11:00,10.0,0,1,0,,1,1,0.0,1.0,0,,0,,,,,,,0,0,0,normal
01099593116,010,2026-05-17 05:34:00,5.0,1,1,1,3.8,1,1,1.0,1.0,0,,0,,,,,,,0,0,0,normal
0005384444630,00X(국제),2026-10-29 20:54:00,20.0,0,0,0,,0,0,,,0,,0,,,,,,,1,0,0,normal
15998500,특번,2026-01-26 00:12:00,0.0,0,0,1,59.93,0,0,,,0,,0,,,,,,,0,0,0,normal
15443800,특번,2026-04-27 04:34:00,4.0,1,0,0,,0,1,0.0,1.0,0,,0,,,,,,,0,1,0,normal
15881599,특번,2026-12-13 22:15:00,22.0,0,0,0,,0,0,,,1,23.26,1,1.0,0.0,,,,,0,0,0,normal
030459211857,기타,2026-05-06 21:56:00,21.0,0,0,1,34.98,0,0,,,0,,0,,,,,,,0,0,0,normal
01021489040,010,2026-02-28 00:40:00,0.0,0,1,0,,1,0,,,1,5.58,0,,,,,,,0,0,0,normal
15883388,특번,2026-10-14 22:28:00,22.0,0,0,0,,0,0,,,0,,1,1.0,0.0,,,,,0,0,0,normal
15999000,특번,2026-11-04 12:02:00,12.0,0,0,1,124.21,0,1,0.0,1.0,0,,0,,,,,,,0,0,0,normal
01090545173,010,2026-10-04 13:12:00,13.0,0,1,0,,1,1,0.0,1.0,1,4.41,0,,,,,,,0,0,0,normal
01014547054,010,2026-06-30 20:03:00,20.0,0,1,0,,1,0,,,0,,1,1.0,0.0,,,,,0,0,0,normal
01045273536,010,2026-08-15 21:08:00,21.0,0,1,1,3.38,1,1,0.0,0.0,0,,1,1.0,0.0,,,,,0,0,0,normal
15885050,특번,2026-09-17 02:15:00,2.0,0,0,0,,0,1,0.0,1.0,0,,1,1.0,0.0,,,,,0,0,0,normal
15999000,특번,2026-11-23 21:17:00,21.0,0,0,0,,0,0,,,0,,0,,,,,,,0,0,0,normal
01036907064,010,2026-12-25 14:34:00,14.0,0,1,0,,1,0,,,0,,1,1.0,0.0,,,,,0,0,0,normal
15221155,특번,2026-12-09 06:14:00,6.0,1,0,0,,0,0,,,0,,0,,,,,,,0,0,0,normal
15883500,특번,2026-12-24 23:20:00,23.0,0,0,0,,0,1,0.0,1.0,0,,0,,,,,,,0,0,0,normal
15440080,특번,2026-01-02 01:45:00,1.0,1,0,1,10.23,0,1,0.0,1.0,0,,0,,,,,,,0,0,0,normal
15440010,특번,2026-06-22 13:42:00,13.0,0,0,0,,0,0,,,0,,0,,,,,,,0,0,0,normal
15991900,특번,2026-08-14 09:23:00,9.0,0,0,0,,0,0,,,0,,0,,,,,,,0,0,0,normal
0547168936,기타,2026-06-25 00:36:00,0.0,0,0,0,,0,1,0.0,1.0,0,,0,,,,,,,0,0,0,normal
16612207,특번,2026-09-23 04:38:00,4.0,0,0,0,,0,0,,,0,,1,1.0,0.0,,,,,0,0,0,normal
01070307817,010,2026-11-05 14:48:00,14.0,0,1,1,34.2,0,1,0.0,1.0,0,,1,1.0,0.0,,,,,0,0,0,normal
16617654,특번,2026-06-07 03:35:00,3.0,0,0,1,7.33,0,0,,,0,,0,,,,,,,0,0,0,normal
16617654,특번,2026-02-27 14:43:00,14.0,0,0,0,,0,0,,,0,,1,1.0,0.0,,,,,0,0,0,normal
15883388,특번,2026-05-25 04:44:00,4.0,1,0,0,,0,1,0.0,1.0,0,,0,,,,,,,0,0,0,normal
01064560595,010,2026-10-20 20:26:00,20.0,0,1,1,1.34,1,0,,,0,,0,,,,,,,0,0,0,normal
16445425,특번,2026-02-05 22:54:00,22.0,1,0,1,0.65,0,1,0.0,1.0,0,,1,1.0,0.0,,,,,0,0,0,normal
000037177588,00X(국제),2026-09-11 22:57:00,22.0,0,0,1,76.09,0,1,0.0,1.0,1,61.18,0,,,,,,,1,0,0,normal
15664295,특번,2026-06-13 13:03:00,13.0,0,0,0,,0,0,,,1,443.37,1,1.0,0.0,,,,,0,0,0,normal
15990903,특번,2026-10-28 04:11:00,4.0,0,0,0,,0,0,,,1,1.2,0,,,,,,,0,1,0,normal
15990011,특번,2026-10-09 04:50:00,4.0,1,0,0,,0,0,,,0,,0,,,,,,,0,1,0,normal
025669998,02(서울 유선),2026-06-30 05:18:00,5.0,0,0,0,,0,0,,,1,1.51,0,,,,,,,0,0,0,normal
01098959814,010,2026-01-09 18:43:00,18.0,0,1,1,69.94,1,1,0.0,0.0,1,7.73,1,1.0,0.0,,,,,0,0,0,normal
15666000,특번,2026-04-09 21:29:00,21.0,0,0,0,,0,0,,,0,,0,,,,,,,0,0,0,normal
15990903,특번,2026-05-11 04:25:00,4.0,0,0,0,,0,1,0.0,1.0,0,,0,,,,,,,0,0,0,normal
18116688,특번,2026-03-14 07:17:00,7.0,0,0,1,8.09,0,0,,,0,,1,1.0,0.0,,,,,0,0,0,normal
15887000,특번,2026-03-14 19:46:00,19.0,0,0,1,2.66,0,1,0.0,1.0,0,,1,1.0,0.0,,,,,0,0,0,normal
15666000,특번,2026-01-24 12:07:00,12.0,0,0,0,,0,1,0.0,1.0,1,114.05,0,,,,,,,0,0,0,normal
15666000,특번,2026-09-15 18:37:00,18.0,1,0,0,,0,0,,,0,,0,,,,,,,0,0,0,normal
01084607491,010,2026-10-14 05:53:00,5.0,1,1,1,6.37,1,1,0.0,1.0,0,,0,,,,,,,0,0,0,normal
01061501860,010,2026-09-03 18:29:00,18.0,0,1,0,,1,0,,,0,,0,,,,,,,0,0,0,normal
16004000,특번,2026-10-03 09:45:00,9.0,0,0,0,,0,0,,,0,,1,1.0,0.0,,,,,0,0,0,normal
01005452280,010,2026-02-16 08:38:00,8.0,0,1,1,6.71,1,0,,,0,,0,,,,,,,0,0,0,normal
15999000,특번,2026-08-30 16:24:00,16.0,0,0,0,,0,0,,,0,,0,,,,,,,0,0,0,normal
16446000,특번,2026-03-18 10:20:00,10.0,1,0,0,,0,0,,,0,,0,,,,,,,0,0,0,normal
15883388,특번,2026-10-28 19:54:00,19.0,0,0,0,,1,1,0.0,1.0,0,,0,,,,,,,0,0,0,normal
15566910,특번,2026-10-09 06:48:00,6.0,0,0,0,,0,1,0.0,1.0,0,,0,,,,,,,0,0,0,normal
15448527,특번,2026-02-13 10:51:00,10.0,1,0,0,,0,1,0.0,1.0,0,,0,,,,,,,0,0,0,normal
01028196482,010,2026-08-23 18:25:00,18.0,0,1,1,9.2,1,1,0.0,1.0,1,28.64,0,,,,,,,0,0,0,normal
01050757644,010,2026-10-01 22:47:00,22.0,0,1,1,49.97,1,1,0.0,1.0,0,,0,,,,,,,0,0,0,normal
15882001,특번,2026-12-13 12:44:00,12.0,0,0,0,,0,0,,,0,,0,,,,,,,0,0,0,normal
15880037,특번,2026-04-19 17:40:00,17.0,1,0,0,,0,0,,,0,,0,,,,,,,0,0,0,normal
01056931860,010,2026-11-13 20:46:00,20.0,1,1,1,5.72,1,0,,,0,,0,,,,,,,0,0,0,normal
15882001,특번,2026-07-11 01:17:00,1.0,1,0,0,,0,1,0.0,1.0,0,,1,1.0,0.0,,,,,0,0,0,normal
15887270,특번,2026-06-22 00:38:00,0.0,1,1,0,,0,0,,,0,,0,,,,,,,0,0,0,normal
01046120584,010,2026-07-24 21:31:00,21.0,0,1,1,44.69,1,1,0.0,1.0,0,,0,,,,,,,0,0,0,normal
01080874592,010,2026-03-12 10:13:00,10.0,1,1,0,,1,1,0.0,1.0,0,,0,,,,,,,0,0,0,normal
15999999,특번,2026-11-07 02:45:00,2.0,1,0,0,,0,0,,,0,,0,,,,,,,0,0,0,normal
15990903,특번,2026-10-25 12:15:00,12.0,0,0,0,,0,1,0.0,1.0,0,,0,,,,,,,0,0,0,normal
01052704369,010,2026-05-14 09:41:00,9.0,0,1,1,7.15,1,1,0.0,1.0,0,,0,,,,,,,0,0,0,normal
15446200,특번,2026-04-28 05:39:00,5.0,1,0,0,,0,0,,,0,,1,1.0,0.0,,,,,0,0,0,normal
15443082,특번,2026-04-19 16:26:00,16.0,0,0,0,,0,0,,,0,,1,1.0,0.0,,,,,0,0,0,normal
15998000,특번,2026-06-11 15:39:00,15.0,0,0,0,,0,0,,,0,,1,1.0,0.0,,,,,0,0,0,normal
01070774544,010,2026-12-16 16:56:00,16.0,1,1,1,79.17,0,0,,,0,,0,,,,,,,0,0,0,normal
080312797,기타,2026-08-25 13:57:00,13.0,1,0,0,,0,0,,,0,,0,,,,,,,0,0,0,normal
026724200,02(서울 유선),2026-04-30 12:53:00,12.0,1,0,0,,0,0,,,0,,0,,,,,,,0,0,0,normal
15660123,특번,2026-08-18 16:18:00,16.0,0,0,0,,0,0,,,0,,0,,,,,,,0,0,0,normal
03180219341,기타,2026-08-31 12:16:00,12.0,1,0,0,,0,0,,,0,,0,,,,,,,0,0,0,normal
15887000,특번,2026-12-12 02:05:00,2.0,0,0,0,,0,1,0.0,1.0,0,,0,,,,,,,0,0,0,normal
01076810248,010,2026-01-11 20:49:00,20.0,1,1,1,31.33,1,0,,,0,,1,1.0,0.0,,,,,0,0,0,normal
01022144267,010,2026-06-27 22:13:00,22.0,1,1,1,4.72,1,0,,,0,,1,1.0,0.0,,,,,0,0,0,normal
01049075399,010,2026-06-20 06:36:00,6.0,0,1,0,,1,0,,,0,,0,,,,,,,0,0,0,normal
15886200,특번,2026-08-17 22:17:00,22.0,0,0,0,,0,0,,,0,,0,,,,,,,0,0,0,normal
16888114,특번,2026-06-05 05:42:00,5.0,1,0,0,,0,1,0.0,1.0,0,,0,,,,,,,0,0,0,normal
15881111,특번,2026-01-25 06:38:00,6.0,0,0,0,,0,0,,,0,,0,,,,,,,0,0,0,normal
01059660487,010,2026-06-20 22:00:00,22.0,0,1,0,,1,1,0.0,1.0,1,9.48,0,,,,,,,0,0,0,normal
01083109035,010,2026-09-09 04:37:00,4.0,0,1,1,53.04,1,0,,,1,3.62,0,,,,,,,0,0,0,normal
16613000,특번,2026-08-20 01:11:00,1.0,1,0,0,,0,0,,,0,,0,,,,,,,0,0,0,normal
01078018204,010,2026-05-30 20:42:00,20.0,0,1,1,52.77,1,0,,,0,,1,1.0,0.0,,,,,0,0,0,normal
15885050,특번,2026-05-28 11:28:00,11.0,0,0,0,,0,0,,,0,,0,,,,,,,0,0,0,normal
01030784908,010,2026-05-12 16:42:00,16.0,1,1,1,84.41,0,1,0.0,1.0,0,,1,1.0,0.0,,,,,0,0,0,normal
15448527,특번,2026-06-26 14:37:00,14.0,0,0,0,,0,1,0.0,1.0,0,,0,,,,,,,0,0,0,normal
15887000,특번,2026-10-09 01:28:00,1.0,0,0,0,,0,0,,,0,,0,,,,,,,0,0,0,normal
0624160113,기타,2026-04-22 19:43:00,19.0,1,0,0,,0,0,,,0,,0,,,,,,,0,0,0,normal
01034689270,010,2026-07-16 23:00:00,23.0,0,1,1,2.42,1,0,,,0,,0,,,,,,,0,0,0,normal
01058198708,010,2026-12-31 16:21:00,16.0,0,1,0,,1,0,,,0,,0,,,,,,,0,0,0,normal
01066103821,010,2026-03-28 13:54:00,13.0,0,1,0,,1,1,0.0,1.0,0,,1,1.0,0.0,,,,,0,0,0,normal
15880010,특번,2026-09-09 10:33:00,10.0,0,0,0,,0,1,0.0,1.0,0,,0,,,,,,,0,0,0,normal
15440080,특번,2026-06-03 11:09:00,11.0,0,0,0,,0,1,0.0,1.0,0,,0,,,,,,,0,0,0,normal
0625603362,기타,2026-01-07 04:02:00,4.0,1,0,0,,0,1,0.0,1.0,0,,1,1.0,1.0,,,,,0,0,0,normal
15885050,특번,2026-02-18 13:33:00,13.0,0,0,0,,0,0,,,0,,0,,,,,,,0,0,0,normal
03180219341,기타,2026-08-09 12:46:00,12.0,0,0,0,,0,1,0.0,1.0,0,,0,,,,,,,0,0,0,normal
16617654,특번,2026-05-02 23:12:00,23.0,1,0,0,,0,1,0.0,1.0,0,,1,1.0,0.0,,,,,0,0,0,normal
006317718626,00X(국제),2026-10-23 22:06:00,22.0,1,0,0,,0,1,0.0,1.0,0,,0,,,,,,,1,0,0,normal
01094207937,010,2026-07-09 23:37:00,23.0,0,1,1,34.59,1,1,1.0,1.0,0,,0,,,,,,,0,0,0,normal
01087156891,010,2026-01-28 06:54:00,6.0,0,1,1,24.72,1,0,,,1,9.47,0,,,,,,,0,0,0,normal
0262752275,02(서울 유선),2026-08-08 11:33:00,11.0,1,0,0,,0,1,0.0,1.0,0,,0,,,,,,,0,0,0,normal
15990011,특번,2026-12-18 18:45:00,18.0,0,0,0,,0,0,,,0,,0,,,,,,,0,0,0,normal
01069656666,010,2026-06-03 19:16:00,19.0,1,1,1,210.81,1,0,,,0,,1,1.0,0.0,,,,,0,0,0,normal
15443800,특번,2026-05-05 23:12:00,23.0,0,0,0,,0,0,,,0,,0,,,,,,,0,0,0,normal
15883570,특번,2026-09-21 21:44:00,21.0,0,0,0,,0,1,1.0,1.0,0,,1,1.0,0.0,,,,,0,0,0,normal
01085403909,010,2026-07-07 17:45:00,17.0,1,1,0,,1,1,0.0,1.0,0,,0,,,,,,,0,0,0,normal
16008172,특번,2026-01-31 23:09:00,23.0,0,0,0,,0,1,0.0,1.0,0,,0,,,,,,,0,0,0,normal
15888585,특번,2026-08-06 04:27:00,4.0,1,0,0,,0,0,,,0,,0,,,,,,,0,0,0,normal
15888801,특번,2026-09-27 11:08:00,11.0,0,0,0,,0,0,,,1,43.59,1,1.0,0.0,,,,,0,0,0,normal
01037830639,010,2026-10-10 20:30:00,20.0,0,1,1,89.23,1,0,,,0,,1,1.0,0.0,,,,,0,0,0,normal
01023461504,010,2026-03-28 04:12:00,4.0,1,1,1,5.37,1,1,0.0,1.0,0,,0,,,,,,,0,0,0,normal
15883500,특번,2026-12-01 01:36:00,1.0,0,0,0,,0,0,,,0,,0,,,,,,,0,0,0,normal
0423317505,기타,2026-04-19 15:11:00,15.0,1,0,0,,0,1,0.0,1.0,0,,0,,,,,,,0,0,0,normal
16888114,특번,2026-07-29 15:03:00,15.0,0,0,0,,0,0,,,0,,0,,,,,,,0,0,0,normal
15778000,특번,2026-10-09 09:00:00,9.0,0,0,0,,0,1,0.0,1.0,1,13.79,1,1.0,0.0,,,,,0,0,0,normal
16008585,특번,2026-05-05 18:20:00,18.0,0,0,0,,0,0,,,0,,0,,,,,,,0,0,0,normal
15998500,특번,2026-04-10 00:25:00,0.0,1,0,0,,0,0,,,0,,0,,,,,,,0,0,0,normal
15991916,특번,2026-09-26 00:08:00,0.0,0,0,0,,0,1,0.0,1.0,0,,0,,,,,,,0,0,0,normal
15888801,특번,2026-05-18 18:00:00,18.0,0,0,0,,0,1,0.0,1.0,0,,0,,,,,,,0,0,0,normal
15443002,특번,2026-04-29 18:12:00,18.0,1,0,0,,0,1,0.0,1.0,0,,0,,,,,,,0,0,0,normal
15771000,특번,2026-08-19 08:42:00,8.0,0,0,0,,0,1,0.0,1.0,0,,0,,,,,,,0,0,0,normal
15664295,특번,2026-10-12 16:40:00,16.0,0,0,0,,0,0,,,0,,0,,,,,,,0,0,0,normal
16449999,특번,2026-02-22 11:10:00,11.0,0,0,0,,0,1,0.0,1.0,0,,0,,,,,,,0,0,0,normal
15661277,특번,2026-10-08 02:56:00,2.0,0,0,0,,0,1,0.0,1.0,0,,0,,,,,,,0,0,0,normal
15221155,특번,2026-09-22 02:08:00,2.0,0,0,0,,0,1,0.0,1.0,0,,0,,,,,,,0,0,0,normal
16705989,특번,2026-10-10 02:46:00,2.0,1,0,0,,0,0,,,0,,1,1.0,0.0,,,,,0,0,0,normal
01075137684,010,2026-03-23 19:09:00,19.0,0,1,0,,1,0,,,0,,0,,,,,,,0,0,0,normal
01099931914,010,2026-02-12 21:43:00,21.0,0,1,1,225.91,1,0,,,0,,0,,,,,,,0,0,0,normal
15886565,특번,2026-10-30 09:33:00,9.0,0,0,0,,0,1,0.0,1.0,1,9.8,1,1.0,0.0,,,,,0,0,0,normal
03180219341,기타,2026-01-27 22:55:00,22.0,0,0,0,,0,0,,,0,,0,,,,,,,0,0,0,normal
15443030,특번,2026-04-29 01:21:00,1.0,1,0,1,13.78,0,0,,,0,,1,1.0,0.0,,,,,0,0,0,normal
04167887287,기타,2026-07-18 16:10:00,16.0,0,0,0,,0,1,0.0,1.0,0,,0,,,,,,,0,0,0,normal
01018798785,010,2026-04-21 21:02:00,21.0,1,1,0,,1,1,0.0,1.0,0,,0,,,,,,,0,0,0,normal
01079605623,010,2026-06-07 23:08:00,23.0,0,1,0,,1,0,,,0,,0,,,,,,,0,0,0,normal
01016257510,010,2026-01-25 11:43:00,11.0,0,1,1,34.05,1,1,0.0,1.0,0,,0,,,,,,,0,0,0,normal
01040447501,010,2026-11-28 07:21:00,7.0,1,1,0,,1,1,0.0,1.0,0,,0,,,,,,,0,0,0,normal
01004716495,010,2026-07-07 03:57:00,3.0,1,1,0,,0,0,,,0,,0,,,,,,,0,0,0,normal
15446399,특번,2026-01-03 07:35:00,7.0,0,0,0,,0,0,,,0,,0,,,,,,,0,0,0,normal
15660123,특번,2026-01-25 10:28:00,10.0,1,0,0,,0,0,,,0,,1,1.0,0.0,,,,,0,0,0,normal
01072109074,010,2026-07-30 09:35:00,9.0,0,1,1,1.85,1,1,0.0,1.0,1,1.7,1,1.0,0.0,,,,,0,0,0,normal
01090296408,010,2026-04-03 01:56:00,1.0,0,1,1,89.8,1,0,,,1,26.87,0,,,,,,,0,0,0,normal
15886565,특번,2026-10-31 02:19:00,2.0,0,0,0,,0,0,,,0,,1,1.0,0.0,,,,,0,0,0,normal
15221000,특번,2026-03-09 00:11:00,0.0,1,0,0,,0,0,,,0,,0,,,,,,,0,0,0,normal
16004000,특번,2026-01-12 03:19:00,3.0,0,0,0,,0,1,0.0,1.0,0,,0,,,,,,,0,0,0,normal
01095034281,010,2026-02-17 13:32:00,13.0,0,1,1,42.86,1,0,,,0,,1,1.0,0.0,,,,,0,0,0,normal
15666000,특번,2026-12-02 12:04:00,12.0,0,0,0,,0,0,,,0,,0,,,,,,,0,1,0,normal
15880010,특번,2026-07-05 20:38:00,20.0,0,0,0,,0,0,,,0,,0,,,,,,,0,0,0,normal
01059556216,010,2026-06-06 07:58:00,7.0,0,1,1,7.12,1,0,,,0,,1,1.0,0.0,,,,,0,0,0,normal
15664295,특번,2026-01-12 00:25:00,0.0,0,0,0,,0,0,,,0,,0,,,,,,,0,0,0,normal
16705989,특번,2026-06-24 13:52:00,13.0,0,0,0,,0,1,0.0,1.0,0,,0,,,,,,,0,0,0,normal
01050006991,010,2026-09-11 09:24:00,9.0,0,1,1,428.31,1,0,,,1,8.5,1,1.0,0.0,,,,,0,0,0,normal
15221704,특번,2026-06-04 07:04:00,7.0,0,0,0,,0,1,0.0,1.0,1,35.36,0,,,,,,,0,0,0,normal
15990903,특번,2026-02-02 15:51:00,15.0,1,0,0,,0,1,0.0,1.0,0,,0,,,,,,,0,0,0,normal
01001039308,010,2026-12-15 01:27:00,1.0,0,1,1,11.08,1,0,,,0,,0,,,,,,,0,1,0,normal
01044527843,010,2026-01-01 01:21:00,1.0,1,1,1,4.8,1,1,0.0,1.0,0,,0,,,,,,,0,0,0,normal
16445425,특번,2026-03-19 07:06:00,7.0,0,1,0,,0,0,,,1,145.45,1,1.0,0.0,,,,,0,0,0,normal
16929622,특번,2026-05-12 16:30:00,16.0,1,0,0,,0,1,0.0,1.0,0,,1,1.0,0.0,,,,,0,0,0,normal
15662566,특번,2026-04-23 13:33:00,13.0,0,0,0,,0,1,0.0,1.0,0,,0,,,,,,,0,0,0,normal
15888000,특번,2026-03-08 09:19:00,9.0,1,0,0,,0,0,,,0,,1,1.0,0.0,,,,,0,0,0,normal
01045498367,010,2026-02-27 20:09:00,20.0,0,1,0,,1,1,0.0,1.0,0,,0,,,,,,,0,0,0,normal
16006200,특번,2026-01-12 12:19:00,12.0,1,0,0,,0,1,0.0,1.0,0,,0,,,,,,,0,0,0,normal
15885000,특번,2026-02-17 01:29:00,1.0,0,0,0,,0,1,0.0,1.0,0,,0,,,,,,,0,0,0,normal
15443082,특번,2026-01-30 07:11:00,7.0,1,0,0,,0,0,,,0,,1,1.0,0.0,,,,,0,0,0,normal
01059094798,010,2026-09-27 14:14:00,14.0,0,0,0,,0,1,1.0,0.0,1,1158.58,0,,,,,,,0,1,1,institution
15886565,특번,2026-04-02 06:14:00,6.0,1,0,0,,0,1,0.0,1.0,0,,0,,,,,,,0,0,0,normal
15990903,특번,2026-04-12 12:10:00,12.0,0,0,1,2.26,0,0,,,0,,0,,,,,,,0,0,0,normal
15660123,특번,2026-04-22 01:07:00,1.0,0,0,0,,0,0,,,0,,0,,,,,,,0,0,0,normal
16000400,특번,2026-02-11 23:09:00,23.0,0,0,0,,0,1,0.0,1.0,0,,0,,,,,,,0,0,0,normal
15881515,특번,2026-06-26 23:00:00,23.0,0,0,0,,0,0,,,0,,1,1.0,0.0,,,,,0,0,0,normal
01005394772,010,2026-05-21 21:13:00,21.0,1,1,0,,1,1,0.0,1.0,0,,0,,,,,,,0,0,0,normal
15881900,특번,2026-11-08 16:19:00,16.0,0,0,1,183.7,0,0,,,1,2.53,0,,,,,,,0,0,0,normal
01025600413,010,2026-03-14 12:40:00,12.0,0,1,1,24.52,1,0,,,0,,0,,,,,,,0,0,0,normal
16446000,특번,2026-01-31 16:35:00,16.0,0,0,0,,0,1,0.0,1.0,0,,0,,,,,,,0,0,0,normal
15880010,특번,2026-04-02 18:53:00,18.0,1,0,0,,0,0,,,0,,0,,,,,,,0,0,0,normal
01096340679,010,2026-03-20 16:49:00,16.0,0,1,1,63.86,1,0,,,1,58.55,1,1.0,0.0,,,,,0,0,0,normal
01007629143,010,2026-01-25 13:55:00,13.0,1,1,1,0.11,1,1,0.0,1.0,0,,1,1.0,0.0,,,,,0,0,0,normal
15448000,특번,2026-01-10 13:17:00,13.0,0,0,0,,0,1,0.0,1.0,1,13.06,0,,,,,,,0,1,0,normal
16663060,특번,2026-03-28 10:28:00,10.0,0,1,1,129.19,0,0,,,0,,0,,,,,,,0,0,0,normal
15881515,특번,2026-03-14 08:38:00,8.0,0,0,0,,0,0,,,0,,0,,,,,,,0,0,0,normal
03180219341,기타,2026-01-24 23:36:00,23.0,0,0,0,,0,1,0.0,1.0,0,,1,1.0,0.0,,,,,0,0,0,normal
15998000,특번,2026-01-17 16:00:00,16.0,0,0,1,23.13,0,0,,,0,,1,1.0,0.0,,,,,0,0,0,normal
008888049704,00X(국제),2026-10-27 20:44:00,20.0,0,0,0,,0,0,,,0,,0,,,,,,,1,0,0,normal
15665050,특번,2026-08-27 13:55:00,13.0,0,0,0,,0,0,,,0,,1,1.0,0.0,,,,,0,0,0,normal
15998500,특번,2026-01-24 13:15:00,13.0,0,0,0,,0,1,0.0,1.0,0,,0,,,,,,,0,0,0,normal
15669009,특번,2026-01-25 00:24:00,0.0,0,0,0,,0,1,0.0,1.0,1,0.89,0,,,,,,,0,0,0,normal
01075872537,010,2026-03-04 22:14:00,22.0,0,1,1,98.87,1,1,0.0,1.0,0,,0,,,,,,,0,0,0,normal
01006042942,010,2026-04-13 01:04:00,1.0,1,1,1,15.09,1,1,0.0,1.0,0,,1,1.0,0.0,,,,,0,0,0,normal
01023461994,010,2026-05-01 14:59:00,14.0,1,1,0,,0,1,0.0,1.0,0,,0,,,,,,,0,0,0,normal
15885000,특번,2026-11-05 05:13:00,5.0,0,0,0,,0,0,,,0,,1,1.0,0.0,,,,,0,0,0,normal
01015913268,010,2026-08-06 08:53:00,8.0,0,1,1,6.7,1,0,,,0,,0,,,,,,,0,0,0,normal
15221704,특번,2026-03-08 22:29:00,22.0,0,0,0,,0,1,0.0,1.0,0,,0,,,,,,,0,0,0,normal
01008023883,010,2026-10-18 15:04:00,15.0,1,1,0,,1,1,0.0,1.0,0,,0,,,,,,,0,0,0,normal
15880037,특번,2026-05-22 00:46:00,0.0,0,0,1,76.72,0,0,,,1,6.14,1,1.0,0.0,,,,,0,0,0,normal
15221704,특번,2026-10-06 16:06:00,16.0,0,0,0,,0,1,0.0,1.0,1,1.42,1,1.0,0.0,,,,,0,0,0,normal
0220269955,02(서울 유선),2026-07-29 10:50:00,10.0,0,0,0,,0,0,,,0,,0,,,,,,,0,0,0,normal
15885050,특번,2026-10-20 15:56:00,15.0,0,0,0,,0,0,,,0,,0,,,,,,,0,0,0,normal
15881515,특번,2026-03-08 07:39:00,7.0,0,0,0,,0,1,0.0,1.0,1,21.54,0,,,,,,,0,0,0,normal
025669998,02(서울 유선),2026-02-18 15:49:00,15.0,0,0,0,,0,0,,,1,81.06,0,,,,,,,0,0,0,normal
15998000,특번,2026-10-13 11:07:00,11.0,1,0,0,,0,0,,,0,,0,,,,,,,0,0,0,normal
15882001,특번,2026-03-13 15:46:00,15.0,0,0,0,,0,0,,,0,,0,,,,,,,0,0,0,normal
15443030,특번,2026-12-01 01:59:00,1.0,0,0,0,,0,0,,,0,,0,,,,,,,0,0,0,normal
15443082,특번,2026-01-30 00:37:00,0.0,1,0,1,5.42,0,0,,,0,,0,,,,,,,0,0,0,normal
15882588,특번,2026-06-23 01:09:00,1.0,0,0,0,,0,0,,,0,,0,,,,,,,0,0,0,normal
01075354083,010,2026-10-03 17:10:00,17.0,0,1,0,,1,1,0.0,1.0,1,24.72,0,,,,,,,0,0,0,normal
03180219341,기타,2026-10-18 02:29:00,2.0,1,0,0,,0,0,,,0,,0,,,,,,,0,0,0,normal
15883651,특번,2026-08-04 05:13:00,5.0,0,0,0,,0,0,,,1,13.76,0,,,,,,,0,0,0,normal
01020073024,010,2026-05-06 19:13:00,19.0,1,1,1,49.1,1,0,,,0,,1,1.0,0.0,,,,,0,0,0,normal
15887000,특번,2026-06-04 09:11:00,9.0,1,0,0,,0,1,0.0,1.0,0,,1,1.0,0.0,,,,,0,0,0,normal
15443000,특번,2026-10-05 00:49:00,0.0,1,0,0,,0,1,1.0,1.0,0,,0,,,,,,,0,0,0,normal
01021145775,010,2026-07-07 09:20:00,9.0,1,1,0,,1,1,0.0,1.0,0,,0,,,,,,,0,0,0,normal
15990903,특번,2026-01-10 08:41:00,8.0,0,0,0,,0,0,,,0,,1,1.0,0.0,,,,,0,0,0,normal
15221704,특번,2026-03-20 21:31:00,21.0,1,0,0,,0,1,0.0,0.0,0,,0,,,,,,,0,0,0,normal
15883500,특번,2026-02-19 18:16:00,18.0,0,1,0,,0,1,0.0,1.0,0,,0,,,,,,,0,0,0,normal
15881599,특번,2026-01-18 11:03:00,11.0,1,0,0,,0,1,1.0,1.0,0,,0,,,,,,,0,0,0,normal
15665050,특번,2026-04-06 22:49:00,22.0,1,0,0,,0,0,,,0,,0,,,,,,,0,1,0,normal
01000697365,010,2026-11-23 10:27:00,10.0,1,1,1,6.48,1,0,,,0,,1,1.0,0.0,,,,,0,1,0,normal
15771000,특번,2026-12-13 13:58:00,13.0,0,0,0,,0,1,0.0,1.0,0,,0,,,,,,,0,0,0,normal
01047154379,010,2026-05-23 09:27:00,9.0,0,1,1,952.86,1,1,0.0,1.0,0,,0,,,,,,,0,0,0,normal
16449999,특번,2026-05-09 11:32:00,11.0,1,1,0,,0,1,0.0,1.0,0,,1,1.0,0.0,,,,,0,0,0,normal
18997047,특번,2026-12-27 02:25:00,2.0,0,0,0,,0,1,1.0,1.0,0,,0,,,,,,,0,0,0,normal
01093248086,010,2026-03-09 20:56:00,20.0,0,1,0,,1,0,,,1,323.1,1,1.0,0.0,,,,,0,0,0,normal
04420791791,기타,2026-05-30 13:46:00,13.0,1,0,0,,0,1,0.0,1.0,0,,0,,,,,,,0,0,0,normal
15448527,특번,2026-10-05 15:32:00,15.0,0,0,1,3.7,0,0,,,0,,0,,,,,,,0,0,0,normal
15448000,특번,2026-10-08 21:50:00,21.0,0,0,0,,0,0,,,0,,0,,,,,,,0,0,0,normal
01018393301,010,2026-03-21 00:04:00,0.0,1,1,1,39.9,1,1,0.0,1.0,0,,0,,,,,,,0,0,0,normal
01065176737,010,2026-04-19 05:34:00,5.0,1,1,0,,1,1,0.0,1.0,0,,0,,,,,,,0,0,0,normal
15447758,특번,2026-07-26 14:27:00,14.0,1,0,1,10.14,0,1,1.0,1.0,0,,0,,,,,,,0,0,0,normal
15444200,특번,2026-05-07 04:38:00,4.0,0,0,0,,0,1,0.0,1.0,1,13.19,0,,,,,,,0,0,0,normal
01019807468,010,2026-04-11 16:08:00,16.0,0,1,1,441.37,1,0,,,1,2.76,0,,,,,,,0,1,0,normal
01053293183,010,2026-06-07 06:01:00,6.0,1,1,0,,1,0,,,0,,1,1.0,0.0,,,,,0,0,0,normal
18000678,특번,2026-11-02 02:32:00,2.0,0,0,0,,0,1,0.0,1.0,1,52.31,0,,,,,,,0,0,0,normal
15884477,특번,2026-09-17 19:06:00,19.0,1,0,0,,0,0,,,0,,1,1.0,0.0,,,,,0,0,0,normal
16008585,특번,2026-09-03 20:19:00,20.0,1,0,1,1.53,0,0,,,0,,0,,,,,,,0,0,0,normal
15443000,특번,2026-09-26 02:25:00,2.0,0,0,0,,0,1,1.0,1.0,0,,0,,,,,,,0,0,0,normal
15220139,특번,2026-04-09 00:53:00,0.0,0,0,0,,0,1,0.0,1.0,0,,0,,,,,,,0,0,0,normal
16449999,특번,2026-11-19 01:34:00,1.0,0,0,0,,0,0,,,1,1504.05,1,1.0,0.0,,,,,0,0,0,normal
16613000,특번,2026-12-09 23:07:00,23.0,1,0,0,,0,0,,,0,,0,,,,,,,0,0,0,normal
01020410429,010,2026-07-04 04:22:00,4.0,0,1,0,,1,0,,,0,,0,,,,,,,0,0,0,normal
15881111,특번,2026-08-29 08:43:00,8.0,0,0,0,,0,1,0.0,1.0,0,,0,,,,,,,0,0,0,normal
15664295,특번,2026-09-01 21:30:00,21.0,0,0,0,,0,0,,,0,,0,,,,,,,0,0,0,normal
15448527,특번,2026-10-07 00:19:00,0.0,0,0,0,,0,0,,,0,,0,,,,,,,0,0,0,normal
060892176,기타,2026-11-09 09:09:00,9.0,1,0,0,,0,1,0.0,1.0,0,,0,,,,,,,0,0,0,normal
01005930898,010,2026-06-20 13:00:00,13.0,0,1,0,,1,1,1.0,1.0,0,,0,,,,,,,0,0,0,normal
15990903,특번,2026-09-12 05:12:00,5.0,0,0,0,,0,1,0.0,1.0,0,,1,1.0,0.0,,,,,0,0,0,normal
15221155,특번,2026-01-15 12:25:00,12.0,1,0,0,,0,1,0.0,1.0,0,,1,1.0,0.0,,,,,0,0,0,normal
01034423816,010,2026-05-12 19:17:00,19.0,0,1,0,,1,0,,,1,246.48,1,1.0,0.0,,,,,0,0,0,normal
15319057,특번,2026-12-03 06:58:00,6.0,0,0,1,155.23,0,0,,,0,,0,,,,,,,0,0,0,normal
01042283299,010,2026-09-01 23:29:00,23.0,1,0,1,17.47,1,0,,,0,,0,,,,,,,0,0,0,normal
0423317505,기타,2026-01-29 01:02:00,1.0,0,0,1,13.99,0,0,,,0,,0,,,,,,,0,0,0,normal
01098493835,010,2026-01-11 08:31:00,8.0,1,1,1,2.99,1,0,,,0,,0,,,,,,,0,0,0,normal
16706250,특번,2026-10-29 05:21:00,5.0,0,0,0,,0,0,,,0,,0,,,,,,,0,0,0,normal
01068931350,010,2026-05-29 00:34:00,0.0,1,1,0,,1,0,,,0,,1,1.0,0.0,,,,,0,0,0,normal
15887000,특번,2026-09-29 19:01:00,19.0,1,0,0,,0,0,,,0,,0,,,,,,,0,0,0,normal
024707919,02(서울 유선),2026-01-31 21:49:00,21.0,1,0,0,,0,0,,,0,,1,1.0,0.0,,,,,0,0,0,normal
15223000,특번,2026-07-20 03:59:00,3.0,1,0,0,,0,0,,,0,,0,,,,,,,0,0,0,normal
15773419,특번,2026-01-04 13:23:00,13.0,0,0,0,,0,1,0.0,1.0,0,,0,,,,,,,0,0,0,normal
15888377,특번,2026-01-05 04:46:00,4.0,0,0,1,187.11,0,0,,,1,32.25,1,1.0,0.0,,,,,0,0,0,normal
15883570,특번,2026-09-13 13:30:00,13.0,1,0,1,17.32,0,0,,,0,,1,1.0,0.0,,,,,0,0,0,normal
0423317505,기타,2026-09-04 08:24:00,8.0,0,0,0,,0,0,,,0,,0,,,,,,,0,0,0,normal
050271855137,기타,2026-02-09 12:06:00,12.0,0,0,0,,0,0,,,0,,0,,,,,,,0,0,0,normal
08033209481,기타,2026-10-23 23:09:00,23.0,0,0,0,,0,0,,,0,,0,,,,,,,0,0,0,normal
15771000,특번,2026-03-05 10:44:00,10.0,1,0,0,,0,0,,,0,,1,1.0,0.0,,,,,0,0,0,normal
01044595961,010,2026-07-11 19:38:00,19.0,0,1,1,1.93,1,0,,,0,,0,,,,,,,0,0,0,normal
16612207,특번,2026-01-27 14:39:00,14.0,0,0,0,,0,1,0.0,1.0,0,,0,,,,,,,0,0,0,normal
0262752275,02(서울 유선),2026-03-12 22:10:00,22.0,1,0,0,,0,1,0.0,1.0,0,,0,,,,,,,0,0,0,normal
025669998,02(서울 유선),2026-12-26 18:07:00,18.0,0,0,0,,0,0,,,0,,0,,,,,,,0,0,0,normal
16706250,특번,2026-06-29 09:19:00,9.0,0,0,0,,0,1,0.0,1.0,1,0.19,1,1.0,0.0,,,,,0,0,0,normal
15990011,특번,2026-08-25 21:47:00,21.0,0,0,0,,0,0,,,0,,0,,,,,,,0,0,0,normal
15448000,특번,2026-11-18 18:47:00,18.0,0,0,0,,0,1,0.0,1.0,0,,0,,,,,,,0,1,0,normal
01079046449,010,2026-07-10 13:52:00,13.0,0,1,1,10.73,1,0,,,0,,0,,,,,,,0,0,0,normal
15886565,특번,2026-09-06 04:23:00,4.0,1,0,1,74.51,0,0,,,0,,1,1.0,0.0,,,,,0,0,0,normal
15443030,특번,2026-10-01 18:43:00,18.0,0,0,1,11.57,0,1,1.0,1.0,0,,0,,,,,,,0,0,0,normal
16888114,특번,2026-10-05 20:21:00,20.0,0,0,0,,0,1,0.0,1.0,1,10.7,0,,,,,,,0,0,0,normal
15991900,특번,2026-03-05 22:57:00,22.0,0,1,0,,0,0,,,0,,0,,,,,,,0,0,0,normal
0094719023,00X(국제),2026-05-07 01:22:00,1.0,0,0,0,,0,0,,,1,396.5,0,,,,,,,1,0,0,normal
16004000,특번,2026-07-05 06:46:00,6.0,1,0,0,,1,1,0.0,1.0,0,,0,,,,,,,0,0,0,normal
15886565,특번,2026-09-06 05:09:00,5.0,0,0,0,,0,0,,,0,,1,1.0,0.0,,,,,0,0,0,normal
15888000,특번,2026-05-21 07:13:00,7.0,1,0,1,893.01,0,1,0.0,1.0,0,,0,,,,,,,0,0,0,normal
01031292662,010,2026-08-19 06:38:00,6.0,0,1,1,0.55,1,1,1.0,1.0,1,69.08,1,1.0,0.0,,,,,0,0,0,normal
01030573472,010,2026-07-08 22:37:00,22.0,0,1,1,41.53,1,1,0.0,1.0,0,,1,1.0,0.0,,,,,0,0,0,normal
16706250,특번,2026-12-23 10:29:00,10.0,0,0,0,,0,1,0.0,1.0,1,1.64,0,,,,,,,0,0,0,normal
07015275,070(인터넷전화),2026-01-11 05:55:00,5.0,0,0,0,,0,1,0.0,1.0,1,3.56,0,,,,,,,0,0,0,normal
16612207,특번,2026-02-26 15:42:00,15.0,1,0,0,,0,1,0.0,1.0,0,,0,,,,,,,0,0,0,normal
15998000,특번,2026-04-30 00:12:00,0.0,1,0,0,,0,1,0.0,1.0,0,,0,,,,,,,0,0,0,normal
01080086665,010,2026-02-26 06:21:00,6.0,0,1,0,,1,1,0.0,1.0,0,,0,,,,,,,0,0,0,normal
15883651,특번,2026-04-04 22:55:00,22.0,0,0,0,,0,1,0.0,1.0,0,,1,1.0,0.0,,,,,0,0,0,normal
15669009,특번,2026-04-12 08:12:00,8.0,0,0,0,,0,0,,,0,,0,,,,,,,0,0,0,normal
15990011,특번,2026-09-07 13:46:00,13.0,1,0,0,,0,1,0.0,1.0,0,,0,,,,,,,0,0,0,normal
15221155,특번,2026-02-12 16:10:00,16.0,0,0,0,,0,0,,,0,,0,,,,,,,0,0,0,normal
16008172,특번,2026-03-24 21:06:00,21.0,0,0,0,,0,0,,,0,,1,1.0,0.0,,,,,0,0,0,normal
01069021386,010,2026-10-16 13:51:00,13.0,1,1,1,196.28,1,0,,,0,,0,,,,,,,0,0,0,normal
15883651,특번,2026-05-13 16:31:00,16.0,0,0,0,,0,1,0.0,1.0,0,,0,,,,,,,0,0,0,normal
15884477,특번,2026-11-14 23:05:00,23.0,0,0,0,,0,1,0.0,1.0,0,,1,1.0,0.0,,,,,0,0,0,normal
16663060,특번,2026-01-07 22:09:00,22.0,0,0,0,,0,0,,,1,8.51,1,1.0,0.0,,,,,0,0,0,normal
15221000,특번,2026-06-20 15:14:00,15.0,0,0,0,,0,1,0.0,1.0,0,,0,,,,,,,0,0,0,normal
15885000,특번,2026-03-27 05:10:00,5.0,0,0,0,,0,1,0.0,1.0,0,,0,,,,,,,0,0,0,normal
01078862235,010,2026-06-17 12:45:00,12.0,1,1,1,20.63,1,0,,,0,,0,,,,,,,0,0,0,normal
15447758,특번,2026-05-21 08:31:00,8.0,1,0,0,,0,0,,,0,,1,1.0,0.0,,,,,0,0,0,normal
16663060,특번,2026-04-28 10:59:00,10.0,1,0,0,,0,0,,,0,,0,,,,,,,0,0,0,normal
0067671877,00X(국제),2026-10-17 21:47:00,21.0,1,0,0,,0,1,0.0,1.0,0,,0,,,,,,,1,0,0,normal
15221000,특번,2026-05-23 18:27:00,18.0,0,0,0,,0,1,0.0,1.0,0,,0,,,,,,,0,0,0,normal
15669009,특번,2026-01-15 07:40:00,7.0,0,0,1,0.48,0,1,0.0,1.0,0,,0,,,,,,,0,0,0,normal
01031324527,010,2026-08-29 07:33:00,7.0,0,1,1,436.23,1,0,,,0,,1,1.0,0.0,,,,,0,0,0,normal
15773419,특번,2026-08-09 23:59:00,23.0,1,0,0,,0,0,,,0,,0,,,,,,,0,0,0,normal
028127401,02(서울 유선),2026-04-16 12:02:00,12.0,1,0,0,,0,0,,,0,,0,,,,,,,0,0,0,normal
01020130653,010,2026-05-27 18:32:00,18.0,0,0,0,,1,0,,,1,16.88,0,,,,,,,0,0,0,normal
15662566,특번,2026-08-06 18:41:00,18.0,0,0,1,27.73,0,1,0.0,1.0,0,,0,,,,,,,0,0,0,normal
01046584639,010,2026-04-23 15:00:00,15.0,0,1,0,,1,0,,,1,149.52,0,,,,,,,0,0,0,normal
16006200,특번,2026-05-23 15:59:00,15.0,0,0,1,57.45,0,0,,,0,,1,1.0,0.0,,,,,0,0,0,normal
15665050,특번,2026-01-15 00:34:00,0.0,0,0,0,,0,1,0.0,1.0,0,,1,1.0,0.0,,,,,0,0,0,normal
15885000,특번,2026-08-12 08:57:00,8.0,0,0,0,,0,1,0.0,1.0,0,,1,1.0,0.0,,,,,0,0,0,normal
01034594893,010,2026-01-21 20:09:00,20.0,1,1,1,11.72,1,1,0.0,1.0,0,,0,,,,,,,0,0,0,normal
01090954688,010,2026-12-27 13:26:00,13.0,1,1,0,,1,0,,,0,,0,,,,,,,0,0,0,normal
01024362585,010,2026-07-14 02:23:00,2.0,1,1,1,6.6,1,1,0.0,1.0,0,,0,,,,,,,0,0,0,normal
01003887821,010,2026-06-03 19:56:00,19.0,0,1,1,17.65,1,1,0.0,1.0,0,,1,1.0,0.0,,,,,0,1,0,normal
18116688,특번,2026-07-08 08:26:00,8.0,1,0,0,,0,0,,,0,,1,1.0,0.0,,,,,0,0,0,normal
15443000,특번,2026-05-05 01:33:00,1.0,0,0,1,19.14,0,0,,,0,,0,,,,,,,0,0,0,normal
01001476427,010,2026-11-06 02:26:00,2.0,1,1,1,128.13,1,0,,,0,,0,,,,,,,0,0,0,normal
16000400,특번,2026-09-20 09:39:00,9.0,0,0,0,,0,0,,,1,44.83,1,1.0,0.0,,,,,0,0,0,normal
01088934576,010,2026-07-26 15:37:00,15.0,0,1,0,,1,0,,,0,,0,,,,,,,0,0,0,normal
029578437,02(서울 유선),2026-03-09 17:27:00,17.0,1,0,0,,0,0,,,0,,0,,,,,,,0,0,0,normal
15664295,특번,2026-02-24 03:21:00,3.0,0,0,0,,0,0,,,0,,0,,,,,,,0,0,0,normal
01097254720,010,2026-07-30 07:55:00,7.0,0,1,1,0.04,1,0,,,0,,0,,,,,,,0,0,0,normal
01037078703,010,2026-05-19 09:28:00,9.0,1,1,1,7.22,1,0,,,0,,0,,,,,,,0,0,0,normal
15883570,특번,2026-02-24 02:59:00,2.0,0,0,1,110.53,0,1,0.0,1.0,0,,0,,,,,,,0,0,0,normal
0702788165,070(인터넷전화),2026-01-08 17:06:00,17.0,0,0,0,,0,1,0.0,1.0,1,364.22,0,,,,,,,0,0,0,normal
0262752275,02(서울 유선),2026-11-08 19:45:00,19.0,1,0,0,,0,0,,,0,,0,,,,,,,0,0,0,normal
15991916,특번,2026-01-10 08:49:00,8.0,0,0,1,46.62,1,1,0.0,1.0,0,,1,1.0,0.0,,,,,0,0,0,normal
06077119,기타,2026-03-16 04:16:00,4.0,1,0,0,,0,0,,,0,,0,,,,,,,0,0,0,normal
0262752275,02(서울 유선),2026-12-21 01:42:00,1.0,0,0,0,,0,0,,,0,,0,,,,,,,0,0,0,normal
07025869263,070(인터넷전화),2026-08-17 09:16:00,9.0,0,0,0,,0,1,0.0,1.0,0,,0,,,,,,,0,0,0,normal
15223000,특번,2026-02-20 02:29:00,2.0,0,0,0,,0,0,,,1,59.72,0,,,,,,,0,0,0,normal
01094116318,010,2026-12-29 14:36:00,14.0,0,1,1,0.39,1,1,0.0,1.0,0,,1,1.0,0.0,,,,,0,0,0,normal
01064005242,010,2026-11-18 17:38:00,17.0,0,1,1,964.67,1,0,,,0,,0,,,,,,,0,0,0,normal
15886565,특번,2026-01-21 02:42:00,2.0,0,0,0,,0,0,,,0,,0,,,,,,,0,0,0,normal
16004000,특번,2026-01-15 08:38:00,8.0,0,0,0,,1,0,,,0,,0,,,,,,,0,0,0,normal
15221000,특번,2026-08-22 19:25:00,19.0,1,0,0,,0,1,0.0,1.0,0,,1,1.0,0.0,,,,,0,0,0,normal
01087339785,010,2026-09-17 14:01:00,14.0,0,1,1,15.66,1,1,1.0,1.0,0,,1,1.0,0.0,,,,,0,0,0,normal
15998000,특번,2026-04-12 00:46:00,0.0,0,0,0,,0,1,1.0,1.0,0,,0,,,,,,,0,0,0,normal
15771000,특번,2026-08-03 13:32:00,13.0,0,0,0,,0,1,0.0,1.0,0,,0,,,,,,,0,0,0,normal
03180751228,기타,2026-10-23 17:27:00,17.0,0,0,0,,0,1,0.0,1.0,0,,0,,,,,,,0,0,0,normal
16617654,특번,2026-10-18 14:49:00,14.0,1,0,1,66.5,0,0,,,0,,0,,,,,,,0,0,0,normal
01077719619,010,2026-12-12 16:37:00,16.0,0,1,1,17.11,1,0,,,0,,1,1.0,0.0,,,,,0,0,0,normal
15443002,특번,2026-08-19 05:09:00,5.0,0,0,1,0.82,0,0,,,0,,0,,,,,,,0,0,0,normal
01039613674,010,2026-07-18 18:32:00,18.0,1,1,1,34.81,1,0,,,0,,0,,,,,,,0,0,0,normal
15883651,특번,2026-01-02 16:11:00,16.0,0,0,0,,0,0,,,0,,0,,,,,,,0,0,0,normal
16612207,특번,2026-02-13 05:56:00,5.0,0,0,0,,0,0,,,0,,1,1.0,0.0,,,,,0,0,0,normal
15778000,특번,2026-07-26 09:43:00,9.0,1,0,0,,0,0,,,0,,1,1.0,0.0,,,,,0,0,0,normal
01018765672,010,2026-05-16 06:30:00,6.0,0,1,1,3.45,1,1,0.0,1.0,1,615.71,0,,,,,,,0,0,0,normal
0255763798,02(서울 유선),2026-05-05 02:35:00,2.0,0,0,0,,0,0,,,0,,0,,,,,,,0,0,0,normal
15889999,특번,2026-08-01 05:39:00,5.0,0,0,0,,0,1,0.0,1.0,0,,0,,,,,,,0,0,0,normal
15993333,특번,2026-05-05 03:38:00,3.0,0,0,0,,0,0,,,0,,1,1.0,0.0,,,,,0,0,0,normal
15998500,특번,2026-06-28 10:57:00,10.0,1,0,1,121.33,0,0,,,0,,1,1.0,0.0,,,,,0,0,0,normal
15999000,특번,2026-10-24 21:33:00,21.0,1,0,0,,0,1,0.0,1.0,0,,0,,,,,,,0,0,0,normal
01001260562,010,2026-04-04 19:10:00,19.0,0,1,1,7.15,1,1,0.0,1.0,0,,1,1.0,0.0,,,,,0,0,0,normal
01032470730,010,2026-03-14 00:45:00,0.0,0,1,1,20.31,1,1,0.0,1.0,0,,0,,,,,,,0,0,0,normal
15221704,특번,2026-09-05 09:50:00,9.0,0,0,0,,0,0,,,1,9.43,0,,,,,,,0,0,0,normal
15881599,특번,2026-09-03 07:30:00,7.0,0,0,0,,0,1,0.0,1.0,0,,0,,,,,,,0,0,0,normal
15223208,특번,2026-12-19 12:11:00,12.0,1,0,0,,0,0,,,0,,1,1.0,0.0,,,,,0,0,0,normal
15221155,특번,2026-10-07 21:49:00,21.0,1,0,0,,0,0,,,0,,0,,,,,,,0,0,0,normal
15883570,특번,2026-03-18 00:37:00,0.0,0,0,0,,0,0,,,0,,1,1.0,0.0,,,,,0,0,0,normal
0544414842,기타,2026-11-01 19:02:00,19.0,0,0,0,,0,1,0.0,1.0,0,,0,,,,,,,0,0,0,normal
15444200,특번,2026-07-03 16:15:00,16.0,1,0,0,,0,1,0.0,1.0,0,,1,1.0,0.0,,,,,0,0,0,normal
01060508018,010,2026-07-13 14:43:00,14.0,0,1,1,331.0,1,0,,,0,,1,1.0,0.0,,,,,0,0,0,normal
15998500,특번,2026-05-26 08:04:00,8.0,1,0,0,,0,1,0.0,1.0,0,,1,1.0,0.0,,,,,0,0,0,normal
01075507481,010,2026-05-02 13:48:00,13.0,0,0,0,,0,0,,,1,1071.33,1,0.0,0.0,,,,,0,1,1,acquaintance
0703242642,070(인터넷전화),2026-09-26 00:37:00,0.0,1,0,1,19.24,0,0,,,0,,0,,,,,,,0,0,0,normal
01029996043,010,2026-05-06 17:17:00,17.0,0,1,1,81.89,1,0,,,1,27.08,0,,,,,,,0,0,0,normal
06174710793,기타,2026-09-10 08:42:00,8.0,0,0,0,,0,0,,,0,,1,1.0,0.0,,,,,0,0,0,normal
01020368499,010,2026-08-17 21:58:00,21.0,0,1,1,14.1,1,0,,,0,,0,,,,,,,0,0,0,normal
16617654,특번,2026-05-16 07:09:00,7.0,0,0,0,,0,0,,,0,,1,1.0,0.0,,,,,0,0,0,normal
0423317505,기타,2026-10-11 10:46:00,10.0,0,0,0,,0,1,0.0,1.0,0,,0,,,,,,,0,0,0,normal
15883651,특번,2026-03-30 09:50:00,9.0,1,0,0,,0,0,,,0,,1,1.0,0.0,,,,,0,0,0,normal
15221155,특번,2026-02-04 05:16:00,5.0,0,0,0,,0,0,,,0,,0,,,,,,,0,0,0,normal
03180751228,기타,2026-11-21 12:16:00,12.0,1,0,1,4.49,0,0,,,0,,1,1.0,0.0,,,,,0,0,0,normal
15887270,특번,2026-05-13 07:51:00,7.0,0,1,0,,0,1,0.0,1.0,0,,1,1.0,0.0,,,,,0,0,0,normal
15990011,특번,2026-04-23 09:39:00,9.0,0,0,0,,0,1,0.0,1.0,0,,0,,,,,,,0,0,0,normal
01098567600,010,2026-07-03 14:03:00,14.0,0,1,1,8.2,1,0,,,0,,0,,,,,,,0,0,0,normal
15440080,특번,2026-07-15 13:28:00,13.0,0,0,0,,0,0,,,0,,0,,,,,,,0,0,0,normal
01009203314,010,2026-11-12 02:36:00,2.0,0,1,0,,0,0,,,0,,0,,,,,,,0,0,0,normal
15440080,특번,2026-10-27 12:26:00,12.0,1,0,0,,0,0,,,0,,0,,,,,,,0,0,0,normal
01028633302,010,2026-03-27 08:50:00,8.0,1,1,1,188.34,1,1,0.0,1.0,0,,1,1.0,0.0,,,,,0,0,0,normal
15660123,특번,2026-04-26 05:18:00,5.0,0,0,0,,0,0,,,0,,0,,,,,,,0,0,0,normal
01098936870,010,2026-02-18 06:04:00,6.0,0,1,1,290.58,1,0,,,0,,0,,,,,,,0,0,0,normal
15886565,특번,2026-11-16 07:51:00,7.0,1,0,1,17.06,0,1,0.0,1.0,0,,1,1.0,0.0,,,,,0,0,0,normal
15221155,특번,2026-12-08 00:32:00,0.0,1,0,0,,0,1,0.0,1.0,0,,0,,,,,,,0,0,0,normal
0624160113,기타,2026-04-12 21:26:00,21.0,1,0,0,,0,1,0.0,1.0,0,,0,,,,,,,0,0,0,normal
15771000,특번,2026-06-22 13:11:00,13.0,0,0,0,,0,0,,,0,,0,,,,,,,0,0,0,normal
00975191023,00X(국제),2026-03-01 02:17:00,2.0,0,0,0,,0,0,,,0,,0,,,,,,,1,0,0,normal
07076189,070(인터넷전화),2026-12-28 18:30:00,18.0,1,0,0,,0,0,,,0,,0,,,,,,,0,0,0,normal
01018066725,010,2026-05-09 18:29:00,18.0,0,1,0,,1,1,0.0,1.0,1,172.4,1,1.0,0.0,,,,,0,0,0,normal
15443000,특번,2026-05-20 05:04:00,5.0,1,0,0,,0,1,0.0,1.0,0,,0,,,,,,,0,0,0,normal
15662566,특번,2026-01-27 07:23:00,7.0,0,0,1,46.7,0,0,,,1,3.45,1,1.0,0.0,,,,,0,0,0,normal
15441120,특번,2026-01-17 01:35:00,1.0,1,0,0,,0,0,,,0,,1,1.0,0.0,,,,,0,0,0,normal
15881599,특번,2026-04-08 05:14:00,5.0,1,0,1,6.6,0,0,,,0,,0,,,,,,,0,0,0,normal
01048815144,010,2026-11-08 10:21:00,10.0,0,1,1,0.65,1,1,1.0,1.0,0,,0,,,,,,,0,0,0,normal
08087741865,기타,2026-05-10 14:59:00,14.0,0,0,0,,0,0,,,0,,0,,,,,,,0,0,0,normal
15999000,특번,2026-01-22 20:04:00,20.0,0,0,0,,0,0,,,0,,1,1.0,0.0,,,,,0,0,0,normal
15999000,특번,2026-03-31 02:59:00,2.0,0,0,0,,0,1,0.0,1.0,1,52.28,0,,,,,,,0,0,0,normal
023370415,02(서울 유선),2026-10-20 07:31:00,7.0,0,0,0,,0,0,,,0,,0,,,,,,,0,0,0,normal
15880010,특번,2026-05-11 16:49:00,16.0,0,0,1,39.79,0,1,0.0,1.0,0,,0,,,,,,,0,1,0,normal
15777011,특번,2026-10-28 12:03:00,12.0,1,0,0,,0,1,0.0,1.0,0,,0,,,,,,,0,0,0,normal
01040939866,010,2026-05-23 07:42:00,7.0,1,1,1,51.56,1,1,0.0,1.0,0,,0,,,,,,,0,0,0,normal
15881500,특번,2026-03-29 01:13:00,1.0,0,0,0,,0,0,,,0,,0,,,,,,,0,0,0,normal
16706250,특번,2026-12-12 09:50:00,9.0,0,0,0,,1,0,,,0,,0,,,,,,,0,0,0,normal
15444200,특번,2026-10-21 22:38:00,22.0,1,0,1,26.59,0,1,0.0,1.0,0,,0,,,,,,,0,0,0,normal
18563069,특번,2026-02-06 07:10:00,7.0,0,0,0,,0,1,0.0,1.0,0,,0,,,,,,,0,0,0,normal
15448527,특번,2026-10-10 09:17:00,9.0,1,0,0,,0,1,0.0,1.0,0,,1,1.0,0.0,,,,,0,0,0,normal
028943610,02(서울 유선),2026-01-19 01:29:00,1.0,0,0,1,15.14,0,1,0.0,1.0,1,170.38,0,,,,,,,0,0,0,normal
01004866718,010,2026-11-01 16:44:00,16.0,0,0,1,11.82,1,0,,,0,,1,1.0,0.0,,,,,0,0,0,normal
15443030,특번,2026-03-17 05:41:00,5.0,0,0,0,,0,1,0.0,1.0,0,,0,,,,,,,0,0,0,normal
01041714677,010,2026-07-12 23:17:00,23.0,0,1,0,,1,1,0.0,1.0,0,,1,1.0,0.0,,,,,0,0,0,normal
01073512724,010,2026-08-19 01:08:00,1.0,1,1,1,743.16,1,1,0.0,1.0,0,,0,,,,,,,0,0,0,normal
16663060,특번,2026-03-19 02:33:00,2.0,0,0,0,,0,0,,,1,35.86,0,,,,,,,0,0,0,normal
01002665023,010,2026-12-16 00:17:00,0.0,1,1,1,4.89,0,0,,,0,,1,1.0,0.0,,,,,0,0,0,normal
15664295,특번,2026-01-28 00:07:00,0.0,1,0,1,2.06,0,0,,,0,,0,,,,,,,0,0,0,normal
16449999,특번,2026-07-12 14:20:00,14.0,1,0,0,,0,1,0.0,1.0,0,,0,,,,,,,0,0,0,normal
060720677,기타,2026-06-08 13:17:00,13.0,0,0,0,,0,1,0.0,1.0,0,,0,,,,,,,0,0,0,normal
01025467591,010,2026-08-01 19:09:00,19.0,0,1,1,12.08,1,1,1.0,1.0,0,,1,1.0,0.0,,,,,0,0,0,normal
01026499289,010,2026-04-28 05:04:00,5.0,1,1,1,4.33,1,0,,,0,,0,,,,,,,0,0,0,normal
15446200,특번,2026-05-07 13:06:00,13.0,0,0,0,,0,0,,,1,75.06,0,,,,,,,0,0,0,normal
15998500,특번,2026-05-22 13:48:00,13.0,0,0,0,,0,0,,,0,,1,1.0,0.0,,,,,0,0,0,normal
01037333433,010,2026-05-28 15:36:00,15.0,1,1,0,,1,1,1.0,1.0,0,,0,,,,,,,0,1,0,normal
025669998,02(서울 유선),2026-07-07 19:03:00,19.0,0,0,0,,0,0,,,0,,1,1.0,0.0,,,,,0,0,0,normal
15880010,특번,2026-04-24 06:37:00,6.0,0,0,0,,0,0,,,0,,1,1.0,0.0,,,,,0,0,0,normal
070043281,070(인터넷전화),2026-04-09 07:22:00,7.0,1,0,0,,0,0,,,0,,0,,,,,,,0,0,0,normal
15990011,특번,2026-10-07 04:23:00,4.0,0,0,0,,0,0,,,0,,0,,,,,,,0,0,0,normal
01038546785,010,2026-08-13 14:04:00,14.0,0,1,1,265.75,1,0,,,0,,0,,,,,,,0,0,0,normal
15221000,특번,2026-03-24 11:43:00,11.0,1,0,0,,0,1,0.0,1.0,0,,1,1.0,0.0,,,,,0,0,0,normal
01045621202,010,2026-09-20 21:43:00,21.0,0,1,1,0.23,1,0,,,0,,0,,,,,,,0,0,0,normal
01022727653,010,2026-02-15 16:42:00,16.0,1,1,1,22.51,1,1,0.0,1.0,0,,1,1.0,0.0,,,,,0,0,0,normal
16462066,특번,2026-12-22 10:23:00,10.0,0,0,0,,0,0,,,0,,1,1.0,0.0,,,,,0,0,0,normal
01058004010,010,2026-08-10 13:51:00,13.0,0,1,0,,1,1,0.0,1.0,0,,1,1.0,0.0,,,,,0,0,0,normal
15665050,특번,2026-11-14 23:32:00,23.0,0,0,0,,0,0,,,0,,0,,,,,,,0,0,0,normal
01043416638,010,2026-04-26 13:14:00,13.0,0,1,1,10.85,1,1,0.0,1.0,0,,0,,,,,,,0,0,0,normal
15448000,특번,2026-08-17 05:02:00,5.0,0,0,0,,0,1,0.0,1.0,0,,0,,,,,,,0,0,0,normal
15998888,특번,2026-06-14 04:55:00,4.0,0,0,0,,0,1,0.0,1.0,0,,0,,,,,,,0,0,0,normal
0808221416,기타,2026-08-05 10:03:00,10.0,1,0,0,,0,0,,,0,,0,,,,,,,0,0,0,normal
070657005,070(인터넷전화),2026-10-26 22:15:00,22.0,0,0,0,,0,0,,,0,,0,,,,,,,0,0,0,normal
16651831,특번,2026-10-20 06:32:00,6.0,0,0,0,,0,0,,,0,,0,,,,,,,0,0,0,normal
0545735918,기타,2026-02-16 09:16:00,9.0,0,0,0,,0,0,,,0,,0,,,,,,,0,0,0,normal
15993333,특번,2026-05-26 16:16:00,16.0,1,0,0,,0,1,0.0,1.0,0,,1,1.0,0.0,,,,,0,0,0,normal
16449999,특번,2026-03-20 11:54:00,11.0,0,0,0,,0,1,0.0,1.0,0,,0,,,,,,,0,0,0,normal
01085652642,010,2026-07-16 08:40:00,8.0,0,1,1,4.28,1,1,1.0,1.0,0,,0,,,,,,,0,0,0,normal
0027838777654,00X(국제),2026-01-01 02:34:00,2.0,0,0,0,,0,1,0.0,1.0,0,,0,,,,,,,1,0,0,normal
15778000,특번,2026-10-22 07:35:00,7.0,0,0,0,,0,0,,,0,,0,,,,,,,0,0,0,normal
01031903689,010,2026-02-03 08:03:00,8.0,1,1,0,,1,1,0.0,1.0,0,,1,1.0,0.0,,,,,0,0,0,normal
01065950363,010,2026-04-18 03:37:00,3.0,0,1,1,528.06,0,0,,,0,,1,1.0,0.0,,,,,0,0,0,normal
01088430217,010,2026-03-23 07:09:00,7.0,0,1,1,16.52,1,0,,,0,,0,,,,,,,0,0,0,normal
15889999,특번,2026-04-06 15:50:00,15.0,0,0,0,,0,1,0.0,1.0,1,23.73,1,1.0,0.0,,,,,0,0,0,normal
07091099220,070(인터넷전화),2026-10-15 04:58:00,4.0,0,0,0,,0,1,0.0,1.0,1,18.51,0,,,,,,,0,0,0,normal
023370415,02(서울 유선),2026-03-06 09:42:00,9.0,0,0,0,,0,0,,,0,,0,,,,,,,0,0,0,normal
0556482012,기타,2026-07-16 07:45:00,7.0,0,0,0,,0,1,0.0,1.0,0,,0,,,,,,,0,0,0,normal
15443082,특번,2026-08-15 19:55:00,19.0,0,0,0,,0,1,0.0,1.0,0,,0,,,,,,,0,0,0,normal
07019576122,070(인터넷전화),2026-10-20 09:43:00,9.0,0,0,0,,0,0,,,0,,0,,,,,,,0,0,0,normal
16663060,특번,2026-10-14 09:10:00,9.0,0,0,0,,0,0,,,0,,0,,,,,,,0,0,0,normal
03180751228,기타,2026-11-02 23:06:00,23.0,0,0,0,,0,1,0.0,1.0,0,,0,,,,,,,0,0,0,normal
01062923562,010,2026-04-01 02:58:00,2.0,1,1,1,6.87,1,0,,,0,,1,1.0,0.0,,,,,0,0,0,normal
15887270,특번,2026-04-09 06:35:00,6.0,0,0,0,,0,0,,,1,315.87,0,,,,,,,0,0,0,normal
15883388,특번,2026-09-01 03:57:00,3.0,1,0,0,,0,0,,,0,,0,,,,,,,0,0,0,normal
01030990704,010,2026-10-08 11:17:00,11.0,0,1,1,18.24,1,1,0.0,1.0,0,,0,,,,,,,0,0,0,normal
15660123,특번,2026-04-14 08:57:00,8.0,0,0,0,,0,0,,,1,125.97,1,1.0,0.0,,,,,0,0,0,normal
01044920749,010,2026-05-01 14:05:00,14.0,0,1,0,,1,1,0.0,1.0,0,,0,,,,,,,0,0,0,normal
16617654,특번,2026-09-04 09:47:00,9.0,1,0,0,,0,0,,,0,,0,,,,,,,0,0,0,normal
15880079,특번,2026-02-02 06:36:00,6.0,0,0,0,,0,0,,,0,,0,,,,,,,0,0,0,normal
15443030,특번,2026-11-20 11:44:00,11.0,0,0,0,,0,0,,,1,0.11,0,,,,,,,0,1,0,normal
16613000,특번,2026-07-04 23:58:00,23.0,0,0,0,,0,0,,,0,,0,,,,,,,0,0,0,normal
15991916,특번,2026-12-29 11:46:00,11.0,1,0,1,110.15,0,1,0.0,1.0,0,,0,,,,,,,0,0,0,normal
16445425,특번,2026-09-07 16:24:00,16.0,0,0,0,,0,0,,,0,,0,,,,,,,0,0,0,normal
15661277,특번,2026-05-18 23:27:00,23.0,0,0,1,139.82,0,1,0.0,1.0,1,17.27,0,,,,,,,0,0,0,normal
023370415,02(서울 유선),2026-02-12 08:50:00,8.0,0,0,0,,0,0,,,0,,0,,,,,,,0,0,0,normal
15446200,특번,2026-06-15 18:48:00,18.0,0,0,0,,0,1,0.0,1.0,0,,0,,,,,,,0,0,0,normal
16000400,특번,2026-12-23 05:27:00,5.0,1,0,1,19.65,0,0,,,0,,0,,,,,,,0,0,0,normal
01010515071,010,2026-02-13 12:23:00,12.0,1,1,0,,1,0,,,0,,1,1.0,0.0,,,,,0,0,0,normal
16006200,특번,2026-06-02 04:22:00,4.0,0,0,0,,0,1,0.0,1.0,0,,1,1.0,0.0,,,,,0,0,0,normal
15223000,특번,2026-02-24 10:44:00,10.0,0,0,0,,0,0,,,1,7.24,0,,,,,,,0,0,0,normal
07094896,070(인터넷전화),2026-04-02 02:19:00,2.0,1,0,0,,0,0,,,0,,0,,,,,,,0,0,0,normal
01073565826,010,2026-01-19 08:13:00,8.0,0,1,0,,0,0,,,0,,0,,,,,,,0,0,0,normal
15991111,특번,2026-04-28 17:53:00,17.0,1,0,0,,0,1,0.0,1.0,0,,0,,,,,,,0,0,0,normal
15999000,특번,2026-06-01 06:23:00,6.0,0,0,0,,0,0,,,1,165.43,0,,,,,,,0,0,0,normal
16617654,특번,2026-04-06 01:36:00,1.0,1,0,0,,0,0,,,0,,0,,,,,,,0,0,0,normal
16446000,특번,2026-01-24 21:42:00,21.0,0,0,0,,0,1,0.0,1.0,0,,0,,,,,,,0,0,0,normal
0220269955,02(서울 유선),2026-06-28 13:51:00,13.0,1,0,1,4.56,0,1,0.0,1.0,0,,0,,,,,,,0,0,0,normal
15880079,특번,2026-06-22 12:52:00,12.0,1,0,1,10.02,1,0,,,0,,0,,,,,,,0,0,0,normal
18997047,특번,2026-12-22 18:32:00,18.0,0,0,0,,0,1,0.0,1.0,0,,0,,,,,,,0,0,0,normal
15991111,특번,2026-10-08 05:13:00,5.0,0,0,0,,0,0,,,0,,0,,,,,,,0,1,0,normal
15771000,특번,2026-05-10 09:36:00,9.0,1,0,0,,0,0,,,0,,0,,,,,,,0,0,0,normal
01004836481,010,2026-03-02 13:23:00,13.0,1,1,0,,1,0,,,0,,0,,,,,,,0,0,0,normal
15441077,특번,2026-09-18 05:25:00,5.0,0,0,0,,0,1,0.0,1.0,0,,1,1.0,0.0,,,,,0,0,0,normal
15886200,특번,2026-07-04 15:32:00,15.0,1,0,0,,0,1,0.0,1.0,0,,1,1.0,0.0,,,,,0,0,0,normal
01044920954,010,2026-08-22 03:28:00,3.0,0,1,0,,1,1,0.0,1.0,0,,0,,,,,,,0,0,0,normal
15883388,특번,2026-01-26 00:10:00,0.0,0,0,0,,0,0,,,1,102.81,0,,,,,,,0,0,0,normal
15881900,특번,2026-08-07 02:30:00,2.0,0,0,0,,0,0,,,0,,0,,,,,,,0,0,0,normal
15440080,특번,2026-04-08 12:42:00,12.0,0,0,0,,0,1,0.0,1.0,1,3.21,0,,,,,,,0,0,0,normal
15666000,특번,2026-06-04 03:59:00,3.0,0,0,0,,0,0,,,0,,0,,,,,,,0,0,0,normal
01035813682,010,2026-04-29 03:35:00,3.0,0,1,1,862.55,1,0,,,0,,0,,,,,,,0,0,0,normal
16888114,특번,2026-01-11 00:46:00,0.0,0,0,0,,0,1,0.0,1.0,0,,1,1.0,0.0,,,,,0,0,0,normal
16888114,특번,2026-01-27 22:18:00,22.0,1,0,0,,0,0,,,0,,0,,,,,,,0,0,0,normal
15880010,특번,2026-12-22 22:11:00,22.0,0,0,0,,0,0,,,0,,1,1.0,0.0,,,,,0,0,0,normal
15883651,특번,2026-07-12 20:48:00,20.0,0,0,0,,0,1,0.0,1.0,0,,0,,,,,,,0,0,0,normal
15883651,특번,2026-01-04 13:32:00,13.0,1,0,1,10.18,0,0,,,0,,0,,,,,,,0,0,0,normal
15990903,특번,2026-01-20 15:13:00,15.0,0,0,0,,0,0,,,0,,0,,,,,,,0,0,0,normal
01066229131,010,2026-11-02 16:31:00,16.0,0,1,1,74.31,1,0,,,0,,0,,,,,,,0,0,0,normal
15883570,특번,2026-04-20 00:42:00,0.0,0,0,0,,0,0,,,0,,0,,,,,,,0,0,0,normal
01025286132,010,2026-06-27 03:13:00,3.0,1,1,1,4.8,1,1,0.0,1.0,0,,1,1.0,0.0,,,,,0,0,0,normal
025669998,02(서울 유선),2026-11-07 12:28:00,12.0,1,0,0,,0,1,0.0,1.0,0,,1,1.0,0.0,,,,,0,0,0,normal
03180219341,기타,2026-02-28 04:26:00,4.0,0,0,0,,0,0,,,0,,1,1.0,0.0,,,,,0,0,0,normal
18116688,특번,2026-12-26 22:46:00,22.0,0,0,0,,0,0,,,0,,0,,,,,,,0,0,0,normal
15880037,특번,2026-06-19 11:48:00,11.0,1,0,0,,0,0,,,0,,0,,,,,,,0,0,0,normal
01078028273,010,2026-02-03 09:38:00,9.0,0,1,0,,1,0,,,0,,0,,,,,,,0,0,0,normal
16445425,특번,2026-09-13 08:21:00,8.0,0,0,0,,0,0,,,0,,0,,,,,,,0,0,0,normal
15446399,특번,2026-04-28 02:37:00,2.0,0,0,0,,0,0,,,0,,0,,,,,,,0,0,0,normal
01004238768,010,2026-01-17 09:12:00,9.0,1,1,1,84.97,1,0,,,0,,0,,,,,,,0,0,0,normal
01049221056,010,2026-02-18 09:58:00,9.0,1,1,1,4.08,1,1,0.0,1.0,0,,0,,,,,,,0,0,0,normal
15440010,특번,2026-07-16 07:45:00,7.0,0,0,0,,0,0,,,0,,1,1.0,0.0,,,,,0,0,0,normal
16706250,특번,2026-02-19 15:14:00,15.0,1,0,0,,0,1,0.0,1.0,0,,0,,,,,,,0,0,0,normal
0627004709,기타,2026-02-27 07:03:00,7.0,0,0,0,,0,0,,,0,,0,,,,,,,0,0,0,normal
15888585,특번,2026-02-27 02:48:00,2.0,0,0,0,,0,1,0.0,1.0,0,,0,,,,,,,0,0,0,normal
15998888,특번,2026-05-25 15:15:00,15.0,0,0,0,,0,0,,,0,,0,,,,,,,0,0,0,normal
15771000,특번,2026-12-08 13:57:00,13.0,0,0,0,,0,1,0.0,1.0,0,,0,,,,,,,0,0,0,normal
15999000,특번,2026-03-12 18:45:00,18.0,1,0,1,178.81,0,0,,,0,,0,,,,,,,0,0,0,normal
070594326,070(인터넷전화),2026-01-25 17:16:00,17.0,0,0,0,,0,0,,,0,,0,,,,,,,0,1,0,normal
01009144288,010,2026-07-02 15:35:00,15.0,1,1,1,300.38,1,1,0.0,1.0,0,,0,,,,,,,0,0,0,normal
01052110392,010,2026-07-29 11:39:00,11.0,0,1,1,2.91,1,1,0.0,1.0,0,,1,1.0,0.0,,,,,0,0,0,normal
15665050,특번,2026-03-01 13:21:00,13.0,0,0,0,,1,0,,,0,,0,,,,,,,0,0,0,normal
16000400,특번,2026-05-28 06:40:00,6.0,1,0,0,,0,0,,,0,,0,,,,,,,0,0,0,normal
15443030,특번,2026-02-12 03:37:00,3.0,1,0,0,,0,0,,,0,,0,,,,,,,0,0,0,normal
15448527,특번,2026-10-27 08:46:00,8.0,0,0,0,,0,1,0.0,1.0,0,,0,,,,,,,0,0,0,normal
01019201828,010,2026-09-14 22:10:00,22.0,0,1,1,96.51,1,0,,,0,,0,,,,,,,0,0,0,normal
16446000,특번,2026-06-11 12:07:00,12.0,1,0,0,,0,0,,,0,,0,,,,,,,0,0,0,normal
15887000,특번,2026-07-01 09:48:00,9.0,0,0,1,6.76,0,1,0.0,1.0,0,,0,,,,,,,0,0,0,normal
15669009,특번,2026-06-05 05:50:00,5.0,0,0,0,,0,0,,,0,,0,,,,,,,0,0,0,normal
15881500,특번,2026-11-17 03:05:00,3.0,1,0,1,35.14,0,0,,,0,,0,,,,,,,0,0,0,normal
01006783676,010,2026-01-13 07:24:00,7.0,1,1,0,,1,0,,,0,,0,,,,,,,0,0,0,normal
15990903,특번,2026-01-18 12:47:00,12.0,0,0,0,,0,1,0.0,1.0,0,,0,,,,,,,0,0,0,normal
18000678,특번,2026-09-11 10:18:00,10.0,0,0,0,,0,0,,,1,69.91,1,1.0,0.0,,,,,0,0,0,normal
18000678,특번,2026-12-28 16:38:00,16.0,0,0,1,40.42,0,0,,,0,,0,,,,,,,0,0,0,normal
16558008,특번,2026-12-17 04:38:00,4.0,0,0,1,104.61,0,1,0.0,1.0,0,,1,1.0,0.0,,,,,0,0,0,normal
15441077,특번,2026-08-12 20:49:00,20.0,0,0,1,18.0,0,0,,,0,,0,,,,,,,0,0,0,normal
15889999,특번,2026-07-19 09:00:00,9.0,0,0,1,38.36,0,0,,,1,2106.55,1,1.0,0.0,,,,,0,0,0,normal
15888377,특번,2026-07-01 03:01:00,3.0,0,0,0,,0,1,0.0,1.0,0,,0,,,,,,,0,0,0,normal
07078744227,070(인터넷전화),2026-09-04 01:03:00,1.0,0,0,0,,0,0,,,0,,0,,,,,,,0,0,0,normal
16706250,특번,2026-01-08 10:46:00,10.0,0,0,0,,0,1,1.0,1.0,1,92.41,0,,,,,,,0,0,0,normal
01040958635,010,2026-07-31 15:14:00,15.0,0,1,1,39.22,1,1,0.0,1.0,0,,0,,,,,,,0,0,0,normal
15221000,특번,2026-05-13 00:42:00,0.0,0,0,0,,0,0,,,0,,0,,,,,,,0,0,0,normal
01006224174,010,2026-10-22 23:53:00,23.0,0,1,1,185.53,1,0,,,0,,0,,,,,,,0,0,0,normal
15991916,특번,2026-07-01 22:11:00,22.0,1,0,1,2.04,0,0,,,0,,1,1.0,0.0,,,,,0,0,0,normal
18000678,특번,2026-11-21 05:25:00,5.0,0,0,0,,0,0,,,0,,0,,,,,,,0,0,0,normal
01077781088,010,2026-03-19 16:15:00,16.0,0,1,0,,1,1,1.0,1.0,0,,0,,,,,,,0,0,0,normal
16046687,특번,2026-01-21 01:02:00,1.0,1,0,0,,0,0,,,0,,0,,,,,,,0,0,0,normal
01056237246,010,2026-07-15 12:45:00,12.0,1,1,1,258.8,0,0,,,0,,0,,,,,,,0,0,0,normal
15221000,특번,2026-10-04 12:39:00,12.0,0,0,0,,0,0,,,1,86.18,1,1.0,0.0,,,,,0,0,0,normal
01011995376,010,2026-11-04 01:17:00,1.0,0,1,0,,1,0,,,0,,0,,,,,,,0,0,0,normal
01057872390,010,2026-05-24 15:15:00,15.0,0,1,0,,1,1,0.0,1.0,0,,0,,,,,,,0,0,0,normal
01065632267,010,2026-02-21 21:45:00,21.0,1,1,1,2.04,1,0,,,0,,1,1.0,0.0,,,,,0,0,0,normal
16000400,특번,2026-12-27 20:06:00,20.0,0,0,0,,0,0,,,0,,1,1.0,0.0,,,,,0,0,0,normal
15999010,특번,2026-02-27 04:41:00,4.0,1,0,1,15.32,0,0,,,0,,0,,,,,,,0,0,0,normal
15443000,특번,2026-08-28 02:30:00,2.0,0,0,0,,0,1,0.0,1.0,0,,0,,,,,,,0,0,0,normal
01094412833,010,2026-07-01 03:00:00,3.0,0,1,1,2.23,1,0,,,0,,0,,,,,,,0,0,0,normal
16449999,특번,2026-05-30 13:38:00,13.0,0,0,1,5.76,0,0,,,0,,0,,,,,,,0,0,0,normal
01055044057,010,2026-03-22 16:35:00,16.0,1,1,1,2.3,1,0,,,0,,1,1.0,0.0,,,,,0,0,0,normal
01018436602,010,2026-01-12 13:45:00,13.0,0,1,1,90.33,1,1,0.0,1.0,1,1.49,0,,,,,,,0,0,0,normal
15881900,특번,2026-12-05 01:58:00,1.0,0,0,0,,0,1,0.0,1.0,0,,0,,,,,,,0,0,0,normal
15882001,특번,2026-01-02 08:14:00,8.0,1,0,1,57.44,0,1,0.0,1.0,0,,0,,,,,,,0,0,0,normal
01060564329,010,2026-01-08 20:46:00,20.0,0,1,1,74.14,1,1,0.0,1.0,0,,0,,,,,,,0,0,0,normal
01005703996,010,2026-05-30 20:09:00,20.0,0,1,1,85.08,1,1,0.0,1.0,0,,0,,,,,,,0,0,0,normal
16617654,특번,2026-06-30 17:02:00,17.0,0,0,0,,0,0,,,0,,0,,,,,,,0,0,0,normal
15771000,특번,2026-12-18 23:58:00,23.0,1,0,0,,0,0,,,0,,0,,,,,,,0,0,0,normal
16706250,특번,2026-06-30 16:39:00,16.0,1,0,1,75.1,0,0,,,0,,0,,,,,,,0,0,0,normal
15885050,특번,2026-03-28 12:45:00,12.0,0,0,0,,0,0,,,0,,0,,,,,,,0,0,0,normal
15777011,특번,2026-08-03 21:57:00,21.0,0,0,0,,0,0,,,0,,0,,,,,,,0,0,0,normal
01086694086,010,2026-09-21 13:54:00,13.0,1,1,1,6.71,1,0,,,0,,1,1.0,0.0,,,,,0,0,0,normal
15660123,특번,2026-05-21 12:45:00,12.0,0,1,0,,0,0,,,0,,1,1.0,0.0,,,,,0,0,0,normal
01035210481,010,2026-03-28 08:41:00,8.0,1,1,1,4.69,1,0,,,0,,0,,,,,,,0,0,0,normal
15880037,특번,2026-05-29 19:43:00,19.0,1,0,0,,0,1,0.0,1.0,0,,1,1.0,0.0,,,,,0,0,0,normal
01006511768,010,2026-04-28 06:37:00,6.0,1,1,0,,1,0,,,0,,0,,,,,,,0,0,0,normal
15221000,특번,2026-06-21 15:09:00,15.0,0,0,0,,0,1,0.0,1.0,0,,0,,,,,,,0,0,0,normal
01039943109,010,2026-09-13 15:58:00,15.0,0,1,0,,1,0,,,0,,1,1.0,0.0,,,,,0,1,0,normal
15448000,특번,2026-04-21 10:56:00,10.0,0,1,0,,0,0,,,0,,0,,,,,,,0,0,0,normal
15448527,특번,2026-02-14 04:46:00,4.0,0,0,0,,0,0,,,1,14.37,1,1.0,0.0,,,,,0,0,0,normal
16004000,특번,2026-09-21 17:47:00,17.0,0,0,1,11.94,0,0,,,0,,0,,,,,,,0,0,0,normal
01045768321,010,2026-01-18 13:20:00,13.0,0,1,1,556.65,1,1,0.0,1.0,0,,1,1.0,0.0,,,,,0,0,0,normal
03180751228,기타,2026-02-19 17:08:00,17.0,1,0,0,,0,1,0.0,1.0,0,,0,,,,,,,0,0,0,normal
15883388,특번,2026-04-17 12:46:00,12.0,1,0,0,,0,0,,,0,,1,1.0,0.0,,,,,0,0,0,normal
15443000,특번,2026-12-14 19:05:00,19.0,0,0,0,,0,1,0.0,1.0,0,,1,1.0,0.0,,,,,0,0,0,normal
01038041917,010,2026-03-03 21:59:00,21.0,1,1,1,421.25,1,0,,,0,,0,,,,,,,0,0,0,normal
01088214236,010,2026-05-29 10:14:00,10.0,0,0,1,1444.12,0,0,,,1,44760.71,0,,,,,,,0,0,1,loan
15444200,특번,2026-10-31 11:40:00,11.0,0,0,0,,0,1,0.0,1.0,0,,1,1.0,0.0,,,,,0,0,0,normal
15991900,특번,2026-06-05 09:28:00,9.0,1,0,0,,0,0,,,0,,1,1.0,0.0,,,,,0,0,0,normal
023370415,02(서울 유선),2026-01-22 07:57:00,7.0,0,0,1,37.93,0,0,,,0,,0,,,,,,,0,0,0,normal
16008585,특번,2026-04-02 18:41:00,18.0,0,0,0,,0,1,0.0,1.0,0,,0,,,,,,,0,0,0,normal
15440080,특번,2026-04-21 05:53:00,5.0,0,0,1,36.8,0,1,0.0,1.0,0,,0,,,,,,,0,0,0,normal
15991916,특번,2026-05-09 23:52:00,23.0,0,0,0,,0,1,0.0,1.0,0,,1,1.0,1.0,,,,,0,0,0,normal
15448000,특번,2026-09-02 21:49:00,21.0,0,0,0,,0,1,0.0,1.0,0,,0,,,,,,,0,0,0,normal
15669009,특번,2026-10-05 23:02:00,23.0,0,0,0,,0,1,0.0,1.0,0,,0,,,,,,,0,0,0,normal
15993333,특번,2026-06-18 23:38:00,23.0,0,0,0,,0,0,,,0,,1,1.0,0.0,,,,,0,0,0,normal
01030173167,010,2026-03-10 08:50:00,8.0,0,1,1,11.2,1,1,0.0,1.0,0,,0,,,,,,,0,0,0,normal
01005338824,010,2026-11-13 22:16:00,22.0,0,1,0,,1,0,,,0,,0,,,,,,,0,0,0,normal
15443030,특번,2026-10-19 12:49:00,12.0,0,0,0,,0,0,,,0,,1,1.0,0.0,,,,,0,0,0,normal
16000400,특번,2026-06-02 22:35:00,22.0,0,0,0,,0,0,,,1,70.18,0,,,,,,,0,0,0,normal
01033700715,010,2026-01-07 11:34:00,11.0,1,1,1,1.64,1,0,,,0,,1,1.0,0.0,,,,,0,0,0,normal
15883500,특번,2026-12-12 01:21:00,1.0,1,0,0,,0,0,,,0,,1,1.0,0.0,,,,,0,0,0,normal
16008172,특번,2026-05-14 13:07:00,13.0,0,0,0,,0,1,0.0,1.0,0,,0,,,,,,,0,0,0,normal
0262752275,02(서울 유선),2026-08-28 09:21:00,9.0,0,0,0,,0,1,0.0,1.0,0,,0,,,,,,,0,0,0,normal
00763009763,00X(국제),2026-05-16 18:53:00,18.0,0,0,0,,0,1,0.0,1.0,0,,1,1.0,0.0,,,,,1,0,0,normal
15441120,특번,2026-09-30 09:07:00,9.0,0,0,0,,0,0,,,0,,0,,,,,,,0,0,0,normal
15888801,특번,2026-05-05 20:09:00,20.0,1,0,1,267.41,0,0,,,0,,0,,,,,,,0,0,0,normal
15999999,특번,2026-12-08 12:52:00,12.0,1,0,0,,0,0,,,0,,1,1.0,0.0,,,,,0,0,0,normal
15771000,특번,2026-06-11 22:15:00,22.0,0,0,0,,0,0,,,1,5.62,1,1.0,0.0,,,,,0,0,0,normal
16446000,특번,2026-09-04 13:58:00,13.0,0,0,0,,0,1,0.0,1.0,0,,1,1.0,0.0,,,,,0,0,0,normal
15881900,특번,2026-05-20 03:13:00,3.0,0,0,0,,0,0,,,0,,0,,,,,,,0,0,0,normal
16445425,특번,2026-12-20 01:40:00,1.0,0,0,0,,0,1,0.0,1.0,0,,1,1.0,0.0,,,,,0,0,0,normal
01051066605,010,2026-02-02 05:42:00,5.0,0,1,1,10.17,1,0,,,1,301.59,0,,,,,,,0,0,0,normal
15883651,특번,2026-03-25 23:44:00,23.0,0,0,0,,0,0,,,0,,1,1.0,0.0,,,,,0,0,0,normal
15886200,특번,2026-05-11 01:15:00,1.0,1,0,0,,0,0,,,0,,0,,,,,,,0,0,0,normal
01012710267,010,2026-10-04 05:58:00,5.0,0,1,0,,1,1,0.0,1.0,0,,1,1.0,0.0,,,,,0,0,0,normal
15773419,특번,2026-10-16 03:52:00,3.0,0,0,0,,0,0,,,0,,0,,,,,,,0,0,0,normal
01098982054,010,2026-03-10 01:46:00,1.0,0,1,1,213.22,1,0,,,1,0.75,0,,,,,,,0,0,0,normal
16008172,특번,2026-06-26 09:36:00,9.0,0,1,0,,0,0,,,0,,0,,,,,,,0,0,0,normal
15881500,특번,2026-07-09 00:29:00,0.0,0,0,0,,0,0,,,0,,0,,,,,,,0,0,0,normal
15443800,특번,2026-01-17 13:19:00,13.0,0,0,1,2.89,0,1,0.0,1.0,0,,0,,,,,,,0,0,0,normal
15881500,특번,2026-12-19 11:42:00,11.0,0,0,0,,0,1,0.0,1.0,0,,0,,,,,,,0,0,0,normal
16080869,특번,2026-12-18 15:50:00,15.0,1,0,0,,0,1,0.0,1.0,0,,0,,,,,,,0,0,0,normal
15886565,특번,2026-11-09 16:34:00,16.0,0,0,0,,0,0,,,1,100.45,0,,,,,,,0,0,0,normal
01027177326,010,2026-11-26 14:31:00,14.0,0,0,1,615.68,0,1,1.0,1.0,1,2205.4,0,,,,,,,0,1,1,institution
15441120,특번,2026-12-21 15:39:00,15.0,0,0,1,8.93,0,1,0.0,1.0,0,,0,,,,,,,0,0,0,normal
01099000940,010,2026-10-25 20:30:00,20.0,0,1,1,8.8,1,1,0.0,1.0,0,,0,,,,,,,0,0,0,normal
01070616537,010,2026-06-10 00:01:00,0.0,1,1,0,,1,0,,,0,,1,1.0,0.0,,,,,0,0,0,normal
01007154818,010,2026-04-25 12:52:00,12.0,0,0,1,2271.69,0,1,1.0,0.0,1,400.49,1,0.0,0.0,,,,,0,0,1,institution
15993333,특번,2026-07-04 15:11:00,15.0,0,0,0,,0,1,0.0,1.0,0,,0,,,,,,,0,0,0,normal
025669998,02(서울 유선),2026-01-23 23:54:00,23.0,0,0,0,,0,1,0.0,1.0,0,,0,,,,,,,0,0,0,normal
070804044,070(인터넷전화),2026-03-13 02:53:00,2.0,1,0,0,,0,0,,,0,,1,1.0,0.0,,,,,0,0,0,normal
030959569,기타,2026-03-30 14:04:00,14.0,0,1,1,5.86,0,0,,,0,,0,,,,,,,0,0,0,normal
15661277,특번,2026-06-29 23:00:00,23.0,0,0,0,,0,1,0.0,1.0,0,,0,,,,,,,0,0,0,normal
0423317505,기타,2026-12-13 10:04:00,10.0,1,0,0,,0,0,,,0,,0,,,,,,,0,0,0,normal
01079268248,010,2026-06-22 13:24:00,13.0,0,1,1,2.64,1,0,,,0,,0,,,,,,,0,0,0,normal
16008172,특번,2026-07-14 10:04:00,10.0,0,0,0,,0,0,,,0,,0,,,,,,,0,0,0,normal
15880079,특번,2026-05-27 13:39:00,13.0,1,0,0,,0,0,,,0,,0,,,,,,,0,0,0,normal
15771000,특번,2026-05-04 23:05:00,23.0,1,0,0,,0,0,,,0,,1,1.0,0.0,,,,,0,0,0,normal
15443030,특번,2026-04-29 18:29:00,18.0,1,0,0,,0,0,,,0,,0,,,,,,,0,0,0,normal
15773419,특번,2026-02-23 08:17:00,8.0,0,0,0,,0,1,0.0,1.0,0,,0,,,,,,,0,0,0,normal
15666000,특번,2026-01-19 09:03:00,9.0,0,0,0,,0,1,0.0,1.0,0,,0,,,,,,,0,0,0,normal
01060641668,010,2026-03-01 06:50:00,6.0,1,1,0,,1,0,,,0,,0,,,,,,,0,0,0,normal
01009339137,010,2026-06-07 20:32:00,20.0,0,0,1,31.27,1,1,1.0,1.0,0,,0,,,,,,,0,0,0,normal
01042095367,010,2026-11-17 16:57:00,16.0,0,0,0,,0,0,,,1,1126.93,1,0.0,0.0,,,,,0,1,1,loan
15221000,특번,2026-07-14 17:59:00,17.0,0,0,0,,0,1,0.0,1.0,0,,1,1.0,0.0,,,,,0,0,0,normal
01077793864,010,2026-01-16 16:17:00,16.0,0,0,0,,0,0,,,1,4346.61,1,0.0,0.0,,,,,0,0,1,acquaintance
01091294431,010,2026-07-21 19:47:00,19.0,1,1,0,,1,0,,,0,,0,,,,,,,0,0,0,normal
15889999,특번,2026-06-25 03:27:00,3.0,0,0,0,,0,0,,,0,,1,1.0,0.0,,,,,0,0,0,normal
15886565,특번,2026-10-16 13:15:00,13.0,0,0,0,,0,1,0.0,1.0,1,39.57,0,,,,,,,0,0,0,normal
15443002,특번,2026-07-30 22:22:00,22.0,0,0,0,,0,1,0.0,1.0,1,104.78,0,,,,,,,0,0,0,normal
01087240364,010,2026-01-30 09:36:00,9.0,0,1,1,2.83,1,1,0.0,1.0,0,,0,,,,,,,0,0,0,normal
01098990207,010,2026-12-05 13:30:00,13.0,0,0,1,4.72,1,1,0.0,1.0,0,,0,,,,,,,0,0,0,normal
15998000,특번,2026-03-03 21:10:00,21.0,0,0,0,,0,0,,,0,,0,,,,,,,0,0,0,normal
15884477,특번,2026-01-01 22:30:00,22.0,0,0,1,212.13,0,0,,,0,,0,,,,,,,0,0,0,normal
15223000,특번,2026-05-22 10:40:00,10.0,1,0,0,,0,1,0.0,1.0,0,,0,,,,,,,0,0,0,normal
01045405360,010,2026-10-19 02:20:00,2.0,0,1,1,2.83,1,0,,,0,,0,,,,,,,0,0,0,normal
15919412,특번,2026-04-29 15:51:00,15.0,0,0,1,0.54,0,0,,,0,,0,,,,,,,0,0,0,normal
16445425,특번,2026-04-22 01:36:00,1.0,0,0,0,,0,0,,,1,59.8,1,1.0,0.0,,,,,0,0,0,normal
023370415,02(서울 유선),2026-04-02 03:56:00,3.0,1,0,0,,0,0,,,0,,0,,,,,,,0,0,0,normal
15880079,특번,2026-09-30 20:50:00,20.0,1,0,0,,0,1,0.0,1.0,0,,0,,,,,,,0,1,0,normal
15883651,특번,2026-11-07 15:08:00,15.0,1,0,0,,0,1,0.0,1.0,0,,0,,,,,,,0,0,0,normal
15884477,특번,2026-05-10 04:40:00,4.0,1,0,0,,0,0,,,0,,0,,,,,,,0,0,0,normal
16008585,특번,2026-05-14 13:55:00,13.0,0,0,1,0.61,0,1,0.0,1.0,0,,1,1.0,0.0,,,,,0,0,0,normal
01074326924,010,2026-07-24 21:56:00,21.0,0,1,1,140.77,1,0,,,0,,1,1.0,0.0,,,,,0,0,0,normal
15881515,특번,2026-05-18 13:22:00,13.0,0,0,0,,0,0,,,0,,0,,,,,,,0,0,0,normal
16613000,특번,2026-06-21 00:25:00,0.0,0,0,0,,0,0,,,0,,0,,,,,,,0,0,0,normal
15886565,특번,2026-11-18 12:16:00,12.0,1,0,0,,0,1,0.0,1.0,0,,0,,,,,,,0,0,0,normal
16197096,특번,2026-04-22 22:09:00,22.0,0,0,0,,0,1,0.0,1.0,0,,1,1.0,0.0,,,,,0,0,0,normal
003800329633,00X(국제),2026-07-13 04:12:00,4.0,0,0,0,,0,1,0.0,1.0,0,,0,,,,,,,1,0,0,normal
05012233,기타,2026-10-03 09:26:00,9.0,0,0,0,,0,0,,,0,,0,,,,,,,0,0,0,normal
15446399,특번,2026-02-22 09:13:00,9.0,0,0,0,,0,1,0.0,1.0,0,,0,,,,,,,0,0,0,normal
0075192677,00X(국제),2026-09-16 00:10:00,0.0,1,0,0,,0,1,0.0,1.0,0,,0,,,,,,,1,0,0,normal
15443002,특번,2026-05-09 21:44:00,21.0,1,0,0,,0,0,,,0,,0,,,,,,,0,0,0,normal
15880079,특번,2026-03-17 13:27:00,13.0,0,0,0,,1,0,,,0,,1,1.0,0.0,,,,,0,0,0,normal
16008172,특번,2026-01-08 14:52:00,14.0,0,0,0,,0,0,,,0,,0,,,,,,,0,0,0,normal
15888585,특번,2026-03-06 13:48:00,13.0,0,0,0,,0,1,0.0,1.0,1,14.09,0,,,,,,,0,0,0,normal
15884477,특번,2026-08-17 21:56:00,21.0,1,0,0,,0,0,,,0,,0,,,,,,,0,0,0,normal
18116688,특번,2026-10-29 11:59:00,11.0,0,0,0,,0,0,,,1,76.54,0,,,,,,,0,0,0,normal
15771000,특번,2026-07-26 08:28:00,8.0,0,0,0,,0,1,0.0,1.0,0,,0,,,,,,,0,0,0,normal
03180751228,기타,2026-04-01 08:46:00,8.0,0,0,0,,0,0,,,0,,0,,,,,,,0,0,0,normal
0423317505,기타,2026-07-24 16:19:00,16.0,0,0,0,,0,0,,,0,,0,,,,,,,0,0,0,normal
15777011,특번,2026-05-25 06:52:00,6.0,1,0,0,,0,1,0.0,1.0,0,,0,,,,,,,0,0,0,normal
0024462201656,00X(국제),2026-10-25 02:54:00,2.0,0,0,0,,0,1,0.0,1.0,0,,0,,,,,,,1,0,0,normal
01023481094,010,2026-08-25 22:03:00,22.0,0,1,1,2.08,1,0,,,0,,1,1.0,0.0,,,,,0,0,0,normal
15440080,특번,2026-11-18 16:25:00,16.0,0,0,0,,0,0,,,0,,0,,,,,,,0,0,0,normal
0052775841616,00X(국제),2026-05-12 09:42:00,9.0,0,0,0,,0,1,0.0,1.0,0,,0,,,,,,,1,0,0,normal
01007553666,010,2026-08-07 04:32:00,4.0,0,1,0,,1,1,0.0,1.0,0,,0,,,,,,,0,0,0,normal
16449999,특번,2026-07-22 10:00:00,10.0,1,0,1,19.09,0,0,,,0,,0,,,,,,,0,0,0,normal
15777011,특번,2026-09-30 08:59:00,8.0,1,0,1,1.86,0,0,,,0,,1,1.0,0.0,,,,,0,0,0,normal
01069948385,010,2026-10-22 20:36:00,20.0,1,1,1,107.01,1,0,,,0,,0,,,,,,,0,0,0,normal
15888000,특번,2026-08-12 12:41:00,12.0,0,0,0,,0,0,,,0,,0,,,,,,,0,0,0,normal
07047040,070(인터넷전화),2026-12-18 07:49:00,7.0,0,0,0,,0,0,,,0,,0,,,,,,,0,0,0,normal
00121015106,00X(국제),2026-02-04 07:17:00,7.0,1,0,0,,0,0,,,0,,1,1.0,0.0,,,,,1,0,0,normal
15882588,특번,2026-05-31 22:06:00,22.0,1,0,0,,0,0,,,0,,0,,,,,,,0,0,0,normal
15773419,특번,2026-09-28 23:12:00,23.0,1,0,0,,0,0,,,0,,0,,,,,,,0,0,0,normal
15881900,특번,2026-09-07 12:36:00,12.0,1,0,0,,0,1,1.0,1.0,0,,0,,,,,,,0,0,0,normal
03180751228,기타,2026-06-12 22:38:00,22.0,1,0,0,,0,1,0.0,1.0,0,,0,,,,,,,0,0,0,normal
18997047,특번,2026-02-09 21:08:00,21.0,1,0,0,,0,1,0.0,1.0,0,,0,,,,,,,0,0,0,normal
15441120,특번,2026-01-11 14:04:00,14.0,0,0,0,,0,0,,,0,,0,,,,,,,0,0,0,normal
15886565,특번,2026-04-04 18:48:00,18.0,1,0,0,,0,1,0.0,1.0,0,,1,1.0,0.0,,,,,0,0,0,normal
15669009,특번,2026-04-06 19:04:00,19.0,0,0,0,,0,0,,,0,,0,,,,,,,0,0,0,normal
15448527,특번,2026-01-15 14:26:00,14.0,1,0,0,,0,1,0.0,1.0,0,,1,1.0,0.0,,,,,0,0,0,normal
0808221416,기타,2026-03-18 13:46:00,13.0,1,0,1,451.63,0,0,,,0,,1,1.0,0.0,,,,,0,0,0,normal
01021454781,010,2026-11-07 00:48:00,0.0,1,1,1,0.13,1,0,,,0,,1,1.0,0.0,,,,,0,0,0,normal
01097191260,010,2026-04-20 21:43:00,21.0,1,1,0,,1,0,,,0,,0,,,,,,,0,0,0,normal
07040788026,070(인터넷전화),2026-08-23 06:02:00,6.0,0,0,0,,0,1,0.0,1.0,0,,0,,,,,,,0,0,0,normal
01060557047,010,2026-11-21 15:27:00,15.0,1,1,1,0.29,1,0,,,0,,0,,,,,,,0,0,0,normal
15881500,특번,2026-11-14 01:47:00,1.0,0,0,0,,0,0,,,0,,0,,,,,,,0,0,0,normal
15661277,특번,2026-01-21 13:41:00,13.0,1,0,0,,0,1,0.0,1.0,0,,0,,,,,,,0,0,0,normal
16000400,특번,2026-11-23 06:07:00,6.0,0,0,1,18.44,0,0,,,0,,0,,,,,,,0,0,0,normal
15880079,특번,2026-03-21 06:16:00,6.0,0,0,0,,0,1,0.0,1.0,0,,1,1.0,0.0,,,,,0,0,0,normal
15443800,특번,2026-12-31 02:04:00,2.0,0,0,1,7.9,0,1,0.0,1.0,1,0.56,1,1.0,0.0,,,,,0,0,0,normal
01049513396,010,2026-11-07 06:33:00,6.0,1,1,1,5.39,1,0,,,0,,0,,,,,,,0,0,0,normal
15440010,특번,2026-10-12 17:17:00,17.0,0,0,0,,0,1,0.0,1.0,1,69.74,0,,,,,,,0,0,0,normal
0423317505,기타,2026-12-13 20:28:00,20.0,0,0,0,,0,0,,,0,,0,,,,,,,0,0,0,normal
01001943058,010,2026-08-09 16:37:00,16.0,0,1,1,12.55,1,0,,,0,,0,,,,,,,0,0,0,normal
01095612137,010,2026-12-21 01:47:00,1.0,0,1,1,1.84,1,1,0.0,1.0,0,,0,,,,,,,0,0,0,normal
15221000,특번,2026-02-15 13:43:00,13.0,1,0,1,20.61,0,0,,,0,,0,,,,,,,0,0,0,normal
01015573222,010,2026-05-15 03:56:00,3.0,0,1,1,739.46,1,1,0.0,1.0,0,,0,,,,,,,0,0,0,normal
01097064064,010,2026-03-06 07:45:00,7.0,0,1,0,,1,1,0.0,1.0,0,,0,,,,,,,0,0,0,normal
01032723566,010,2026-04-30 13:05:00,13.0,0,1,0,,1,0,,,0,,0,,,,,,,0,0,0,normal
15444200,특번,2026-07-01 01:21:00,1.0,0,0,0,,0,1,0.0,1.0,0,,0,,,,,,,0,1,0,normal
15883500,특번,2026-08-02 13:40:00,13.0,0,0,0,,0,0,,,0,,0,,,,,,,0,0,0,normal
15223000,특번,2026-05-02 16:50:00,16.0,0,0,0,,0,1,0.0,1.0,0,,1,1.0,0.0,,,,,0,0,0,normal
15884477,특번,2026-08-15 09:22:00,9.0,0,0,0,,0,0,,,1,4.42,0,,,,,,,0,0,0,normal
0071038919,00X(국제),2026-03-25 20:25:00,20.0,1,0,1,84.6,0,1,0.0,1.0,0,,1,1.0,0.0,,,,,1,0,0,normal
15881900,특번,2026-10-11 14:31:00,14.0,1,0,0,,0,0,,,0,,1,1.0,0.0,,,,,0,0,0,normal
16449999,특번,2026-12-27 20:58:00,20.0,0,0,1,32.8,0,0,,,0,,0,,,,,,,0,0,0,normal
07000337522,070(인터넷전화),2026-10-15 17:56:00,17.0,1,0,1,2.68,0,1,0.0,1.0,0,,0,,,,,,,0,0,0,normal
16560249,특번,2026-05-03 01:11:00,1.0,1,0,0,,0,1,0.0,1.0,0,,0,,,,,,,0,0,0,normal
0423317505,기타,2026-01-06 22:54:00,22.0,1,0,0,,0,0,,,0,,0,,,,,,,0,0,0,normal
01022897434,010,2026-12-19 11:25:00,11.0,0,1,1,734.09,1,0,,,1,5.92,0,,,,,,,0,0,0,normal
01002621083,010,2026-01-10 15:47:00,15.0,0,1,0,,1,0,,,1,28.6,0,,,,,,,0,0,0,normal
15771000,특번,2026-01-01 06:37:00,6.0,1,0,1,2.93,0,0,,,0,,0,,,,,,,0,0,0,normal
01045165591,010,2026-08-27 18:59:00,18.0,0,1,0,,1,1,0.0,1.0,0,,0,,,,,,,0,0,0,normal
16663060,특번,2026-12-11 18:08:00,18.0,0,0,0,,0,1,0.0,1.0,0,,0,,,,,,,0,0,0,normal
15441077,특번,2026-09-08 16:11:00,16.0,0,0,0,,0,1,0.0,1.0,0,,0,,,,,,,0,0,0,normal
15448527,특번,2026-12-10 05:40:00,5.0,0,0,0,,0,1,0.0,1.0,0,,0,,,,,,,0,0,0,normal
16612207,특번,2026-01-09 12:10:00,12.0,0,0,0,,0,1,0.0,1.0,0,,1,1.0,0.0,,,,,0,0,0,normal
15443002,특번,2026-01-14 10:49:00,10.0,0,0,0,,0,0,,,0,,1,1.0,0.0,,,,,0,0,0,normal
15771000,특번,2026-05-02 18:18:00,18.0,0,0,0,,0,1,1.0,1.0,0,,0,,,,,,,0,0,0,normal
01044761494,010,2026-05-26 08:08:00,8.0,0,1,0,,1,0,,,0,,0,,,,,,,0,0,0,normal
15886565,특번,2026-04-04 09:09:00,9.0,0,0,0,,0,0,,,1,27.37,0,,,,,,,0,0,0,normal
01026622549,010,2026-04-22 23:40:00,23.0,1,1,1,66.63,1,1,0.0,1.0,0,,0,,,,,,,0,0,0,normal
15883651,특번,2026-12-21 12:35:00,12.0,1,1,0,,0,1,0.0,1.0,0,,0,,,,,,,0,0,0,normal
15221000,특번,2026-08-12 08:33:00,8.0,1,0,0,,0,1,0.0,1.0,0,,0,,,,,,,0,0,0,normal
15991111,특번,2026-05-17 08:09:00,8.0,1,0,0,,0,1,0.0,1.0,0,,0,,,,,,,0,0,0,normal
01032165808,010,2026-12-01 15:03:00,15.0,0,1,0,,1,1,1.0,1.0,0,,0,,,,,,,0,0,0,normal
15440080,특번,2026-10-26 14:40:00,14.0,0,0,0,,0,1,0.0,1.0,0,,0,,,,,,,0,0,0,normal
01087787000,010,2026-09-06 09:08:00,9.0,0,1,1,521.91,1,0,,,0,,0,,,,,,,0,0,0,normal
15448527,특번,2026-01-18 09:51:00,9.0,0,0,0,,0,0,,,1,147.25,0,,,,,,,0,0,0,normal
01012063175,010,2026-09-09 08:55:00,8.0,1,1,1,46.28,1,0,,,0,,1,1.0,0.0,,,,,0,0,0,normal
023370415,02(서울 유선),2026-05-09 01:03:00,1.0,1,0,0,,0,1,0.0,1.0,0,,0,,,,,,,0,0,0,normal
15441120,특번,2026-11-16 20:08:00,20.0,0,0,0,,0,0,,,0,,0,,,,,,,0,0,0,normal
0614567322,기타,2026-05-29 21:59:00,21.0,0,0,0,,0,0,,,0,,0,,,,,,,0,0,0,normal
15999999,특번,2026-10-12 23:02:00,23.0,0,0,1,5.04,0,0,,,0,,1,1.0,0.0,,,,,0,0,0,normal
01060519170,010,2026-04-27 14:41:00,14.0,1,1,0,,1,1,0.0,1.0,0,,1,1.0,0.0,,,,,0,0,0,normal
15443800,특번,2026-06-10 02:28:00,2.0,0,1,0,,0,1,0.0,1.0,0,,0,,,,,,,0,0,0,normal
15998888,특번,2026-02-11 14:56:00,14.0,0,0,0,,0,1,1.0,1.0,0,,0,,,,,,,0,0,0,normal
023370415,02(서울 유선),2026-10-25 01:21:00,1.0,0,0,0,,0,0,,,1,44.83,0,,,,,,,0,0,0,normal
15888377,특번,2026-07-30 14:46:00,14.0,0,0,0,,0,0,,,0,,0,,,,,,,0,0,0,normal
01057759017,010,2026-09-18 20:23:00,20.0,1,1,0,,1,0,,,0,,0,,,,,,,0,0,0,normal
01041810072,010,2026-01-19 12:19:00,12.0,0,1,0,,1,0,,,1,3.42,1,1.0,0.0,,,,,0,0,0,normal
15662566,특번,2026-12-17 19:58:00,19.0,0,0,0,,0,1,0.0,1.0,0,,1,1.0,0.0,,,,,0,0,0,normal
01073095079,010,2026-06-02 14:53:00,14.0,1,1,0,,1,1,0.0,1.0,0,,1,1.0,0.0,,,,,0,0,0,normal
15990011,특번,2026-07-03 12:47:00,12.0,1,0,0,,0,0,,,0,,1,1.0,0.0,,,,,0,0,0,normal
0532724495,기타,2026-05-09 12:14:00,12.0,1,0,0,,0,1,0.0,1.0,0,,1,1.0,0.0,,,,,0,0,0,normal
01000920536,010,2026-08-22 23:55:00,23.0,0,1,1,6.77,1,1,0.0,1.0,0,,1,1.0,0.0,,,,,0,0,0,normal
01088396838,010,2026-04-03 14:53:00,14.0,0,1,1,567.41,1,0,,,0,,0,,,,,,,0,0,0,normal
15884477,특번,2026-03-31 19:53:00,19.0,0,0,0,,0,0,,,1,3.33,0,,,,,,,0,0,0,normal
15881500,특번,2026-05-09 03:54:00,3.0,1,0,1,186.39,0,0,,,0,,0,,,,,,,0,0,0,normal
01037013760,010,2026-11-29 08:04:00,8.0,0,1,0,,1,1,0.0,1.0,0,,1,1.0,0.0,,,,,0,0,0,normal
01091605390,010,2026-10-09 17:37:00,17.0,1,1,1,11.95,1,0,,,0,,0,,,,,,,0,1,0,normal
01003309232,010,2026-12-11 20:04:00,20.0,1,1,1,31.1,1,1,0.0,1.0,0,,1,1.0,0.0,,,,,0,0,0,normal
15880079,특번,2026-04-15 18:21:00,18.0,0,0,0,,0,1,0.0,1.0,0,,0,,,,,,,0,0,0,normal
15887270,특번,2026-02-25 08:25:00,8.0,1,0,0,,0,1,0.0,1.0,0,,0,,,,,,,0,0,0,normal
01005915419,010,2026-10-29 01:55:00,1.0,0,1,0,,1,0,,,1,6.02,0,,,,,,,0,0,0,normal
15221155,특번,2026-01-22 02:41:00,2.0,0,0,0,,0,0,,,0,,0,,,,,,,0,0,0,normal
15885050,특번,2026-06-12 23:05:00,23.0,0,0,0,,0,1,0.0,1.0,0,,0,,,,,,,0,0,0,normal
15446399,특번,2026-12-05 00:52:00,0.0,0,0,0,,0,0,,,1,3.05,1,1.0,0.0,,,,,0,0,0,normal
15990011,특번,2026-02-02 14:59:00,14.0,0,0,0,,0,1,0.0,1.0,1,29.04,0,,,,,,,0,0,0,normal
15661277,특번,2026-04-01 10:44:00,10.0,0,0,0,,0,0,,,0,,0,,,,,,,0,0,0,normal
15998500,특번,2026-03-07 06:04:00,6.0,1,0,0,,0,0,,,0,,0,,,,,,,0,0,0,normal
01087375300,010,2026-03-06 19:26:00,19.0,1,1,1,2.4,1,0,,,0,,0,,,,,,,0,0,0,normal
16663060,특번,2026-04-08 20:38:00,20.0,1,0,0,,0,1,0.0,1.0,0,,0,,,,,,,0,0,0,normal
15991900,특번,2026-06-18 13:19:00,13.0,0,0,0,,0,0,,,0,,0,,,,,,,0,1,0,normal
16449999,특번,2026-02-07 17:37:00,17.0,0,0,0,,0,0,,,0,,0,,,,,,,0,0,0,normal
01068104091,010,2026-08-31 16:39:00,16.0,0,1,1,12.16,1,0,,,0,,0,,,,,,,0,0,0,normal
15661277,특번,2026-12-07 21:47:00,21.0,0,0,0,,0,1,0.0,1.0,1,632.63,0,,,,,,,0,0,0,normal
01036757777,010,2026-06-04 20:46:00,20.0,0,1,1,923.3,1,1,0.0,1.0,0,,1,1.0,0.0,,,,,0,0,0,normal
15883651,특번,2026-03-25 13:13:00,13.0,0,0,0,,0,1,0.0,1.0,0,,0,,,,,,,0,0,0,normal
01032584868,010,2026-11-10 18:12:00,18.0,0,0,0,,0,1,1.0,0.0,1,3870.54,0,,,,,,,0,1,1,institution
15221704,특번,2026-05-21 15:48:00,15.0,1,0,0,,0,0,,,0,,1,1.0,0.0,,,,,0,0,0,normal
002760741464,00X(국제),2026-07-16 19:08:00,19.0,0,0,0,,0,1,0.0,1.0,0,,0,,,,,,,1,0,0,normal
15999999,특번,2026-08-10 19:14:00,19.0,1,0,0,,0,1,0.0,1.0,0,,0,,,,,,,0,0,0,normal
15777011,특번,2026-12-06 14:05:00,14.0,1,0,1,12.43,0,1,0.0,1.0,0,,0,,,,,,,0,0,0,normal
01075749490,010,2026-04-12 23:02:00,23.0,0,1,1,0.58,1,1,0.0,1.0,0,,0,,,,,,,0,0,0,normal
01009074260,010,2026-01-29 11:40:00,11.0,0,1,0,,1,1,0.0,1.0,0,,1,1.0,0.0,,,,,0,0,0,normal
15888801,특번,2026-05-01 10:38:00,10.0,1,0,1,7.25,0,1,0.0,1.0,0,,1,1.0,0.0,,,,,0,0,0,normal
16888114,특번,2026-06-21 14:16:00,14.0,0,0,0,,0,0,,,1,14.12,1,1.0,0.0,,,,,0,0,0,normal
15881515,특번,2026-08-01 20:53:00,20.0,1,0,0,,0,0,,,0,,1,1.0,0.0,,,,,0,0,0,normal
18135521,특번,2026-09-02 11:38:00,11.0,0,0,1,7.32,0,1,1.0,1.0,0,,0,,,,,,,0,0,0,normal
025669998,02(서울 유선),2026-04-13 12:41:00,12.0,0,0,0,,0,0,,,0,,1,1.0,0.0,,,,,0,0,0,normal
15665050,특번,2026-09-06 05:19:00,5.0,0,0,0,,0,1,0.0,1.0,0,,1,1.0,1.0,,,,,0,1,0,normal
01011372447,010,2026-04-25 09:51:00,9.0,1,1,0,,1,1,0.0,1.0,0,,1,1.0,0.0,,,,,0,0,0,normal
16449999,특번,2026-07-12 05:21:00,5.0,0,0,0,,0,1,0.0,1.0,0,,0,,,,,,,0,0,0,normal
15991900,특번,2026-03-11 10:36:00,10.0,0,0,0,,0,1,1.0,1.0,0,,0,,,,,,,0,0,0,normal
01075373732,010,2026-10-16 17:11:00,17.0,1,1,1,10.0,1,1,0.0,1.0,0,,0,,,,,,,0,0,0,normal
16706250,특번,2026-02-15 08:16:00,8.0,1,0,0,,0,1,0.0,1.0,0,,0,,,,,,,0,0,0,normal
01057861706,010,2026-06-20 04:54:00,4.0,1,1,1,1.55,1,0,,,0,,0,,,,,,,0,0,0,normal
01020994999,010,2026-06-18 03:28:00,3.0,0,1,1,34.45,1,1,0.0,1.0,0,,1,1.0,0.0,,,,,0,0,0,normal
15883651,특번,2026-11-04 02:42:00,2.0,1,0,0,,0,0,,,0,,0,,,,,,,0,0,0,normal
01010962272,010,2026-08-07 02:16:00,2.0,0,1,1,1.82,1,1,1.0,1.0,0,,1,1.0,0.0,,,,,0,0,0,normal
15889999,특번,2026-10-31 09:54:00,9.0,0,0,1,168.91,0,0,,,1,0.68,0,,,,,,,0,0,0,normal
15882001,특번,2026-01-29 05:46:00,5.0,0,0,1,11.8,0,1,0.0,1.0,0,,0,,,,,,,0,0,0,normal
0299531273,02(서울 유선),2026-07-14 12:13:00,12.0,1,0,0,,0,1,1.0,0.0,0,,0,,,,,,,0,0,0,normal
15221704,특번,2026-08-20 06:19:00,6.0,0,0,0,,0,1,0.0,1.0,0,,0,,,,,,,0,0,0,normal
0297385779,02(서울 유선),2026-11-22 13:07:00,13.0,1,0,0,,0,1,0.0,1.0,0,,0,,,,,,,0,0,0,normal
01028557498,010,2026-04-27 18:12:00,18.0,0,1,1,46.16,1,1,0.0,1.0,1,8.14,0,,,,,,,0,0,0,normal
0004116788159,00X(국제),2026-11-03 19:12:00,19.0,0,0,0,,0,1,0.0,1.0,0,,0,,,,,,,1,1,0,normal
15887000,특번,2026-06-24 20:42:00,20.0,0,0,1,2.07,0,0,,,0,,0,,,,,,,0,0,0,normal
15881515,특번,2026-10-08 08:58:00,8.0,0,0,0,,0,0,,,1,42.31,0,,,,,,,0,0,0,normal
03180219341,기타,2026-07-30 07:37:00,7.0,1,0,0,,0,1,0.0,1.0,0,,0,,,,,,,0,0,0,normal
15883500,특번,2026-08-15 10:44:00,10.0,0,0,0,,0,1,0.0,1.0,0,,0,,,,,,,0,0,0,normal
01056574808,010,2026-08-16 07:19:00,7.0,0,1,1,39.41,1,1,0.0,1.0,0,,0,,,,,,,0,0,0,normal
01073598933,010,2026-08-03 05:07:00,5.0,0,1,0,,0,0,,,1,3.7,1,1.0,0.0,,,,,0,0,0,normal
15662566,특번,2026-10-13 14:22:00,14.0,0,0,0,,0,0,,,0,,0,,,,,,,0,0,0,normal
01023016049,010,2026-11-05 15:54:00,15.0,0,1,1,48.23,1,0,,,0,,0,,,,,,,0,0,0,normal
01047307480,010,2026-04-19 19:31:00,19.0,0,1,1,1779.23,1,0,,,1,79.29,0,,,,,,,0,0,0,normal
15664295,특번,2026-03-28 01:01:00,1.0,1,0,1,31.62,0,0,,,0,,0,,,,,,,0,0,0,normal
18687304,특번,2026-09-23 01:58:00,1.0,0,0,0,,0,1,0.0,1.0,0,,0,,,,,,,0,0,0,normal
0214567598,02(서울 유선),2026-02-16 00:07:00,0.0,0,0,0,,0,0,,,0,,1,1.0,1.0,,,,,0,0,0,normal
16000400,특번,2026-05-27 21:00:00,21.0,0,0,0,,0,0,,,0,,0,,,,,,,0,0,0,normal
16445425,특번,2026-02-04 09:37:00,9.0,0,0,0,,0,0,,,0,,0,,,,,,,0,0,0,normal
0262752275,02(서울 유선),2026-04-29 10:38:00,10.0,0,0,0,,0,1,0.0,1.0,0,,0,,,,,,,0,0,0,normal
06326433351,기타,2026-11-15 19:39:00,,0,0,0,,0,1,1.0,0.0,0,,1,0.0,0.0,,,,,0,0,1,etc
15448000,특번,2026-05-21 03:06:00,3.0,0,0,0,,0,1,0.0,1.0,1,16.38,0,,,,,,,0,0,0,normal
01068460223,010,2026-09-07 12:35:00,12.0,0,1,1,22.84,1,0,,,0,,0,,,,,,,0,0,0,normal
15990011,특번,2026-05-25 04:08:00,4.0,0,0,0,,0,0,,,0,,0,,,,,,,0,0,0,normal
15771000,특번,2026-04-06 14:24:00,14.0,0,0,0,,0,1,0.0,1.0,0,,1,1.0,0.0,,,,,0,0,0,normal
15660123,특번,2026-12-16 10:08:00,10.0,1,0,0,,0,0,,,0,,1,1.0,0.0,,,,,0,0,0,normal
15991900,특번,2026-11-27 11:01:00,11.0,1,0,0,,0,0,,,0,,0,,,,,,,0,0,0,normal
01037181962,010,2026-08-13 01:46:00,1.0,1,1,1,35.39,1,1,0.0,1.0,0,,0,,,,,,,0,0,0,normal
01098410400,010,2026-06-08 01:53:00,1.0,1,1,1,0.47,1,0,,,0,,1,1.0,0.0,,,,,0,0,0,normal
01019059746,010,2026-06-15 18:53:00,18.0,0,1,1,184.29,1,1,0.0,1.0,1,6.26,1,1.0,0.0,,,,,0,0,0,normal
16446000,특번,2026-07-31 04:49:00,4.0,1,0,1,107.27,0,1,1.0,1.0,0,,1,1.0,0.0,,,,,0,0,0,normal
01012590203,010,2026-09-30 17:22:00,17.0,0,1,1,4.78,1,0,,,0,,0,,,,,,,0,0,0,normal
01022311649,010,2026-03-18 14:59:00,14.0,0,1,1,120.51,1,0,,,0,,0,,,,,,,0,0,0,normal
01097367072,010,2026-03-30 03:02:00,3.0,0,1,1,1884.09,1,1,0.0,1.0,0,,0,,,,,,,0,0,0,normal
15443800,특번,2026-12-12 06:34:00,6.0,0,0,0,,0,0,,,0,,1,1.0,0.0,,,,,0,0,0,normal
15991900,특번,2026-04-18 05:28:00,5.0,0,0,0,,0,1,0.0,1.0,0,,0,,,,,,,0,0,0,normal
15883500,특번,2026-09-11 21:09:00,21.0,1,0,0,,0,0,,,0,,1,1.0,0.0,,,,,0,0,0,normal
15883651,특번,2026-09-20 21:03:00,21.0,0,0,0,,0,0,,,0,,0,,,,,,,0,1,0,normal
023370415,02(서울 유선),2026-10-22 07:51:00,7.0,1,0,0,,0,0,,,0,,1,1.0,0.0,,,,,0,0,0,normal
15999010,특번,2026-01-20 10:20:00,10.0,0,0,0,,0,1,0.0,1.0,1,13.4,0,,,,,,,0,0,0,normal
15443000,특번,2026-11-16 08:11:00,8.0,0,0,0,,0,0,,,0,,1,1.0,0.0,,,,,0,0,0,normal
01088398225,010,2026-11-18 17:43:00,17.0,0,1,1,81.99,1,0,,,0,,0,,,,,,,0,0,0,normal
15669009,특번,2026-04-19 02:10:00,2.0,0,0,0,,0,1,0.0,1.0,0,,1,1.0,0.0,,,,,0,0,0,normal
15448000,특번,2026-04-16 18:41:00,18.0,0,0,0,,0,0,,,0,,0,,,,,,,0,0,0,normal
007036595925,00X(국제),2026-12-15 04:45:00,4.0,0,0,0,,0,0,,,0,,0,,,,,,,1,0,0,normal
15443030,특번,2026-12-28 13:30:00,13.0,0,0,0,,0,1,0.0,1.0,0,,0,,,,,,,0,1,0,normal
18116688,특번,2026-02-25 12:10:00,12.0,0,0,0,,0,0,,,0,,1,1.0,0.0,,,,,0,0,0,normal
15881900,특번,2026-04-22 03:40:00,3.0,0,0,0,,0,0,,,0,,0,,,,,,,0,0,0,normal
15887270,특번,2026-07-25 12:30:00,12.0,1,0,0,,0,0,,,0,,0,,,,,,,0,0,0,normal
16445425,특번,2026-10-11 02:18:00,2.0,0,0,0,,0,0,,,1,28.86,0,,,,,,,0,0,0,normal
0624160113,기타,2026-08-06 20:03:00,20.0,1,0,0,,0,1,0.0,1.0,0,,0,,,,,,,0,0,0,normal
15991111,특번,2026-06-13 15:00:00,15.0,0,0,1,276.34,0,1,0.0,1.0,1,13.08,1,1.0,0.0,,,,,0,0,0,normal
01090728079,010,2026-07-01 09:45:00,9.0,1,1,1,4.05,1,1,0.0,1.0,0,,1,1.0,0.0,,,,,0,0,0,normal
15660123,특번,2026-08-09 09:16:00,9.0,0,0,0,,0,0,,,0,,0,,,,,,,0,0,0,normal
15999999,특번,2026-08-25 14:55:00,14.0,1,0,0,,0,1,0.0,1.0,0,,0,,,,,,,0,0,0,normal
0262752275,02(서울 유선),2026-03-09 11:17:00,11.0,0,0,0,,0,1,0.0,1.0,0,,0,,,,,,,0,0,0,normal
16612207,특번,2026-03-18 14:30:00,14.0,1,1,0,,0,0,,,0,,0,,,,,,,0,0,0,normal
15221000,특번,2026-03-08 11:32:00,11.0,0,0,0,,0,1,0.0,1.0,0,,1,1.0,0.0,,,,,0,0,0,normal
01040633147,010,2026-10-15 05:36:00,5.0,0,1,1,7.44,1,1,0.0,1.0,0,,0,,,,,,,0,0,0,normal
15888377,특번,2026-07-05 01:57:00,1.0,1,0,1,34.88,0,1,0.0,1.0,0,,0,,,,,,,0,0,0,normal
15888377,특번,2026-01-19 06:13:00,6.0,1,0,0,,0,0,,,0,,0,,,,,,,0,0,0,normal
01012524235,010,2026-04-21 05:24:00,5.0,0,1,1,36.54,1,0,,,0,,0,,,,,,,0,0,0,normal
0220269955,02(서울 유선),2026-08-23 16:34:00,16.0,1,0,1,5.39,0,1,1.0,1.0,0,,0,,,,,,,0,0,0,normal
01007657966,010,2026-11-28 10:14:00,10.0,0,1,1,3.66,1,1,0.0,1.0,0,,0,,,,,,,0,0,0,normal
15664295,특번,2026-02-18 17:16:00,17.0,0,0,0,,0,1,0.0,1.0,0,,1,1.0,0.0,,,,,0,0,0,normal
15665050,특번,2026-03-29 12:36:00,12.0,1,0,0,,0,0,,,0,,0,,,,,,,0,0,0,normal
15883388,특번,2026-10-12 15:36:00,15.0,0,0,0,,0,1,0.0,1.0,1,174.36,0,,,,,,,0,0,0,normal
15880010,특번,2026-07-24 11:44:00,11.0,1,0,0,,0,0,,,0,,0,,,,,,,0,0,0,normal
01093114231,010,2026-02-27 18:07:00,18.0,0,1,0,,0,0,,,0,,0,,,,,,,0,1,0,normal
0288815590,02(서울 유선),2026-06-27 10:35:00,10.0,0,0,0,,0,0,,,0,,0,,,,,,,0,0,0,normal
15448000,특번,2026-02-23 21:22:00,21.0,0,0,1,4.27,0,0,,,0,,0,,,,,,,0,0,0,normal
15223000,특번,2026-11-11 10:38:00,10.0,0,0,0,,0,1,0.0,1.0,0,,0,,,,,,,0,0,0,normal
15771000,특번,2026-11-25 01:22:00,1.0,1,0,1,14.76,0,0,,,0,,0,,,,,,,0,0,0,normal
023370415,02(서울 유선),2026-01-03 13:41:00,13.0,1,0,0,,0,1,1.0,1.0,0,,1,1.0,0.0,,,,,0,0,0,normal
01096816453,010,2026-08-31 12:47:00,12.0,1,1,1,2.18,1,0,,,0,,0,,,,,,,0,0,0,normal
15444200,특번,2026-08-15 21:42:00,21.0,1,0,1,80.7,0,1,0.0,1.0,0,,0,,,,,,,0,0,0,normal
01009089931,010,2026-11-19 20:24:00,20.0,0,1,1,255.78,1,0,,,1,2.43,0,,,,,,,0,0,0,normal
01055456515,010,2026-07-18 17:27:00,17.0,0,1,1,268.27,1,1,0.0,1.0,0,,1,1.0,0.0,,,,,0,0,0,normal
01033930906,010,2026-09-10 22:52:00,22.0,1,1,1,118.34,1,1,0.0,1.0,0,,0,,,,,,,0,0,0,normal
01020267886,010,2026-09-19 23:57:00,23.0,0,0,1,13.79,1,1,0.0,1.0,1,79.16,1,1.0,0.0,,,,,0,0,0,normal
16008172,특번,2026-04-19 08:21:00,8.0,1,0,0,,0,0,,,0,,0,,,,,,,0,0,0,normal
01032815613,010,2026-11-02 19:02:00,19.0,0,1,1,4.42,1,0,,,0,,0,,,,,,,0,1,0,normal
01096639000,010,2026-07-09 05:12:00,5.0,0,1,1,29.65,1,0,,,0,,0,,,,,,,0,0,0,normal
15999000,특번,2026-06-23 18:15:00,18.0,1,0,0,,0,0,,,0,,1,1.0,0.0,,,,,0,0,0,normal
16000400,특번,2026-12-03 21:26:00,21.0,0,0,0,,0,1,0.0,1.0,0,,0,,,,,,,0,0,0,normal
01026620157,010,2026-05-11 19:18:00,19.0,1,1,1,22.44,1,1,0.0,1.0,0,,1,1.0,0.0,,,,,0,0,0,normal
18997047,특번,2026-12-10 02:06:00,2.0,0,0,0,,0,0,,,1,402.7,0,,,,,,,0,0,0,normal
01002974805,010,2026-11-29 02:24:00,2.0,0,1,1,92.59,1,1,0.0,1.0,1,16.41,0,,,,,,,0,0,0,normal
15221155,특번,2026-05-25 21:47:00,21.0,0,0,1,2.14,0,0,,,0,,0,,,,,,,0,0,0,normal
01088991141,010,2026-10-23 18:45:00,18.0,1,0,0,,1,1,0.0,1.0,0,,0,,,,,,,0,0,0,normal
01005464985,010,2026-01-15 18:27:00,18.0,1,0,0,,1,1,0.0,1.0,0,,0,,,,,,,0,1,0,normal
023370415,02(서울 유선),2026-07-10 14:46:00,14.0,1,0,0,,0,0,,,0,,0,,,,,,,0,0,0,normal
16008585,특번,2026-08-13 15:00:00,15.0,0,0,0,,0,1,0.0,1.0,1,381.2,0,,,,,,,0,0,0,normal
15664295,특번,2026-09-21 20:02:00,20.0,0,0,0,,0,1,0.0,1.0,1,359.39,0,,,,,,,0,0,0,normal
15773419,특번,2026-03-28 12:34:00,12.0,0,0,1,7.77,0,1,0.0,1.0,0,,0,,,,,,,0,0,0,normal
15887000,특번,2026-10-20 23:00:00,23.0,0,0,0,,0,0,,,0,,0,,,,,,,0,0,0,normal
01037186056,010,2026-10-17 16:18:00,16.0,0,1,1,87.71,1,1,0.0,1.0,0,,0,,,,,,,0,0,0,normal
15771000,특번,2026-10-06 03:09:00,3.0,0,0,0,,0,0,,,0,,0,,,,,,,0,1,0,normal
15443800,특번,2026-10-22 03:25:00,3.0,1,0,0,,0,0,,,0,,1,1.0,0.0,,,,,0,0,0,normal
01082567262,010,2026-01-14 02:23:00,2.0,1,1,1,86.64,1,1,0.0,1.0,0,,0,,,,,,,0,0,0,normal
01079017522,010,2026-12-16 17:45:00,17.0,0,1,1,2.05,1,0,,,0,,0,,,,,,,0,0,0,normal
16613000,특번,2026-09-26 03:40:00,3.0,0,0,0,,0,0,,,1,15.88,0,,,,,,,0,0,0,normal
01011498307,010,2026-07-21 18:21:00,18.0,0,1,1,105.48,1,0,,,0,,0,,,,,,,0,0,0,normal
15990011,특번,2026-06-26 07:57:00,7.0,0,0,0,,0,0,,,0,,1,1.0,0.0,,,,,0,0,0,normal
15443000,특번,2026-06-24 20:05:00,20.0,1,0,0,,0,0,,,0,,0,,,,,,,0,0,0,normal
15771000,특번,2026-01-12 19:31:00,19.0,1,0,0,,0,1,0.0,1.0,0,,0,,,,,,,0,0,0,normal
15999999,특번,2026-10-15 05:03:00,5.0,0,0,0,,0,0,,,0,,1,1.0,0.0,,,,,0,0,0,normal
15999010,특번,2026-08-26 09:52:00,9.0,1,0,0,,0,1,0.0,1.0,0,,1,1.0,0.0,,,,,0,0,0,normal
01017759902,010,2026-09-08 18:45:00,18.0,1,1,0,,1,0,,,0,,0,,,,,,,0,1,0,normal
15999010,특번,2026-10-21 09:31:00,9.0,0,0,0,,0,0,,,0,,0,,,,,,,0,0,0,normal
15888801,특번,2026-10-25 11:17:00,11.0,1,0,0,,0,1,0.0,1.0,0,,0,,,,,,,0,0,0,normal
01021059784,010,2026-05-11 09:58:00,9.0,1,1,1,58.94,1,0,,,0,,1,1.0,0.0,,,,,0,0,0,normal
01000018894,010,2026-12-03 05:22:00,5.0,1,1,1,3.28,1,0,,,0,,0,,,,,,,0,1,0,normal
16000400,특번,2026-03-17 22:44:00,22.0,0,0,0,,0,0,,,0,,0,,,,,,,0,0,0,normal
15660123,특번,2026-10-20 14:52:00,14.0,0,0,1,1.1,0,1,0.0,1.0,0,,1,1.0,0.0,,,,,0,0,0,normal
01088215977,010,2026-07-01 03:33:00,3.0,0,1,1,1130.09,1,0,,,0,,1,1.0,0.0,,,,,0,0,0,normal
15993333,특번,2026-10-13 09:26:00,9.0,0,0,0,,0,1,0.0,1.0,0,,1,1.0,0.0,,,,,0,0,0,normal
15887270,특번,2026-01-12 22:55:00,22.0,0,0,1,0.28,0,0,,,0,,0,,,,,,,0,0,0,normal
15448000,특번,2026-03-03 23:57:00,23.0,1,0,0,,0,0,,,0,,0,,,,,,,0,0,0,normal
15888000,특번,2026-10-24 23:47:00,23.0,0,0,0,,0,1,0.0,1.0,0,,0,,,,,,,0,0,0,normal
15886200,특번,2026-06-06 00:34:00,0.0,0,0,0,,0,0,,,1,808.29,0,,,,,,,0,0,0,normal
15884477,특번,2026-11-12 11:01:00,11.0,0,0,0,,0,0,,,0,,1,1.0,0.0,,,,,0,0,0,normal
03180219341,기타,2026-02-16 03:49:00,3.0,1,0,1,284.34,0,0,,,0,,1,1.0,0.0,,,,,0,0,0,normal
15660123,특번,2026-01-10 06:23:00,6.0,0,0,0,,0,0,,,0,,0,,,,,,,0,0,0,normal
15990903,특번,2026-12-20 16:05:00,16.0,0,0,0,,0,1,0.0,1.0,0,,0,,,,,,,0,0,0,normal
15882588,특번,2026-02-19 07:06:00,7.0,1,0,0,,0,1,1.0,1.0,0,,0,,,,,,,0,0,0,normal
15771000,특번,2026-12-14 20:12:00,20.0,1,0,0,,0,0,,,0,,0,,,,,,,0,0,0,normal
15998500,특번,2026-11-30 04:35:00,4.0,1,0,1,15.13,0,0,,,0,,1,1.0,0.0,,,,,0,0,0,normal
01070084458,010,2026-01-21 00:03:00,0.0,0,1,1,0.62,1,0,,,0,,1,1.0,0.0,,,,,0,0,0,normal
0085931109193,00X(국제),2026-04-02 17:41:00,17.0,0,0,0,,0,1,0.0,1.0,1,30.82,0,,,,,,,1,0,0,normal
15993333,특번,2026-03-18 02:05:00,2.0,0,0,0,,0,1,0.0,1.0,0,,0,,,,,,,0,1,0,normal
01058777496,010,2026-01-27 15:42:00,15.0,0,1,1,51.49,1,1,0.0,1.0,0,,1,1.0,0.0,,,,,0,0,0,normal
01036233470,010,2026-08-07 21:04:00,21.0,0,1,1,896.44,1,0,,,1,35.27,0,,,,,,,0,0,0,normal
01035003766,010,2026-01-29 10:40:00,10.0,0,1,1,1.52,1,0,,,0,,0,,,,,,,0,0,0,normal
15443082,특번,2026-08-10 20:57:00,20.0,1,0,0,,0,0,,,0,,0,,,,,,,0,0,0,normal
0262752275,02(서울 유선),2026-01-29 22:32:00,22.0,0,0,0,,0,0,,,0,,0,,,,,,,0,0,0,normal
15881599,특번,2026-01-19 16:12:00,16.0,0,0,0,,0,0,,,1,11.2,0,,,,,,,0,0,0,normal
01019111661,010,2026-04-05 07:13:00,7.0,1,1,1,5.85,1,1,0.0,1.0,0,,0,,,,,,,0,0,0,normal
15446200,특번,2026-06-18 16:44:00,16.0,0,0,0,,0,0,,,1,8.6,0,,,,,,,0,0,0,normal
0276701629,02(서울 유선),2026-09-17 19:20:00,19.0,1,0,1,234.38,0,1,0.0,1.0,0,,0,,,,,,,0,0,0,normal
16008172,특번,2026-01-13 18:37:00,18.0,1,0,0,,0,0,,,0,,1,1.0,0.0,,,,,0,0,0,normal
15882588,특번,2026-01-24 02:22:00,2.0,0,0,0,,0,1,0.0,1.0,0,,0,,,,,,,0,0,0,normal
15998888,특번,2026-03-06 12:18:00,12.0,0,0,0,,0,1,0.0,1.0,0,,0,,,,,,,0,0,0,normal
01013403779,010,2026-02-26 04:42:00,4.0,1,1,1,23.52,1,1,0.0,1.0,0,,0,,,,,,,0,0,0,normal
00692742900391,00X(국제),2026-10-13 16:25:00,16.0,0,0,0,,0,0,,,0,,0,,,,,,,1,0,0,normal
0262752275,02(서울 유선),2026-07-17 08:31:00,8.0,0,0,0,,0,0,,,1,0.49,0,,,,,,,0,0,0,normal
16706250,특번,2026-11-30 03:35:00,3.0,0,0,1,23.1,0,0,,,0,,1,1.0,0.0,,,,,0,0,0,normal
01002913322,010,2026-12-15 11:07:00,11.0,0,1,0,,1,0,,,0,,0,,,,,,,0,0,0,normal
025669998,02(서울 유선),2026-11-20 18:51:00,18.0,0,0,0,,0,1,0.0,1.0,0,,0,,,,,,,0,0,0,normal
01096746319,010,2026-08-01 07:42:00,7.0,0,1,1,46.39,1,0,,,0,,1,1.0,0.0,,,,,0,0,0,normal
15221000,특번,2026-04-07 00:44:00,0.0,0,0,0,,0,0,,,0,,0,,,,,,,0,0,0,normal
01009836655,010,2026-04-02 23:22:00,23.0,0,1,1,25.17,1,0,,,1,1300.43,0,,,,,,,0,0,0,normal
15999010,특번,2026-04-17 06:03:00,6.0,0,0,0,,0,0,,,0,,0,,,,,,,0,0,0,normal
15991111,특번,2026-05-09 02:05:00,2.0,1,0,0,,0,1,0.0,1.0,0,,1,1.0,0.0,,,,,0,0,0,normal
15880037,특번,2026-01-16 12:41:00,12.0,0,0,1,39.11,0,1,0.0,1.0,0,,0,,,,,,,0,0,0,normal
15990011,특번,2026-09-25 13:28:00,13.0,0,0,0,,0,1,0.0,1.0,0,,0,,,,,,,0,0,0,normal
01041652726,010,2026-03-07 02:55:00,2.0,0,1,1,0.22,1,1,0.0,1.0,0,,0,,,,,,,0,0,0,normal
15882001,특번,2026-11-29 05:51:00,5.0,0,1,0,,0,0,,,0,,1,1.0,0.0,,,,,0,0,0,normal
0701113129,070(인터넷전화),2026-02-11 19:20:00,19.0,0,0,0,,0,1,0.0,1.0,0,,1,1.0,0.0,,,,,0,0,0,normal
16008585,특번,2026-02-04 08:44:00,8.0,0,0,1,44.14,0,1,0.0,1.0,0,,0,,,,,,,0,0,0,normal
15990903,특번,2026-06-14 19:18:00,19.0,1,0,0,,0,1,0.0,1.0,0,,0,,,,,,,0,0,0,normal
01064851002,010,2026-02-19 07:31:00,7.0,0,1,1,7.42,1,1,0.0,1.0,1,350.51,0,,,,,,,0,0,0,normal
16004000,특번,2026-04-26 19:08:00,19.0,0,1,1,3.33,0,0,,,0,,0,,,,,,,0,0,0,normal
15880037,특번,2026-01-21 08:32:00,8.0,0,0,0,,0,0,,,0,,0,,,,,,,0,0,0,normal
16000400,특번,2026-12-04 23:32:00,23.0,0,0,0,,0,1,0.0,1.0,0,,0,,,,,,,0,0,0,normal
15444200,특번,2026-05-19 04:54:00,4.0,0,0,0,,0,1,1.0,1.0,0,,0,,,,,,,0,0,0,normal
03180219341,기타,2026-05-16 16:39:00,16.0,1,0,0,,0,0,,,0,,0,,,,,,,0,0,0,normal
01006840006,010,2026-12-12 02:16:00,2.0,0,1,1,99.21,1,0,,,1,120.83,0,,,,,,,0,0,0,normal
15883500,특번,2026-05-29 03:40:00,3.0,1,0,0,,0,1,0.0,1.0,0,,0,,,,,,,0,0,0,normal
01007404515,010,2026-11-08 12:42:00,12.0,0,1,0,,1,1,0.0,1.0,0,,0,,,,,,,0,0,0,normal
15993333,특번,2026-05-16 10:06:00,10.0,1,0,0,,0,0,,,0,,0,,,,,,,0,0,0,normal
15887270,특번,2026-11-15 05:01:00,5.0,0,0,0,,0,0,,,0,,0,,,,,,,0,0,0,normal
01026974869,010,2026-12-20 22:56:00,22.0,0,1,0,,1,0,,,0,,0,,,,,,,0,0,0,normal
16445425,특번,2026-02-24 17:31:00,17.0,1,0,0,,0,0,,,0,,0,,,,,,,0,0,0,normal
15990011,특번,2026-01-15 19:50:00,19.0,0,0,0,,0,0,,,0,,1,1.0,0.0,,,,,0,1,0,normal
15446399,특번,2026-09-18 15:25:00,15.0,0,0,1,1.67,0,0,,,1,5.7,1,1.0,0.0,,,,,0,0,0,normal
15882001,특번,2026-11-12 13:44:00,13.0,1,1,0,,0,1,0.0,1.0,0,,0,,,,,,,0,0,0,normal
15884477,특번,2026-10-10 05:52:00,5.0,1,0,1,2.55,1,0,,,0,,0,,,,,,,0,0,0,normal
01097269999,010,2026-07-22 04:53:00,4.0,0,1,1,2.28,1,0,,,1,4.84,0,,,,,,,0,0,0,normal
15440080,특번,2026-11-01 22:35:00,22.0,0,0,0,,0,0,,,0,,1,1.0,0.0,,,,,0,0,0,normal
16706250,특번,2026-05-16 10:43:00,10.0,0,0,1,6.01,0,1,0.0,1.0,0,,0,,,,,,,0,0,0,normal
01005939030,010,2026-10-03 01:16:00,1.0,0,1,1,2.96,1,0,,,0,,1,1.0,0.0,,,,,0,0,0,normal
16617654,특번,2026-07-25 08:25:00,8.0,1,0,0,,0,0,,,0,,0,,,,,,,0,0,0,normal
15666000,특번,2026-06-08 04:37:00,4.0,0,0,0,,0,1,0.0,1.0,1,130.02,1,1.0,0.0,,,,,0,0,0,normal
15666000,특번,2026-12-07 15:02:00,15.0,0,0,0,,0,1,0.0,1.0,1,38.76,0,,,,,,,0,0,0,normal
15886200,특번,2026-09-20 11:19:00,11.0,0,0,0,,0,1,0.0,1.0,0,,0,,,,,,,0,0,0,normal
01037651588,010,2026-02-25 15:57:00,15.0,1,1,1,9.28,1,0,,,0,,0,,,,,,,0,0,0,normal
01010287675,010,2026-08-09 07:35:00,7.0,0,1,1,33.07,1,0,,,0,,0,,,,,,,0,0,0,normal
15661277,특번,2026-08-05 15:45:00,15.0,0,0,0,,0,1,0.0,1.0,0,,0,,,,,,,0,0,0,normal
029569028,02(서울 유선),2026-11-20 04:40:00,4.0,0,0,0,,0,0,,,0,,1,1.0,0.0,,,,,0,0,0,normal
01091505764,010,2026-07-25 22:05:00,22.0,0,1,1,313.52,1,1,0.0,1.0,0,,0,,,,,,,0,0,0,normal
01006921539,010,2026-01-19 01:13:00,1.0,1,1,1,12.21,1,0,,,0,,0,,,,,,,0,0,0,normal
025847727,02(서울 유선),2026-11-26 17:36:00,17.0,0,0,0,,0,0,,,0,,1,1.0,0.0,,,,,0,0,0,normal
15881599,특번,2026-09-11 04:56:00,4.0,1,0,0,,0,0,,,0,,0,,,,,,,0,0,0,normal
08035810790,기타,2026-04-19 19:15:00,19.0,0,0,0,,0,0,,,1,41.47,0,,,,,,,0,0,0,normal
15223000,특번,2026-10-19 17:15:00,17.0,0,0,0,,0,0,,,0,,0,,,,,,,0,0,0,normal
15444200,특번,2026-03-31 13:52:00,13.0,1,0,0,,0,1,0.0,1.0,0,,1,1.0,0.0,,,,,0,0,0,normal
03180219341,기타,2026-09-03 05:06:00,5.0,0,0,0,,0,0,,,0,,0,,,,,,,0,0,0,normal
01087779533,010,2026-07-25 17:04:00,17.0,0,1,0,,1,1,0.0,1.0,0,,0,,,,,,,0,0,0,normal
15881515,특번,2026-03-11 21:18:00,21.0,0,0,1,93.88,0,0,,,0,,0,,,,,,,0,1,0,normal
15883651,특번,2026-11-13 04:57:00,4.0,1,0,0,,0,1,0.0,1.0,0,,0,,,,,,,0,0,0,normal
15883388,특번,2026-07-01 01:28:00,1.0,0,0,0,,0,0,,,0,,0,,,,,,,0,0,0,normal
0253487183,02(서울 유선),2026-05-12 18:43:00,18.0,0,0,0,,0,0,,,0,,0,,,,,,,0,0,0,normal
05039031697,기타,2026-05-09 08:59:00,8.0,1,0,0,,0,1,0.0,1.0,0,,0,,,,,,,0,0,0,normal
15223000,특번,2026-09-01 10:43:00,10.0,1,0,1,6.24,0,1,0.0,1.0,0,,0,,,,,,,0,0,0,normal
01078417867,010,2026-06-13 00:04:00,0.0,0,1,1,21.53,1,0,,,0,,0,,,,,,,0,0,0,normal
0013552202279,00X(국제),2026-11-13 04:24:00,4.0,0,0,1,14.26,0,1,1.0,1.0,0,,0,,,,,,,1,0,0,normal
15883570,특번,2026-10-09 01:19:00,1.0,0,0,0,,0,0,,,0,,0,,,,,,,0,0,0,normal
16706250,특번,2026-09-07 16:34:00,16.0,0,0,0,,0,1,0.0,1.0,0,,0,,,,,,,0,0,0,normal
04365283240,기타,2026-04-11 16:25:00,16.0,0,0,0,,0,0,,,1,55.24,0,,,,,,,0,0,0,normal
16888114,특번,2026-10-16 20:02:00,20.0,1,0,0,,0,1,0.0,1.0,0,,0,,,,,,,0,0,0,normal
0805135996,기타,2026-08-04 12:35:00,12.0,0,0,1,1.95,0,0,,,0,,1,1.0,0.0,,,,,0,0,0,normal
15883388,특번,2026-05-12 06:52:00,6.0,0,0,0,,0,0,,,0,,1,1.0,0.0,,,,,0,0,0,normal
15448527,특번,2026-10-02 14:51:00,14.0,0,0,0,,0,0,,,0,,0,,,,,,,0,0,0,normal
15441077,특번,2026-06-10 17:37:00,17.0,0,0,1,101.73,0,1,0.0,1.0,1,39.42,0,,,,,,,0,1,0,normal
15441120,특번,2026-06-21 12:01:00,12.0,0,0,0,,0,1,0.0,1.0,0,,1,1.0,0.0,,,,,0,0,0,normal
0624009453,기타,2026-02-25 20:49:00,20.0,0,0,0,,0,1,0.0,1.0,0,,1,1.0,0.0,,,,,0,0,0,normal
0605892752,기타,2026-05-23 22:57:00,22.0,0,0,0,,0,0,,,0,,0,,,,,,,0,0,0,normal
01026328094,010,2026-09-19 14:24:00,14.0,0,0,0,,0,0,,,1,1830.56,1,0.0,1.0,,,,,0,1,1,acquaintance
01080120633,010,2026-09-15 16:17:00,16.0,1,1,1,3.09,1,1,0.0,1.0,0,,0,,,,,,,0,0,0,normal
03180751228,기타,2026-03-05 00:38:00,0.0,0,0,1,18.63,0,1,0.0,1.0,0,,0,,,,,,,0,0,0,normal
050141413975,기타,2026-09-18 01:26:00,1.0,0,0,0,,0,0,,,0,,0,,,,,,,0,0,0,normal
15990903,특번,2026-02-20 01:27:00,1.0,0,1,0,,0,1,0.0,1.0,1,5.97,0,,,,,,,0,0,0,normal
15448000,특번,2026-05-06 02:08:00,2.0,0,0,1,131.87,0,1,0.0,1.0,1,86.5,0,,,,,,,0,0,0,normal
15886565,특번,2026-09-11 14:39:00,14.0,0,0,0,,0,1,0.0,1.0,0,,0,,,,,,,0,0,0,normal
15880079,특번,2026-11-14 07:57:00,7.0,1,0,1,50.06,0,1,0.0,1.0,0,,0,,,,,,,0,0,0,normal
01047411249,010,2026-01-30 08:48:00,8.0,0,1,0,,1,0,,,0,,1,1.0,0.0,,,,,0,0,0,normal
0231133228,02(서울 유선),2026-09-06 14:39:00,14.0,0,0,0,,0,0,,,1,45.74,0,,,,,,,0,0,0,normal
01054899071,010,2026-05-13 15:14:00,15.0,1,1,0,,1,0,,,0,,0,,,,,,,0,0,0,normal
01058207216,010,2026-05-13 21:37:00,21.0,1,1,1,2.89,1,1,0.0,1.0,0,,0,,,,,,,0,0,0,normal
16617654,특번,2026-12-19 04:19:00,4.0,0,0,0,,0,1,0.0,1.0,0,,0,,,,,,,0,0,0,normal
15880037,특번,2026-09-08 12:45:00,12.0,1,0,0,,0,1,0.0,1.0,0,,0,,,,,,,0,0,0,normal
01065249489,010,2026-02-22 14:38:00,14.0,0,1,0,,1,1,0.0,1.0,1,126.47,0,,,,,,,0,0,0,normal
15446399,특번,2026-07-06 21:21:00,21.0,0,0,0,,0,0,,,0,,0,,,,,,,0,0,0,normal
01019857787,010,2026-06-03 15:35:00,15.0,0,1,1,22.0,1,0,,,0,,0,,,,,,,0,0,0,normal
01007499216,010,2026-08-08 00:26:00,0.0,0,1,0,,1,0,,,0,,0,,,,,,,0,0,0,normal
15991916,특번,2026-04-07 14:02:00,14.0,0,0,0,,0,1,0.0,1.0,0,,1,1.0,0.0,,,,,0,0,0,normal
15883651,특번,2026-08-05 15:18:00,15.0,0,0,0,,0,0,,,0,,0,,,,,,,0,1,0,normal
15999010,특번,2026-06-07 10:33:00,10.0,1,0,0,,0,1,0.0,1.0,0,,1,1.0,0.0,,,,,0,0,0,normal
16000400,특번,2026-10-26 05:55:00,5.0,0,0,0,,0,1,0.0,1.0,0,,0,,,,,,,0,0,0,normal
16705989,특번,2026-06-20 08:17:00,8.0,0,0,0,,0,1,0.0,1.0,0,,1,1.0,0.0,,,,,0,0,0,normal
15880079,특번,2026-04-12 15:13:00,15.0,0,0,0,,0,0,,,1,426.5,0,,,,,,,0,0,0,normal
01049383184,010,2026-02-24 11:38:00,11.0,0,1,1,1133.25,1,1,1.0,1.0,1,40.5,1,1.0,0.0,,,,,0,0,0,normal
15447758,특번,2026-07-17 11:10:00,11.0,0,0,0,,0,1,0.0,1.0,0,,0,,,,,,,0,0,0,normal
01069439742,010,2026-04-19 09:04:00,9.0,0,0,1,3.33,1,0,,,1,19.67,1,1.0,0.0,,,,,0,0,0,normal
15889999,특번,2026-12-27 05:17:00,5.0,0,0,0,,0,1,0.0,1.0,1,15.48,0,,,,,,,0,0,0,normal
15448527,특번,2026-05-26 17:17:00,17.0,1,0,0,,0,0,,,0,,0,,,,,,,0,0,0,normal
18997047,특번,2026-06-16 09:47:00,9.0,1,0,0,,0,0,,,0,,1,1.0,0.0,,,,,0,0,0,normal
15661277,특번,2026-08-05 20:05:00,20.0,0,0,0,,0,0,,,1,72.27,0,,,,,,,0,0,0,normal
15447758,특번,2026-05-07 19:35:00,19.0,1,0,0,,0,1,0.0,1.0,0,,1,1.0,0.0,,,,,0,0,0,normal
05546210985,기타,2026-05-26 02:40:00,2.0,0,0,1,62.17,0,1,0.0,1.0,0,,0,,,,,,,0,0,0,normal
16663060,특번,2026-08-23 17:57:00,17.0,1,0,0,,0,1,0.0,1.0,0,,1,1.0,0.0,,,,,0,0,0,normal
15882588,특번,2026-03-25 00:45:00,0.0,0,0,0,,0,0,,,0,,1,1.0,0.0,,,,,0,0,0,normal
15887270,특번,2026-03-12 04:48:00,4.0,0,0,0,,0,0,,,0,,0,,,,,,,0,0,0,normal
15885000,특번,2026-07-18 01:34:00,1.0,0,0,0,,0,0,,,0,,1,1.0,0.0,,,,,0,0,0,normal
0051204850,00X(국제),2026-12-29 10:57:00,10.0,1,0,0,,0,0,,,0,,0,,,,,,,1,0,0,normal
15883651,특번,2026-01-01 11:48:00,11.0,0,0,0,,0,0,,,1,66.36,0,,,,,,,0,0,0,normal
15888377,특번,2026-01-07 04:07:00,4.0,1,0,1,8.7,1,1,0.0,1.0,0,,1,1.0,0.0,,,,,0,0,0,normal
01073208652,010,2026-06-12 01:35:00,1.0,1,1,1,3.97,1,1,0.0,1.0,0,,1,1.0,0.0,,,,,0,0,0,normal
15777011,특번,2026-03-07 09:40:00,9.0,0,0,0,,0,1,0.0,1.0,0,,0,,,,,,,0,0,0,normal
003067416712,00X(국제),2026-06-21 13:35:00,13.0,0,0,0,,0,0,,,0,,0,,,,,,,1,0,0,normal
15221155,특번,2026-11-28 18:00:00,18.0,0,0,1,42.85,0,0,,,0,,1,1.0,0.0,,,,,0,0,0,normal
15881500,특번,2026-05-09 14:20:00,14.0,1,0,1,7.2,0,0,,,0,,0,,,,,,,0,0,0,normal
03180219341,기타,2026-01-17 01:23:00,1.0,0,0,1,88.28,0,1,0.0,1.0,0,,0,,,,,,,0,0,0,normal
15881515,특번,2026-11-25 07:29:00,7.0,0,0,1,86.89,0,1,1.0,1.0,0,,1,1.0,0.0,,,,,0,0,0,normal
15669009,특번,2026-06-19 03:05:00,3.0,0,0,0,,0,0,,,0,,0,,,,,,,0,0,0,normal
15443002,특번,2026-01-19 03:48:00,3.0,0,0,0,,0,0,,,1,118.63,0,,,,,,,0,0,0,normal
15669009,특번,2026-06-12 08:25:00,8.0,0,0,0,,0,0,,,1,22.0,0,,,,,,,0,0,0,normal
01052150164,010,2026-04-16 17:24:00,17.0,0,1,1,37.71,1,0,,,0,,0,,,,,,,0,0,0,normal
01063917410,010,2026-02-23 02:21:00,2.0,0,1,1,15.47,1,0,,,1,1.79,0,,,,,,,0,0,0,normal
01039055295,010,2026-01-11 07:39:00,7.0,1,1,1,3.66,1,0,,,0,,0,,,,,,,0,0,0,normal
15440080,특번,2026-11-29 04:42:00,4.0,0,0,0,,0,0,,,0,,0,,,,,,,0,0,0,normal
01072900372,010,2026-08-12 09:22:00,9.0,0,1,1,2.62,1,0,,,0,,0,,,,,,,0,0,0,normal
16706250,특번,2026-06-29 09:48:00,9.0,0,0,0,,0,1,0.0,1.0,1,514.06,1,1.0,0.0,,,,,0,0,0,normal
01036165580,010,2026-11-01 18:09:00,18.0,1,1,1,15.69,1,0,,,0,,0,,,,,,,0,0,0,normal
01055699033,010,2026-10-18 08:34:00,8.0,1,1,1,92.38,1,1,0.0,1.0,0,,0,,,,,,,0,0,0,normal
15883500,특번,2026-01-23 20:30:00,20.0,0,0,0,,0,1,0.0,1.0,1,21.56,0,,,,,,,0,0,0,normal
15777011,특번,2026-07-17 01:03:00,1.0,0,1,0,,0,0,,,0,,0,,,,,,,0,0,0,normal
15999000,특번,2026-01-09 13:30:00,13.0,0,0,0,,0,0,,,0,,0,,,,,,,0,1,0,normal
15446399,특번,2026-09-08 06:05:00,6.0,0,0,0,,0,0,,,1,21.53,0,,,,,,,0,0,0,normal
15443800,특번,2026-03-19 10:21:00,10.0,0,0,0,,0,0,,,0,,0,,,,,,,0,0,0,normal
15778000,특번,2026-10-25 13:19:00,13.0,0,0,0,,0,0,,,0,,1,1.0,0.0,,,,,0,0,0,normal
01016498283,010,2026-09-02 22:02:00,22.0,1,1,1,103.53,1,1,0.0,1.0,0,,0,,,,,,,0,0,0,normal
15881111,특번,2026-12-01 01:46:00,1.0,1,0,0,,0,0,,,0,,0,,,,,,,0,0,0,normal
00855359520,00X(국제),2026-09-21 02:58:00,2.0,0,0,0,,0,0,,,1,0.63,0,,,,,,,1,0,0,normal
01042789523,010,2026-11-08 05:00:00,5.0,0,1,1,0.45,1,1,0.0,1.0,0,,0,,,,,,,0,0,0,normal
16613000,특번,2026-09-09 08:49:00,8.0,0,0,1,126.74,0,0,,,0,,0,,,,,,,0,0,0,normal
01045292676,010,2026-11-28 07:37:00,7.0,0,1,1,6.53,1,1,0.0,1.0,0,,1,1.0,0.0,,,,,0,0,0,normal
15882001,특번,2026-04-10 02:34:00,2.0,1,0,0,,0,0,,,0,,0,,,,,,,0,1,0,normal
16705989,특번,2026-05-13 16:07:00,16.0,1,0,0,,0,1,0.0,1.0,0,,1,1.0,0.0,,,,,0,0,0,normal
0303586449,기타,2026-11-05 15:16:00,15.0,0,0,0,,0,0,,,0,,1,1.0,0.0,,,,,0,0,0,normal
01000149961,010,2026-03-21 17:55:00,17.0,1,1,1,9.71,1,1,0.0,1.0,0,,0,,,,,,,0,0,0,normal
16000400,특번,2026-11-13 16:34:00,16.0,0,0,0,,0,1,0.0,1.0,0,,0,,,,,,,0,0,0,normal
15886565,특번,2026-03-10 03:18:00,3.0,0,0,0,,0,0,,,0,,1,1.0,0.0,,,,,0,1,0,normal
15777011,특번,2026-10-01 01:25:00,1.0,1,0,0,,0,1,0.0,1.0,0,,0,,,,,,,0,0,0,normal
15441077,특번,2026-11-25 18:15:00,18.0,1,0,1,3.52,0,0,,,0,,1,1.0,0.0,,,,,0,0,0,normal
15990011,특번,2026-05-16 20:50:00,20.0,1,0,0,,0,1,1.0,1.0,0,,0,,,,,,,0,0,0,normal
15440010,특번,2026-03-22 12:54:00,12.0,0,0,0,,0,1,0.0,1.0,0,,0,,,,,,,0,0,0,normal
01034756196,010,2026-03-11 00:11:00,0.0,1,1,1,833.43,1,0,,,0,,0,,,,,,,0,0,0,normal
15883388,특번,2026-11-21 17:26:00,17.0,1,0,0,,0,0,,,0,,0,,,,,,,0,0,0,normal
16617654,특번,2026-01-11 02:18:00,2.0,0,0,0,,0,0,,,0,,1,1.0,0.0,,,,,0,0,0,normal
16705989,특번,2026-05-15 12:17:00,12.0,0,0,0,,0,0,,,0,,0,,,,,,,0,0,0,normal
15998888,특번,2026-12-16 07:05:00,7.0,0,0,0,,0,1,0.0,1.0,0,,0,,,,,,,0,0,0,normal
01086928551,010,2026-10-17 17:15:00,17.0,1,1,1,771.16,1,1,0.0,1.0,0,,0,,,,,,,0,0,0,normal
15443800,특번,2026-06-05 08:17:00,8.0,1,0,0,,0,1,0.0,1.0,0,,0,,,,,,,0,0,0,normal
01084202435,010,2026-01-06 07:58:00,7.0,1,1,0,,1,0,,,0,,1,1.0,0.0,,,,,0,0,0,normal
15888377,특번,2026-02-07 00:48:00,0.0,1,0,0,,0,1,0.0,1.0,0,,0,,,,,,,0,0,0,normal
15998500,특번,2026-10-31 23:57:00,23.0,0,0,0,,0,1,1.0,1.0,0,,1,1.0,0.0,,,,,0,0,0,normal
15443002,특번,2026-12-07 17:54:00,17.0,0,0,0,,0,1,0.0,1.0,0,,0,,,,,,,0,0,0,normal
15993333,특번,2026-03-03 19:47:00,19.0,0,0,0,,0,1,0.0,1.0,0,,1,1.0,0.0,,,,,0,0,0,normal
15778000,특번,2026-07-16 03:48:00,3.0,0,0,0,,0,1,0.0,1.0,0,,0,,,,,,,0,0,0,normal
15999010,특번,2026-12-18 06:14:00,6.0,0,0,1,13.11,0,1,0.0,1.0,0,,0,,,,,,,0,0,0,normal
15440010,특번,2026-06-07 23:02:00,23.0,1,0,0,,0,0,,,0,,1,1.0,0.0,,,,,0,0,0,normal
16008585,특번,2026-04-06 06:34:00,6.0,0,0,0,,1,0,,,0,,0,,,,,,,0,0,0,normal
01013282339,010,2026-04-21 22:35:00,22.0,0,1,0,,1,1,0.0,1.0,0,,1,1.0,0.0,,,,,0,0,0,normal
01004886607,010,2026-06-01 08:50:00,8.0,1,1,1,53.94,1,0,,,0,,0,,,,,,,0,0,0,normal
01090811000,010,2026-12-18 01:53:00,1.0,1,1,0,,1,0,,,0,,0,,,,,,,0,0,0,normal
15773419,특번,2026-10-04 12:15:00,12.0,1,0,0,,0,0,,,0,,1,1.0,0.0,,,,,0,0,0,normal
01030440580,010,2026-06-20 21:37:00,21.0,0,1,1,49.66,1,1,0.0,1.0,0,,0,,,,,,,0,0,0,normal
0808221416,기타,2026-03-13 06:29:00,6.0,0,0,0,,0,0,,,0,,0,,,,,,,0,0,0,normal
08037840704,기타,2026-03-25 18:30:00,18.0,0,0,1,22.87,0,0,,,1,35.62,1,1.0,0.0,,,,,0,0,0,normal
15888377,특번,2026-09-14 10:09:00,10.0,1,0,0,,0,1,0.0,1.0,0,,0,,,,,,,0,0,0,normal
025669998,02(서울 유선),2026-11-15 18:35:00,18.0,0,0,0,,0,1,0.0,0.0,1,3.34,0,,,,,,,0,0,0,normal
08073672,기타,2026-01-30 10:59:00,10.0,0,0,0,,0,0,,,1,1388.67,1,0.0,1.0,,,,,0,1,1,institution
16000400,특번,2026-11-02 16:06:00,16.0,0,0,0,,0,1,0.0,1.0,0,,1,1.0,0.0,,,,,0,0,0,normal
15883500,특번,2026-10-24 12:17:00,12.0,1,0,1,168.56,0,1,1.0,1.0,0,,0,,,,,,,0,0,0,normal
025669998,02(서울 유선),2026-03-30 22:34:00,22.0,0,0,0,,0,0,,,0,,0,,,,,,,0,0,0,normal
15447758,특번,2026-09-17 02:59:00,2.0,0,0,0,,0,0,,,1,26.27,1,1.0,0.0,,,,,0,0,0,normal
15881599,특번,2026-10-30 11:29:00,11.0,1,0,0,,0,0,,,0,,0,,,,,,,0,0,0,normal
15666000,특번,2026-05-30 14:50:00,14.0,0,0,0,,0,1,0.0,1.0,0,,0,,,,,,,0,0,0,normal
01045740850,010,2026-12-11 01:33:00,1.0,1,1,0,,1,0,,,0,,0,,,,,,,0,0,0,normal
18560526,특번,2026-02-09 09:12:00,9.0,0,0,0,,0,1,0.0,1.0,0,,0,,,,,,,0,0,0,normal
16888114,특번,2026-09-19 02:58:00,2.0,0,0,0,,0,0,,,0,,0,,,,,,,0,0,0,normal
00665702793,00X(국제),2026-11-28 02:09:00,2.0,0,0,0,,0,1,0.0,1.0,0,,0,,,,,,,1,0,0,normal
01042990674,010,2026-09-07 17:22:00,17.0,1,1,0,,1,1,0.0,1.0,0,,1,1.0,0.0,,,,,0,0,0,normal
16006200,특번,2026-06-10 06:46:00,6.0,0,0,0,,0,0,,,0,,0,,,,,,,0,0,0,normal
01035053494,010,2026-02-19 19:03:00,19.0,0,1,1,312.27,1,1,0.0,1.0,0,,0,,,,,,,0,0,0,normal
15443002,특번,2026-11-11 00:40:00,0.0,0,0,0,,0,0,,,0,,1,1.0,1.0,,,,,0,0,0,normal
15883570,특번,2026-09-21 07:58:00,7.0,0,0,0,,0,0,,,1,512.25,0,,,,,,,0,0,0,normal
01081576515,010,2026-02-14 07:13:00,7.0,0,1,0,,1,0,,,1,95.16,1,1.0,0.0,,,,,0,0,0,normal
01035640783,010,2026-01-21 22:56:00,22.0,1,1,1,335.43,1,0,,,0,,0,,,,,,,0,0,0,normal
16706250,특번,2026-04-29 09:35:00,9.0,0,0,0,,0,0,,,0,,0,,,,,,,0,0,0,normal
0220269955,02(서울 유선),2026-08-31 10:16:00,10.0,0,0,0,,0,0,,,0,,0,,,,,,,0,0,0,normal
01044633246,010,2026-09-15 13:28:00,13.0,0,1,0,,0,0,,,0,,0,,,,,,,0,0,0,normal
01098288367,010,2026-01-02 03:38:00,3.0,0,1,0,,1,0,,,0,,0,,,,,,,0,0,0,normal
01024524881,010,2026-10-09 17:35:00,17.0,1,1,0,,1,1,0.0,1.0,0,,0,,,,,,,0,0,0,normal
15221000,특번,2026-09-12 11:27:00,11.0,0,0,0,,0,0,,,0,,1,1.0,0.0,,,,,0,0,0,normal
0808221416,기타,2026-03-09 19:58:00,19.0,1,0,0,,0,1,0.0,1.0,0,,1,1.0,0.0,,,,,0,0,0,normal
15666000,특번,2026-09-22 10:45:00,10.0,1,0,0,,0,0,,,0,,1,1.0,0.0,,,,,0,0,0,normal
01064191061,010,2026-10-06 11:42:00,11.0,1,1,1,509.33,1,0,,,0,,0,,,,,,,0,0,0,normal
01037225931,010,2026-01-26 17:41:00,17.0,0,1,0,,1,0,,,0,,1,1.0,0.0,,,,,0,0,0,normal
01055202981,010,2026-06-07 15:58:00,15.0,0,1,1,87.3,1,0,,,0,,0,,,,,,,0,0,0,normal
15888377,특번,2026-01-16 10:03:00,10.0,0,0,0,,0,0,,,0,,0,,,,,,,0,0,0,normal
15883651,특번,2026-10-29 17:57:00,17.0,1,0,0,,0,0,,,0,,0,,,,,,,0,0,0,normal
16706250,특번,2026-01-27 03:22:00,3.0,0,0,0,,0,1,0.0,1.0,0,,0,,,,,,,0,0,0,normal
002683969957,00X(국제),2026-03-11 05:48:00,5.0,1,0,0,,0,1,1.0,1.0,0,,0,,,,,,,1,0,0,normal
01039199862,010,2026-12-29 16:30:00,16.0,0,0,1,1556.72,0,0,,,0,,0,,,,,,,0,0,1,loan
01018073218,010,2026-09-16 14:40:00,14.0,0,1,1,6.83,1,0,,,0,,1,1.0,0.0,,,,,0,0,0,normal
01044941996,010,2026-07-16 17:29:00,17.0,0,0,0,,1,0,,,1,2.81,1,1.0,0.0,,,,,0,0,0,normal
01041707127,010,2026-12-20 06:47:00,6.0,1,1,1,28.2,1,0,,,0,,1,1.0,0.0,,,,,0,0,0,normal
15886565,특번,2026-12-30 12:26:00,12.0,0,0,0,,0,0,,,0,,0,,,,,,,0,0,0,normal
07028454018,070(인터넷전화),2026-04-11 13:30:00,13.0,0,0,1,98.24,0,0,,,0,,0,,,,,,,0,0,0,normal
15778000,특번,2026-03-19 21:25:00,21.0,0,0,1,9.9,0,0,,,0,,0,,,,,,,0,0,0,normal
15446399,특번,2026-07-31 15:39:00,15.0,0,0,0,,0,0,,,0,,0,,,,,,,0,0,0,normal
01042125450,010,2026-01-06 18:24:00,18.0,0,1,0,,1,1,0.0,1.0,0,,0,,,,,,,0,0,0,normal
01039330548,010,2026-07-25 06:08:00,6.0,1,0,0,,1,1,0.0,1.0,0,,0,,,,,,,0,0,0,normal
01028815147,010,2026-06-25 11:48:00,11.0,0,1,1,130.53,1,0,,,0,,0,,,,,,,0,0,0,normal
01072046537,010,2026-08-27 00:02:00,0.0,0,1,0,,1,1,0.0,1.0,0,,1,1.0,0.0,,,,,0,0,0,normal
15443030,특번,2026-02-25 07:03:00,7.0,0,0,0,,0,1,0.0,1.0,0,,0,,,,,,,0,0,0,normal
16612207,특번,2026-05-17 10:04:00,10.0,0,0,0,,0,1,0.0,1.0,0,,0,,,,,,,0,0,0,normal
01098716855,010,2026-02-18 11:06:00,11.0,1,1,1,9.19,1,1,0.0,1.0,0,,0,,,,,,,0,0,0,normal
15448527,특번,2026-04-21 04:59:00,4.0,0,0,0,,0,1,0.0,1.0,0,,0,,,,,,,0,0,0,normal
01062762922,010,2026-11-06 13:24:00,13.0,0,1,1,11.48,1,0,,,0,,0,,,,,,,0,0,0,normal
15885050,특번,2026-10-09 20:28:00,20.0,1,0,0,,0,0,,,0,,1,1.0,0.0,,,,,0,0,0,normal
01074355379,010,2026-08-28 04:12:00,4.0,0,1,1,29.13,1,0,,,0,,0,,,,,,,0,0,0,normal
15444200,특번,2026-08-20 03:27:00,3.0,1,0,0,,0,0,,,0,,0,,,,,,,0,0,0,normal
15778000,특번,2026-11-09 03:53:00,3.0,0,0,0,,0,1,0.0,1.0,0,,0,,,,,,,0,0,0,normal
15446200,특번,2026-03-03 17:07:00,17.0,0,0,0,,0,1,0.0,1.0,0,,0,,,,,,,0,0,0,normal
15443030,특번,2026-10-14 03:40:00,3.0,0,0,0,,0,0,,,0,,0,,,,,,,0,0,0,normal
15660123,특번,2026-08-09 14:03:00,14.0,0,0,0,,0,0,,,0,,0,,,,,,,0,0,0,normal
01074214157,010,2026-01-17 13:18:00,13.0,0,1,1,9.6,1,0,,,0,,0,,,,,,,0,0,0,normal
15993333,특번,2026-02-05 12:31:00,12.0,0,0,0,,1,1,0.0,1.0,0,,0,,,,,,,0,0,0,normal
15882588,특번,2026-04-27 05:38:00,5.0,0,0,1,103.41,0,0,,,1,30.2,1,1.0,0.0,,,,,0,0,0,normal
15883500,특번,2026-08-28 22:15:00,22.0,0,0,0,,0,1,0.0,1.0,0,,0,,,,,,,0,0,0,normal
16008172,특번,2026-07-17 23:49:00,23.0,0,0,0,,0,0,,,0,,1,1.0,0.0,,,,,0,0,0,normal
15664295,특번,2026-11-07 04:38:00,4.0,1,0,0,,1,0,,,0,,1,1.0,0.0,,,,,0,0,0,normal
15991111,특번,2026-08-02 13:00:00,13.0,0,0,0,,0,1,0.0,1.0,0,,0,,,,,,,0,0,0,normal
03180219341,기타,2026-07-30 12:54:00,12.0,0,0,0,,0,1,0.0,1.0,0,,0,,,,,,,0,0,0,normal
01009306853,010,2026-01-31 20:13:00,20.0,0,1,0,,0,0,,,0,,1,1.0,0.0,,,,,0,0,0,normal
15999000,특번,2026-02-19 12:49:00,12.0,0,0,0,,0,1,0.0,1.0,0,,1,1.0,0.0,,,,,0,0,0,normal
16008585,특번,2026-07-24 23:58:00,23.0,0,0,0,,0,0,,,1,2.01,1,1.0,0.0,,,,,0,0,0,normal
01076477090,010,2026-11-04 03:16:00,3.0,1,1,1,159.8,1,1,0.0,1.0,0,,0,,,,,,,0,0,0,normal
15221000,특번,2026-12-01 14:43:00,14.0,0,0,0,,0,0,,,0,,1,1.0,0.0,,,,,0,0,0,normal
18000678,특번,2026-04-21 01:17:00,1.0,0,0,0,,0,1,0.0,1.0,1,1284.41,0,,,,,,,0,0,0,normal
01036325586,010,2026-03-21 00:58:00,0.0,0,1,1,115.64,1,1,0.0,1.0,1,5.42,0,,,,,,,0,0,0,normal
15991111,특번,2026-02-05 21:50:00,21.0,1,0,0,,0,1,0.0,1.0,0,,0,,,,,,,0,1,0,normal
15886200,특번,2026-03-12 19:32:00,19.0,1,0,0,,0,0,,,0,,0,,,,,,,0,1,0,normal
01005976620,010,2026-08-13 22:33:00,22.0,1,1,1,722.42,1,1,1.0,1.0,0,,0,,,,,,,0,0,0,normal
01026993451,010,2026-11-26 04:16:00,4.0,0,1,1,0.84,0,1,0.0,1.0,0,,1,1.0,0.0,,,,,0,0,0,normal
15998000,특번,2026-11-20 06:15:00,6.0,0,0,0,,0,1,0.0,1.0,0,,0,,,,,,,0,0,0,normal
0624160113,기타,2026-06-16 05:17:00,5.0,1,0,0,,0,0,,,0,,0,,,,,,,0,0,0,normal
15958436,특번,2026-03-23 19:58:00,19.0,1,0,0,,0,1,0.0,1.0,0,,1,1.0,0.0,,,,,0,0,0,normal
01043068811,010,2026-10-07 10:28:00,10.0,1,1,0,,1,1,0.0,1.0,0,,0,,,,,,,0,0,0,normal
15441120,특번,2026-12-29 20:22:00,20.0,0,0,0,,0,1,0.0,1.0,1,1.54,0,,,,,,,0,1,0,normal
15221155,특번,2026-01-30 07:05:00,7.0,1,0,0,,0,1,0.0,1.0,0,,0,,,,,,,0,0,0,normal
15773419,특번,2026-12-15 23:56:00,23.0,1,0,0,,0,1,0.0,1.0,0,,1,1.0,0.0,,,,,0,0,0,normal
01065562388,010,2026-12-25 08:43:00,8.0,0,1,0,,1,1,0.0,1.0,0,,0,,,,,,,0,0,0,normal
16780479,특번,2026-07-17 10:13:00,10.0,0,0,0,,0,0,,,0,,1,1.0,0.0,,,,,0,0,0,normal
01042324234,010,2026-01-04 11:19:00,11.0,1,1,1,1.22,1,1,0.0,1.0,0,,0,,,,,,,0,0,0,normal
07089410,070(인터넷전화),2026-12-22 02:08:00,2.0,1,0,1,28.0,0,1,0.0,1.0,0,,1,1.0,0.0,,,,,0,0,0,normal
01095496861,010,2026-12-21 18:01:00,18.0,0,1,0,,1,0,,,0,,0,,,,,,,0,0,0,normal
15883388,특번,2026-04-28 23:36:00,23.0,0,0,0,,0,1,0.0,1.0,1,62.95,0,,,,,,,0,0,0,normal
15884477,특번,2026-10-04 23:48:00,23.0,0,0,0,,0,1,0.0,1.0,0,,0,,,,,,,0,0,0,normal
01033998242,010,2026-10-10 10:58:00,10.0,0,1,0,,1,0,,,0,,1,1.0,0.0,,,,,0,0,0,normal
15221155,특번,2026-05-01 23:18:00,23.0,0,0,0,,0,1,0.0,1.0,0,,1,1.0,0.0,,,,,0,0,0,normal
15229907,특번,2026-12-28 06:46:00,6.0,0,0,0,,0,0,,,0,,1,1.0,0.0,,,,,0,0,0,normal
15443082,특번,2026-08-28 00:41:00,0.0,1,0,0,,0,0,,,0,,0,,,,,,,0,0,0,normal
15999000,특번,2026-07-27 19:53:00,19.0,1,0,0,,0,0,,,0,,0,,,,,,,0,0,0,normal
024564162,02(서울 유선),2026-12-27 16:20:00,16.0,0,0,0,,0,0,,,1,204.43,0,,,,,,,0,0,0,normal
01063070781,010,2026-01-29 23:26:00,23.0,1,1,1,542.77,1,1,0.0,1.0,0,,0,,,,,,,0,0,0,normal
15888585,특번,2026-12-09 06:13:00,6.0,1,0,0,,0,0,,,0,,0,,,,,,,0,0,0,normal
15888377,특번,2026-05-09 14:26:00,14.0,0,0,0,,0,0,,,0,,0,,,,,,,0,0,0,normal
01007570464,010,2026-05-28 02:08:00,2.0,1,1,1,16.49,1,0,,,0,,1,1.0,0.0,,,,,0,0,0,normal
01046733229,010,2026-02-21 09:00:00,9.0,1,1,1,215.18,1,0,,,0,,0,,,,,,,0,1,0,normal
01051742240,010,2026-07-12 23:28:00,23.0,1,1,1,2.03,1,0,,,0,,0,,,,,,,0,0,0,normal
15448000,특번,2026-07-28 23:07:00,23.0,1,0,1,30.34,0,0,,,0,,0,,,,,,,0,0,0,normal
15446399,특번,2026-01-28 19:28:00,19.0,0,0,0,,0,1,0.0,1.0,0,,1,1.0,0.0,,,,,0,0,0,normal
01048944139,010,2026-09-30 01:28:00,1.0,1,1,1,13.55,1,1,0.0,1.0,0,,0,,,,,,,0,0,0,normal
01020502549,010,2026-12-11 19:58:00,19.0,0,1,0,,1,0,,,1,6.37,0,,,,,,,0,0,0,normal
18000678,특번,2026-10-10 23:17:00,23.0,0,0,1,389.52,0,0,,,0,,0,,,,,,,0,0,0,normal
01081063198,010,2026-10-06 13:03:00,13.0,0,0,0,,0,0,,,0,,1,0.0,0.0,,,,,0,1,1,acquaintance
16706250,특번,2026-01-29 23:24:00,23.0,1,0,1,117.41,0,1,0.0,1.0,0,,0,,,,,,,0,0,0,normal
15444200,특번,2026-11-20 03:58:00,3.0,1,0,0,,0,0,,,0,,0,,,,,,,0,0,0,normal
0257774449,02(서울 유선),2026-10-12 08:48:00,8.0,0,0,0,,0,0,,,1,1.25,0,,,,,,,0,0,0,normal
15884477,특번,2026-04-24 01:03:00,1.0,0,0,0,,0,1,0.0,1.0,0,,0,,,,,,,0,0,0,normal
15662566,특번,2026-01-07 20:57:00,20.0,0,0,0,,0,0,,,1,1.33,0,,,,,,,0,0,0,normal
15661277,특번,2026-08-28 05:21:00,5.0,0,0,1,22.21,0,1,0.0,1.0,0,,0,,,,,,,0,0,0,normal
15223000,특번,2026-12-28 03:03:00,3.0,1,0,0,,0,1,0.0,1.0,0,,1,1.0,0.0,,,,,0,0,0,normal
15998500,특번,2026-06-09 01:01:00,1.0,1,0,0,,0,0,,,0,,0,,,,,,,0,0,0,normal
01053244888,010,2026-01-17 04:20:00,4.0,0,1,0,,0,1,0.0,1.0,0,,1,1.0,0.0,,,,,0,0,0,normal
15888377,특번,2026-11-10 10:24:00,10.0,1,0,0,,0,1,0.0,1.0,0,,1,1.0,0.0,,,,,0,0,0,normal
18000678,특번,2026-11-07 02:27:00,2.0,0,0,0,,0,1,0.0,1.0,0,,0,,,,,,,0,0,0,normal
0624160113,기타,2026-05-02 04:59:00,4.0,1,0,0,,0,0,,,0,,0,,,,,,,0,0,0,normal
0241616088,02(서울 유선),2026-03-21 16:08:00,16.0,0,0,0,,0,0,,,0,,1,0.0,0.0,,,,,0,1,1,loan
15664295,특번,2026-06-23 21:23:00,21.0,0,0,0,,0,0,,,0,,0,,,,,,,0,0,0,normal
01052145623,010,2026-04-07 05:39:00,5.0,1,1,1,1.51,1,1,0.0,1.0,0,,0,,,,,,,0,0,0,normal
01034203197,010,2026-12-01 20:13:00,20.0,0,1,1,365.85,1,1,0.0,1.0,0,,1,1.0,0.0,,,,,0,0,0,normal
005732573755,00X(국제),2026-05-25 21:31:00,21.0,0,0,0,,0,1,0.0,1.0,0,,0,,,,,,,1,0,0,normal
01031900241,010,2026-09-21 19:25:00,19.0,0,1,1,45.61,1,1,0.0,1.0,0,,1,1.0,0.0,,,,,0,0,0,normal
16612207,특번,2026-06-05 01:50:00,1.0,0,0,0,,0,0,,,0,,1,1.0,0.0,,,,,0,0,0,normal
15444200,특번,2026-02-22 05:56:00,5.0,0,0,0,,0,1,0.0,1.0,0,,0,,,,,,,0,0,0,normal
01007012008,010,2026-07-26 23:44:00,23.0,0,1,1,0.91,1,0,,,0,,0,,,,,,,0,0,0,normal
15888000,특번,2026-12-08 16:25:00,16.0,0,0,0,,0,1,0.0,1.0,0,,0,,,,,,,0,0,0,normal
022549475,02(서울 유선),2026-01-07 03:36:00,3.0,0,0,0,,0,1,0.0,1.0,1,13.52,0,,,,,,,0,1,0,normal
15664295,특번,2026-08-14 05:33:00,5.0,0,0,0,,0,1,0.0,1.0,0,,0,,,,,,,0,1,0,normal
01069860077,010,2026-08-27 18:37:00,18.0,0,1,0,,1,1,0.0,1.0,0,,0,,,,,,,0,0,0,normal
15998888,특번,2026-07-27 23:40:00,23.0,0,0,0,,0,0,,,0,,0,,,,,,,0,0,0,normal
16000400,특번,2026-04-14 05:08:00,5.0,0,0,0,,0,0,,,0,,0,,,,,,,0,0,0,normal
15888801,특번,2026-05-17 10:48:00,10.0,0,1,0,,0,0,,,1,92.78,0,,,,,,,0,0,0,normal
01062757332,010,2026-01-25 02:08:00,2.0,0,1,1,0.84,1,1,0.0,1.0,0,,0,,,,,,,0,0,0,normal
15991900,특번,2026-10-14 11:09:00,11.0,1,0,0,,1,1,0.0,1.0,0,,1,1.0,0.0,,,,,0,0,0,normal
01022918457,010,2026-08-04 03:44:00,3.0,0,1,1,2.01,1,1,1.0,1.0,0,,0,,,,,,,0,0,0,normal
15664295,특번,2026-03-08 17:19:00,17.0,1,0,0,,0,0,,,0,,0,,,,,,,0,0,0,normal
01082405546,010,2026-09-13 19:47:00,19.0,0,1,1,22.38,1,1,0.0,1.0,0,,0,,,,,,,0,0,0,normal
15881111,특번,2026-02-24 03:35:00,3.0,1,0,0,,0,0,,,0,,0,,,,,,,0,0,0,normal
0624160113,기타,2026-09-08 21:19:00,21.0,0,0,0,,0,0,,,1,21.95,0,,,,,,,0,0,0,normal
16617654,특번,2026-09-26 05:50:00,5.0,0,0,0,,0,1,0.0,1.0,0,,1,1.0,0.0,,,,,0,0,0,normal
15888377,특번,2026-02-25 07:18:00,7.0,1,0,1,42.07,0,1,0.0,1.0,0,,0,,,,,,,0,0,0,normal
15880037,특번,2026-11-27 07:26:00,7.0,0,0,0,,0,1,0.0,1.0,1,9.01,1,1.0,0.0,,,,,0,0,0,normal
18728351,특번,2026-04-23 15:04:00,15.0,0,0,0,,0,0,,,1,0.21,0,,,,,,,0,0,0,normal
03180751228,기타,2026-10-02 17:55:00,17.0,0,0,0,,0,1,0.0,1.0,0,,0,,,,,,,0,0,0,normal
15887000,특번,2026-05-31 02:54:00,2.0,0,0,0,,0,1,0.0,1.0,0,,0,,,,,,,0,0,0,normal
07036359,070(인터넷전화),2026-02-27 04:28:00,4.0,1,0,0,,0,0,,,0,,0,,,,,,,0,0,0,normal
15998000,특번,2026-02-08 01:15:00,1.0,0,0,0,,0,1,0.0,1.0,0,,1,1.0,0.0,,,,,0,0,0,normal
15999000,특번,2026-01-07 19:38:00,19.0,1,0,0,,0,0,,,0,,0,,,,,,,0,0,0,normal
01030657128,010,2026-12-30 00:46:00,0.0,0,0,0,,1,0,,,0,,0,,,,,,,0,0,0,normal
01030597025,010,2026-09-12 16:34:00,16.0,0,1,1,16.66,1,1,1.0,1.0,0,,0,,,,,,,0,0,0,normal
15880037,특번,2026-08-30 22:15:00,22.0,0,0,0,,0,1,0.0,1.0,0,,0,,,,,,,0,0,0,normal
15884477,특번,2026-09-17 16:49:00,16.0,1,0,1,101.25,0,0,,,0,,0,,,,,,,0,0,0,normal
16008585,특번,2026-12-22 05:07:00,5.0,1,0,0,,0,0,,,0,,0,,,,,,,0,0,0,normal
0262752275,02(서울 유선),2026-01-31 19:28:00,19.0,0,0,0,,0,1,0.0,1.0,0,,0,,,,,,,0,0,0,normal
15886565,특번,2026-12-05 12:03:00,12.0,0,0,1,83.12,0,1,0.0,1.0,0,,0,,,,,,,0,0,0,normal
15443030,특번,2026-09-20 10:42:00,10.0,0,0,0,,0,0,,,0,,1,1.0,0.0,,,,,0,0,0,normal
15882001,특번,2026-08-05 04:37:00,4.0,0,0,0,,0,0,,,0,,0,,,,,,,0,0,0,normal
15441077,특번,2026-04-29 18:11:00,18.0,1,0,0,,0,0,,,0,,0,,,,,,,0,0,0,normal
01075102932,010,2026-03-05 22:46:00,22.0,0,1,0,,1,0,,,0,,0,,,,,,,0,0,0,normal
16006200,특번,2026-08-22 05:46:00,5.0,1,0,0,,0,1,0.0,1.0,0,,0,,,,,,,0,0,0,normal
07070152424,070(인터넷전화),2026-07-26 13:02:00,13.0,0,0,0,,0,1,0.0,1.0,0,,0,,,,,,,0,0,0,normal
15440010,특번,2026-06-04 13:04:00,13.0,1,0,0,,0,0,,,0,,0,,,,,,,0,0,0,normal
025718533,02(서울 유선),2026-03-24 10:11:00,10.0,1,0,0,,0,1,0.0,1.0,0,,0,,,,,,,0,0,0,normal
16612207,특번,2026-11-27 15:12:00,15.0,0,0,0,,0,0,,,0,,0,,,,,,,0,0,0,normal
15661277,특번,2026-12-18 16:42:00,16.0,0,0,0,,0,1,0.0,1.0,0,,0,,,,,,,0,0,0,normal
01015121676,010,2026-01-04 07:09:00,7.0,1,1,1,19.64,1,0,,,0,,0,,,,,,,0,0,0,normal
16888114,특번,2026-09-26 09:02:00,9.0,0,0,0,,0,1,0.0,1.0,0,,1,1.0,0.0,,,,,0,0,0,normal
0220269955,02(서울 유선),2026-07-08 12:34:00,12.0,0,0,0,,0,0,,,0,,0,,,,,,,0,0,0,normal
01093476912,010,2026-05-29 04:15:00,4.0,0,0,1,108.11,1,0,,,1,104.97,0,,,,,,,0,0,0,normal
16000400,특번,2026-09-11 13:24:00,13.0,0,0,1,1.74,0,0,,,0,,1,1.0,0.0,,,,,0,0,0,normal
01075466248,010,2026-04-17 05:00:00,5.0,0,1,1,1394.41,0,1,0.0,1.0,0,,0,,,,,,,0,0,0,normal
0802277480,기타,2026-12-19 22:12:00,22.0,0,0,0,,0,0,,,0,,0,,,,,,,0,0,0,normal
15771000,특번,2026-09-23 17:54:00,17.0,1,0,0,,0,0,,,0,,0,,,,,,,0,0,0,normal
15880010,특번,2026-12-29 17:01:00,17.0,0,0,1,8.08,0,1,0.0,1.0,1,0.38,0,,,,,,,0,0,0,normal
15887270,특번,2026-02-06 00:57:00,0.0,0,0,0,,0,1,0.0,1.0,0,,0,,,,,,,0,0,0,normal
15990011,특번,2026-02-27 17:34:00,17.0,1,0,0,,0,1,0.0,1.0,0,,0,,,,,,,0,0,0,normal
15999000,특번,2026-08-06 07:24:00,7.0,0,0,0,,0,1,0.0,1.0,0,,1,1.0,0.0,,,,,0,0,0,normal
01016099097,010,2026-09-11 00:56:00,0.0,0,1,1,37.93,1,1,0.0,1.0,0,,0,,,,,,,0,0,0,normal
15447758,특번,2026-09-26 05:47:00,5.0,0,0,0,,0,1,0.0,1.0,0,,0,,,,,,,0,0,0,normal
01007810508,010,2026-07-16 13:32:00,13.0,1,1,0,,1,1,0.0,1.0,0,,0,,,,,,,0,0,0,normal
07062393526,070(인터넷전화),2026-01-01 21:22:00,21.0,0,0,0,,0,1,0.0,1.0,0,,1,1.0,0.0,,,,,0,0,0,normal
0262752275,02(서울 유선),2026-03-16 01:37:00,1.0,1,0,1,1.37,0,0,,,0,,1,1.0,0.0,,,,,0,0,0,normal
15880037,특번,2026-03-17 07:22:00,7.0,0,0,1,34.58,0,1,1.0,1.0,0,,1,1.0,0.0,,,,,0,0,0,normal
01077070507,010,2026-01-19 07:19:00,7.0,0,1,1,261.92,1,1,0.0,1.0,1,34.15,0,,,,,,,0,0,0,normal
15887000,특번,2026-11-10 10:36:00,10.0,1,0,0,,0,0,,,0,,1,1.0,0.0,,,,,0,0,0,normal
15446399,특번,2026-09-08 04:53:00,4.0,0,0,0,,0,1,0.0,1.0,0,,0,,,,,,,0,0,0,normal
15888377,특번,2026-06-20 15:49:00,15.0,1,0,0,,0,0,,,0,,1,1.0,0.0,,,,,0,0,0,normal
15441120,특번,2026-10-28 01:04:00,1.0,0,0,0,,0,1,0.0,1.0,0,,1,1.0,0.0,,,,,0,0,0,normal
01091478524,010,2026-11-28 11:19:00,11.0,0,1,1,24.99,1,1,1.0,1.0,0,,1,1.0,0.0,,,,,0,0,0,normal
01052078821,010,2026-10-15 03:53:00,3.0,1,1,1,1.92,1,1,0.0,1.0,0,,0,,,,,,,0,0,0,normal
01037213865,010,2026-02-07 21:41:00,21.0,0,1,1,8.93,0,0,,,0,,1,1.0,0.0,,,,,0,0,0,normal
01002123720,010,2026-09-19 14:51:00,14.0,1,1,1,1.77,1,1,0.0,1.0,0,,1,1.0,0.0,,,,,0,0,0,normal
01043969647,010,2026-12-24 06:19:00,6.0,0,1,1,107.92,1,0,,,1,5.71,1,1.0,0.0,,,,,0,1,0,normal
16888114,특번,2026-01-10 04:28:00,4.0,0,0,0,,0,1,0.0,1.0,0,,0,,,,,,,0,0,0,normal
15990903,특번,2026-08-16 20:59:00,20.0,0,0,0,,0,1,0.0,1.0,0,,0,,,,,,,0,0,0,normal
15706648,특번,2026-02-14 13:39:00,13.0,0,0,0,,0,1,0.0,1.0,0,,0,,,,,,,0,0,0,normal
15882588,특번,2026-02-14 07:00:00,7.0,1,0,1,404.48,0,1,0.0,1.0,0,,1,1.0,0.0,,,,,0,0,0,normal
16008172,특번,2026-09-27 21:18:00,21.0,0,0,0,,0,0,,,0,,0,,,,,,,0,0,0,normal
15881515,특번,2026-05-12 20:04:00,20.0,1,0,0,,0,0,,,0,,0,,,,,,,0,0,0,normal
01030718218,010,2026-04-27 05:15:00,5.0,0,1,1,0.12,1,1,0.0,1.0,0,,0,,,,,,,0,0,0,normal
16273308,특번,2026-01-09 09:08:00,9.0,0,0,0,,0,0,,,0,,1,1.0,0.0,,,,,0,0,0,normal
025669998,02(서울 유선),2026-01-08 21:22:00,21.0,0,0,0,,0,1,0.0,1.0,1,635.55,0,,,,,,,0,0,0,normal
16004000,특번,2026-06-06 21:27:00,21.0,1,0,0,,0,0,,,0,,1,1.0,0.0,,,,,0,0,0,normal
16446000,특번,2026-09-20 03:50:00,3.0,0,0,1,0.83,0,1,1.0,1.0,0,,0,,,,,,,0,0,0,normal
15447758,특번,2026-11-05 07:00:00,7.0,0,0,0,,0,0,,,0,,0,,,,,,,0,0,0,normal
16612207,특번,2026-05-16 06:33:00,6.0,0,0,0,,0,0,,,0,,0,,,,,,,0,0,0,normal
16445425,특번,2026-04-03 07:39:00,7.0,0,0,1,8.07,0,0,,,0,,0,,,,,,,0,0,0,normal
01006773067,010,2026-03-29 13:23:00,13.0,0,1,1,799.1,1,0,,,0,,1,1.0,0.0,,,,,0,0,0,normal
15880037,특번,2026-06-15 16:36:00,16.0,1,0,0,,0,0,,,0,,0,,,,,,,0,0,0,normal
15881111,특번,2026-03-18 05:33:00,5.0,0,0,0,,0,1,0.0,1.0,1,2.09,0,,,,,,,0,0,0,normal
01009678994,010,2026-02-05 17:50:00,17.0,0,1,0,,1,1,0.0,1.0,1,267.7,1,1.0,0.0,,,,,0,0,0,normal
15444200,특번,2026-09-04 02:15:00,2.0,1,0,0,,0,1,0.0,1.0,0,,1,1.0,0.0,,,,,0,0,0,normal
15885050,특번,2026-06-29 19:59:00,19.0,1,0,0,,0,1,0.0,1.0,0,,1,1.0,0.0,,,,,0,0,0,normal
01077626018,010,2026-06-17 17:00:00,17.0,0,1,1,0.77,1,0,,,1,29.61,0,,,,,,,0,0,0,normal
15441120,특번,2026-08-07 12:19:00,12.0,0,0,0,,0,0,,,0,,0,,,,,,,0,0,0,normal
15881515,특번,2026-03-21 23:19:00,23.0,0,0,1,251.93,0,0,,,0,,0,,,,,,,0,0,0,normal
15888377,특번,2026-07-20 18:13:00,18.0,0,0,0,,0,0,,,1,0.55,0,,,,,,,0,0,0,normal
18170321,특번,2026-02-27 05:32:00,5.0,0,0,0,,1,1,0.0,1.0,1,67.76,0,,,,,,,0,0,0,normal
16446000,특번,2026-05-23 22:55:00,22.0,1,0,1,6.88,0,0,,,0,,1,1.0,0.0,,,,,0,0,0,normal
01081589960,010,2026-05-24 07:58:00,7.0,1,1,1,1.88,1,0,,,0,,0,,,,,,,0,1,0,normal
15886565,특번,2026-06-27 21:44:00,21.0,1,0,0,,0,1,1.0,1.0,0,,1,1.0,0.0,,,,,0,0,0,normal
16888114,특번,2026-11-17 20:02:00,20.0,1,0,0,,0,1,0.0,0.0,0,,0,,,,,,,0,0,0,normal
15888000,특번,2026-02-05 19:04:00,19.0,1,0,0,,0,0,,,0,,0,,,,,,,0,0,0,normal
01063439252,010,2026-08-27 05:14:00,5.0,0,1,1,103.4,1,1,0.0,1.0,0,,0,,,,,,,0,0,0,normal
16487049,특번,2026-08-10 07:17:00,7.0,0,0,0,,0,1,0.0,1.0,0,,1,1.0,0.0,,,,,0,0,0,normal
15880079,특번,2026-07-03 23:55:00,23.0,0,0,1,39.58,0,0,,,0,,0,,,,,,,0,0,0,normal
15448000,특번,2026-09-15 16:02:00,16.0,1,0,0,,0,0,,,0,,0,,,,,,,0,0,0,normal
01083413351,010,2026-05-22 03:46:00,3.0,0,1,1,488.94,1,1,0.0,1.0,0,,0,,,,,,,0,0,0,normal
15993333,특번,2026-03-27 18:19:00,18.0,0,0,0,,0,1,0.0,1.0,0,,1,1.0,0.0,,,,,0,0,0,normal
01093631230,010,2026-06-28 19:56:00,19.0,1,1,0,,1,1,0.0,1.0,0,,1,1.0,0.0,,,,,0,0,0,normal
0624160113,기타,2026-12-06 00:59:00,0.0,0,0,0,,0,1,0.0,1.0,0,,0,,,,,,,0,0,0,normal
16445425,특번,2026-05-23 02:15:00,2.0,0,0,0,,0,0,,,0,,1,1.0,0.0,,,,,0,0,0,normal
01047525284,010,2026-06-14 19:55:00,19.0,1,1,1,296.53,1,0,,,0,,0,,,,,,,0,0,0,normal
15888585,특번,2026-05-20 19:50:00,19.0,0,0,1,17.07,0,1,0.0,1.0,0,,0,,,,,,,0,0,0,normal
01016415374,010,2026-01-29 15:40:00,15.0,1,1,1,553.42,1,1,0.0,1.0,0,,0,,,,,,,0,0,0,normal
15882588,특번,2026-10-31 22:09:00,22.0,1,0,0,,0,1,0.0,1.0,0,,0,,,,,,,0,0,0,normal
16705989,특번,2026-01-30 12:02:00,12.0,0,0,0,,0,1,0.0,1.0,1,574.79,0,,,,,,,0,0,0,normal
16612207,특번,2026-07-06 03:44:00,3.0,0,0,0,,1,0,,,0,,0,,,,,,,0,0,0,normal
15999000,특번,2026-02-02 00:49:00,0.0,0,0,1,68.47,0,1,0.0,1.0,0,,0,,,,,,,0,0,0,normal
01084993231,010,2026-05-15 16:18:00,16.0,1,1,0,,1,0,,,0,,0,,,,,,,0,0,0,normal
01089811664,010,2026-12-13 09:25:00,9.0,0,1,0,,1,1,0.0,1.0,0,,0,,,,,,,0,0,0,normal
01098034405,010,2026-09-18 19:15:00,19.0,0,1,1,1413.35,1,0,,,0,,0,,,,,,,0,0,0,normal
01003889044,010,2026-02-19 14:47:00,14.0,0,1,1,16.13,1,0,,,1,3.8,0,,,,,,,0,0,0,normal
01006262953,010,2026-10-16 16:27:00,16.0,0,1,1,6.21,1,0,,,0,,0,,,,,,,0,0,0,normal
15888585,특번,2026-11-05 18:08:00,18.0,0,0,0,,0,1,0.0,1.0,0,,0,,,,,,,0,0,0,normal
15665050,특번,2026-03-25 10:32:00,10.0,1,0,0,,0,1,0.0,1.0,0,,0,,,,,,,0,0,0,normal
01005577103,010,2026-02-10 01:46:00,1.0,1,1,1,4.87,1,0,,,0,,0,,,,,,,0,0,0,normal
18997047,특번,2026-08-20 18:20:00,18.0,0,0,0,,0,0,,,0,,0,,,,,,,0,0,0,normal
01062216906,010,2026-10-06 11:23:00,11.0,0,1,1,7.5,1,0,,,0,,0,,,,,,,0,0,0,normal
15991916,특번,2026-04-15 00:39:00,0.0,0,0,0,,0,0,,,0,,1,1.0,0.0,,,,,0,0,0,normal
15993333,특번,2026-09-28 11:48:00,11.0,0,0,0,,0,1,0.0,1.0,0,,1,1.0,0.0,,,,,0,0,0,normal
0298939777,02(서울 유선),2026-02-07 05:42:00,5.0,0,0,0,,0,1,0.0,1.0,1,2.43,0,,,,,,,0,0,0,normal
01004015076,010,2026-05-01 03:31:00,3.0,0,1,1,9.04,1,0,,,0,,1,1.0,0.0,,,,,0,0,0,normal
01045401938,010,2026-01-28 03:50:00,3.0,1,1,1,1514.75,1,0,,,0,,0,,,,,,,0,0,0,normal
16888114,특번,2026-01-14 05:31:00,5.0,0,0,0,,0,1,0.0,1.0,0,,1,1.0,0.0,,,,,0,0,0,normal
15880010,특번,2026-06-06 20:36:00,20.0,0,0,0,,0,0,,,1,4.81,1,1.0,0.0,,,,,0,0,0,normal
16617654,특번,2026-09-02 16:10:00,16.0,1,0,0,,0,1,0.0,1.0,0,,1,1.0,0.0,,,,,0,0,0,normal
16888114,특번,2026-09-28 11:58:00,11.0,0,0,0,,0,0,,,0,,1,1.0,0.0,,,,,0,0,0,normal
070597820,070(인터넷전화),2026-11-25 01:27:00,1.0,0,0,0,,0,0,,,1,0.17,0,,,,,,,0,0,0,normal
01094565346,010,2026-12-15 09:20:00,9.0,0,1,0,,1,0,,,0,,1,1.0,0.0,,,,,0,0,0,normal
15998000,특번,2026-05-15 19:18:00,19.0,0,0,0,,0,1,0.0,1.0,1,34.07,1,1.0,0.0,,,,,0,0,0,normal
18116688,특번,2026-11-29 19:03:00,19.0,0,0,0,,0,0,,,0,,0,,,,,,,0,0,0,normal
03243804032,기타,2026-09-01 03:53:00,3.0,0,0,0,,0,0,,,0,,1,1.0,0.0,,,,,0,0,0,normal
15443002,특번,2026-06-25 17:15:00,17.0,0,0,0,,0,1,0.0,1.0,0,,0,,,,,,,0,0,0,normal
15669009,특번,2026-01-30 00:46:00,0.0,0,0,0,,0,1,0.0,1.0,1,35.75,0,,,,,,,0,0,0,normal
15999010,특번,2026-02-17 18:55:00,18.0,0,0,0,,0,0,,,0,,0,,,,,,,0,0,0,normal
01043167014,010,2026-03-21 20:54:00,20.0,1,1,1,144.4,1,0,,,0,,0,,,,,,,0,0,0,normal
15883570,특번,2026-05-07 06:25:00,6.0,1,0,0,,0,1,0.0,1.0,0,,0,,,,,,,0,0,0,normal
01076509462,010,2026-01-09 23:49:00,23.0,0,1,1,748.51,1,1,0.0,1.0,1,1.18,1,1.0,0.0,,,,,0,0,0,normal
16449999,특번,2026-12-11 16:45:00,16.0,0,0,0,,0,0,,,0,,0,,,,,,,0,0,0,normal
01046990139,010,2026-06-08 00:38:00,0.0,0,1,0,,1,1,0.0,1.0,1,141.67,0,,,,,,,0,0,0,normal
15441120,특번,2026-10-08 08:33:00,8.0,0,0,0,,0,0,,,0,,0,,,,,,,0,0,0,normal
01096025092,010,2026-12-27 22:16:00,22.0,0,1,1,352.99,1,0,,,0,,0,,,,,,,0,0,0,normal
0277276041,02(서울 유선),2026-05-07 17:49:00,17.0,1,0,0,,0,1,0.0,1.0,0,,0,,,,,,,0,0,0,normal
050221021798,기타,2026-05-13 19:31:00,19.0,0,0,0,,0,1,0.0,1.0,0,,0,,,,,,,0,0,0,normal
01077725228,010,2026-12-22 13:56:00,13.0,0,0,0,,1,0,,,0,,1,1.0,0.0,,,,,0,1,0,normal
01048774763,010,2026-02-09 14:00:00,14.0,1,1,1,191.48,1,1,0.0,1.0,0,,0,,,,,,,0,0,0,normal
00879872873,00X(국제),2026-02-25 13:14:00,13.0,0,0,0,,0,1,0.0,1.0,0,,0,,,,,,,1,0,0,normal
15888585,특번,2026-06-29 20:58:00,20.0,0,0,0,,0,0,,,1,51.8,0,,,,,,,0,1,0,normal
16004000,특번,2026-10-22 11:06:00,11.0,1,0,1,106.0,0,1,0.0,1.0,0,,0,,,,,,,0,0,0,normal
01092542709,010,2026-06-06 17:38:00,17.0,0,1,0,,1,1,0.0,1.0,0,,1,1.0,0.0,,,,,0,0,0,normal
15888801,특번,2026-01-23 17:02:00,17.0,1,0,0,,0,1,1.0,1.0,0,,0,,,,,,,0,0,0,normal
15888585,특번,2026-09-17 10:27:00,10.0,0,0,1,18.97,0,0,,,0,,0,,,,,,,0,0,0,normal
0241139522,02(서울 유선),2026-08-23 23:21:00,23.0,1,0,0,,0,1,1.0,1.0,0,,0,,,,,,,0,0,0,normal
18000678,특번,2026-11-07 04:05:00,4.0,0,0,1,4.4,0,0,,,0,,0,,,,,,,0,0,0,normal
15221000,특번,2026-07-26 19:42:00,19.0,0,0,0,,0,1,0.0,1.0,0,,1,1.0,0.0,,,,,0,0,0,normal
025669998,02(서울 유선),2026-01-18 06:09:00,6.0,1,0,0,,0,1,0.0,1.0,0,,0,,,,,,,0,0,0,normal
027332541,02(서울 유선),2026-03-12 10:24:00,10.0,0,0,0,,0,0,,,0,,1,1.0,0.0,,,,,0,0,0,normal
15999000,특번,2026-10-16 07:45:00,7.0,1,0,0,,0,0,,,0,,0,,,,,,,0,0,0,normal
15444200,특번,2026-07-05 06:38:00,6.0,0,0,0,,0,1,0.0,1.0,1,71.02,0,,,,,,,0,0,0,normal
15446200,특번,2026-09-15 16:08:00,16.0,0,0,0,,0,0,,,0,,0,,,,,,,0,0,0,normal
01091228673,010,2026-03-17 15:51:00,15.0,1,1,1,85.91,1,1,0.0,1.0,0,,0,,,,,,,0,0,0,normal
15993333,특번,2026-01-15 19:42:00,19.0,0,0,0,,0,0,,,0,,1,1.0,0.0,,,,,0,0,0,normal
15662566,특번,2026-04-28 17:49:00,17.0,0,0,0,,0,1,0.0,1.0,1,5.8,0,,,,,,,0,0,0,normal
15441120,특번,2026-05-25 11:37:00,11.0,0,1,0,,0,1,1.0,1.0,0,,1,1.0,0.0,,,,,0,0,0,normal
15441120,특번,2026-07-02 10:43:00,10.0,0,0,0,,0,0,,,1,247.21,0,,,,,,,0,0,0,normal
15664295,특번,2026-12-20 18:40:00,18.0,1,0,0,,0,1,0.0,1.0,0,,1,1.0,0.0,,,,,0,0,0,normal
0624160113,기타,2026-06-26 04:43:00,4.0,0,0,1,5.31,0,1,0.0,1.0,0,,0,,,,,,,0,0,0,normal
01085009537,010,2026-05-07 07:30:00,7.0,0,1,1,4.18,1,1,0.0,1.0,0,,0,,,,,,,0,0,0,normal
18116688,특번,2026-11-20 01:21:00,1.0,0,0,0,,0,0,,,0,,0,,,,,,,0,0,0,normal
01083594123,010,2026-07-10 12:51:00,12.0,0,1,0,,1,0,,,1,163.28,1,1.0,0.0,,,,,0,0,0,normal
01091221904,010,2026-05-21 06:17:00,6.0,1,1,1,18.48,1,0,,,0,,1,1.0,0.0,,,,,0,0,0,normal
0700786796,070(인터넷전화),2026-06-08 06:01:00,6.0,0,0,0,,0,1,0.0,1.0,0,,0,,,,,,,0,0,0,normal
15991900,특번,2026-03-31 10:22:00,10.0,1,0,0,,0,0,,,0,,0,,,,,,,0,0,0,normal
025669998,02(서울 유선),2026-07-14 11:41:00,11.0,1,0,0,,0,0,,,0,,1,1.0,0.0,,,,,0,0,0,normal
15666000,특번,2026-04-20 22:25:00,22.0,0,0,0,,0,0,,,0,,1,1.0,0.0,,,,,0,0,0,normal
15883388,특번,2026-06-20 10:03:00,10.0,0,0,0,,0,0,,,0,,0,,,,,,,0,0,0,normal
15991916,특번,2026-04-03 16:35:00,16.0,0,0,1,38.12,0,1,0.0,1.0,0,,1,1.0,0.0,,,,,0,0,0,normal
01073499632,010,2026-03-11 10:02:00,10.0,0,1,0,,1,0,,,0,,0,,,,,,,0,0,0,normal
01076730585,010,2026-05-07 17:15:00,17.0,0,1,0,,1,0,,,0,,0,,,,,,,0,0,0,normal
18775867,특번,2026-02-05 12:21:00,12.0,1,0,1,11.01,0,1,0.0,1.0,0,,1,1.0,0.0,,,,,0,0,0,normal
05076874042,기타,2026-01-17 09:41:00,9.0,1,0,1,6.21,0,1,0.0,1.0,0,,0,,,,,,,0,0,0,normal
15998000,특번,2026-12-28 20:44:00,20.0,1,1,0,,0,1,0.0,1.0,0,,0,,,,,,,0,0,0,normal
01015329314,010,2026-06-19 04:21:00,4.0,0,1,1,3.03,1,1,0.0,1.0,0,,0,,,,,,,0,0,0,normal
15443000,특번,2026-12-31 18:54:00,18.0,1,0,0,,0,1,0.0,1.0,0,,0,,,,,,,0,0,0,normal
050651837,기타,2026-01-18 04:25:00,4.0,0,0,0,,0,0,,,0,,1,1.0,0.0,,,,,0,0,0,normal
16008585,특번,2026-05-03 02:11:00,2.0,0,0,0,,0,1,0.0,1.0,0,,0,,,,,,,0,0,0,normal
15447758,특번,2026-09-27 23:04:00,23.0,1,0,0,,0,0,,,0,,1,1.0,0.0,,,,,0,0,0,normal
16006200,특번,2026-06-15 18:23:00,18.0,0,0,1,26.28,0,0,,,0,,1,1.0,0.0,,,,,0,0,0,normal
01014938475,010,2026-08-01 08:47:00,8.0,0,1,0,,1,1,0.0,1.0,1,4.83,0,,,,,,,0,0,0,normal
15443082,특번,2026-06-06 14:57:00,14.0,0,0,0,,0,0,,,0,,0,,,,,,,0,0,0,normal
15441120,특번,2026-03-16 22:03:00,22.0,1,0,0,,0,1,0.0,1.0,0,,1,1.0,0.0,,,,,0,0,0,normal
15999999,특번,2026-07-07 02:02:00,2.0,0,0,0,,0,0,,,0,,1,1.0,0.0,,,,,0,0,0,normal
15885000,특번,2026-03-29 14:59:00,14.0,1,0,0,,0,0,,,0,,0,,,,,,,0,0,0,normal
15882001,특번,2026-05-24 15:59:00,15.0,1,0,0,,0,0,,,0,,0,,,,,,,0,0,0,normal
01047696454,010,2026-08-11 23:34:00,23.0,0,0,1,6.08,1,1,0.0,1.0,0,,1,1.0,0.0,,,,,0,0,0,normal
15888585,특번,2026-01-09 08:38:00,8.0,0,0,0,,0,0,,,0,,1,1.0,1.0,,,,,0,0,0,normal
01018328123,010,2026-02-15 19:31:00,19.0,0,1,1,100.47,1,0,,,1,167.5,0,,,,,,,0,0,0,normal
15443000,특번,2026-02-22 20:13:00,20.0,1,0,0,,0,0,,,0,,1,1.0,0.0,,,,,0,0,0,normal
16000400,특번,2026-12-25 20:57:00,20.0,1,0,0,,0,0,,,0,,0,,,,,,,0,0,0,normal
028371798,02(서울 유선),2026-01-20 15:25:00,15.0,1,0,0,,0,0,,,0,,1,1.0,0.0,,,,,0,0,0,normal
01049125652,010,2026-06-26 23:55:00,23.0,1,1,1,0.31,1,0,,,0,,0,,,,,,,0,0,0,normal
01014999703,010,2026-04-04 11:14:00,11.0,1,1,1,10.51,1,0,,,0,,0,,,,,,,0,0,0,normal
15443030,특번,2026-05-29 16:32:00,16.0,0,0,0,,0,1,0.0,1.0,1,3.81,0,,,,,,,0,0,0,normal
15888377,특번,2026-04-14 23:14:00,23.0,0,0,0,,0,0,,,0,,1,1.0,0.0,,,,,0,0,0,normal
01063669837,010,2026-09-13 03:26:00,3.0,0,1,1,660.28,1,1,0.0,1.0,1,933.69,0,,,,,,,0,0,0,normal
16706250,특번,2026-04-20 19:09:00,19.0,1,1,1,233.54,0,1,0.0,1.0,0,,0,,,,,,,0,0,0,normal
07098402,070(인터넷전화),2026-11-20 21:08:00,21.0,1,0,0,,0,1,0.0,1.0,0,,0,,,,,,,0,0,0,normal
15221704,특번,2026-09-07 15:45:00,15.0,0,0,0,,0,0,,,0,,0,,,,,,,0,0,0,normal
070994510,070(인터넷전화),2026-10-07 20:44:00,20.0,0,0,0,,0,1,0.0,1.0,0,,0,,,,,,,0,1,0,normal
01057663940,010,2026-03-03 23:33:00,23.0,0,1,1,865.64,1,0,,,0,,0,,,,,,,0,0,0,normal
15880037,특번,2026-01-02 23:53:00,23.0,0,0,0,,0,1,0.0,1.0,0,,0,,,,,,,0,0,0,normal
15884477,특번,2026-01-12 05:48:00,5.0,0,0,0,,1,1,0.0,1.0,1,569.1,1,1.0,0.0,,,,,0,0,0,normal
18116688,특번,2026-10-24 02:36:00,2.0,0,0,0,,0,0,,,0,,0,,,,,,,0,0,0,normal
15221704,특번,2026-08-09 02:37:00,2.0,1,0,0,,0,0,,,0,,0,,,,,,,0,0,0,normal
16000400,특번,2026-08-25 18:10:00,18.0,1,0,0,,0,1,0.0,1.0,0,,0,,,,,,,0,0,0,normal
15883388,특번,2026-08-28 21:04:00,21.0,0,0,0,,0,0,,,1,121.16,1,1.0,0.0,,,,,0,0,0,normal
16446000,특번,2026-02-22 06:38:00,6.0,0,0,0,,0,0,,,0,,0,,,,,,,0,0,0,normal
15443030,특번,2026-06-14 17:52:00,17.0,1,0,0,,0,1,0.0,1.0,0,,0,,,,,,,0,0,0,normal
01056222083,010,2026-07-24 08:19:00,8.0,1,1,0,,1,1,0.0,1.0,0,,1,1.0,0.0,,,,,0,0,0,normal
15991111,특번,2026-03-17 18:48:00,18.0,0,0,0,,0,1,0.0,1.0,0,,0,,,,,,,0,0,0,normal
01027042259,010,2026-06-12 16:11:00,16.0,0,1,0,,1,1,0.0,1.0,0,,0,,,,,,,0,0,0,normal
01045244864,010,2026-02-17 04:57:00,4.0,1,1,1,3.6,1,1,0.0,1.0,0,,1,1.0,0.0,,,,,0,0,0,normal
15771000,특번,2026-06-18 06:02:00,6.0,0,0,0,,0,1,0.0,1.0,0,,0,,,,,,,0,0,0,normal
15999999,특번,2026-03-08 16:42:00,16.0,0,0,0,,0,0,,,0,,0,,,,,,,0,0,0,normal
15885050,특번,2026-12-06 20:37:00,20.0,0,0,0,,0,0,,,0,,1,1.0,0.0,,,,,0,0,0,normal
15885050,특번,2026-03-07 23:32:00,23.0,0,0,0,,0,1,0.0,1.0,0,,0,,,,,,,0,1,0,normal
16705989,특번,2026-03-03 21:12:00,21.0,0,0,0,,0,1,0.0,1.0,0,,0,,,,,,,0,0,0,normal
023370415,02(서울 유선),2026-10-15 22:36:00,22.0,0,0,0,,0,1,1.0,1.0,0,,0,,,,,,,0,0,0,normal
070404335,070(인터넷전화),2026-01-16 19:15:00,19.0,1,0,0,,0,0,,,0,,0,,,,,,,0,0,0,normal
15778000,특번,2026-06-18 19:48:00,19.0,0,0,0,,0,0,,,0,,0,,,,,,,0,0,0,normal
01011828791,010,2026-07-11 15:11:00,15.0,0,1,0,,1,0,,,1,1.92,1,1.0,0.0,,,,,0,0,0,normal
01097630286,010,2026-11-06 04:49:00,4.0,1,1,0,,1,1,0.0,1.0,0,,0,,,,,,,0,0,0,normal
15887000,특번,2026-08-01 00:34:00,0.0,0,0,0,,0,1,0.0,1.0,0,,1,1.0,0.0,,,,,0,0,0,normal
16449999,특번,2026-05-06 21:23:00,21.0,1,0,0,,0,0,,,0,,0,,,,,,,0,0,0,normal
01098780157,010,2026-06-25 00:23:00,0.0,1,1,0,,1,0,,,0,,0,,,,,,,0,0,0,normal
01023189672,010,2026-04-04 10:39:00,10.0,0,1,0,,0,1,1.0,0.0,1,1136.51,1,0.0,0.0,,,,,0,1,1,institution
15223000,특번,2026-05-10 19:41:00,19.0,0,0,0,,0,1,0.0,1.0,0,,1,1.0,0.0,,,,,0,1,0,normal
15444200,특번,2026-06-09 21:26:00,21.0,0,0,0,,0,0,,,0,,0,,,,,,,0,0,0,normal
15999000,특번,2026-07-31 05:05:00,5.0,1,0,0,,0,1,1.0,1.0,0,,0,,,,,,,0,0,0,normal
07007028737,070(인터넷전화),2026-04-03 12:38:00,12.0,0,0,0,,0,1,0.0,1.0,0,,0,,,,,,,0,0,0,normal
15661277,특번,2026-08-02 17:31:00,17.0,0,0,0,,0,0,,,0,,1,1.0,0.0,,,,,0,0,0,normal
15998000,특번,2026-11-13 05:36:00,5.0,1,0,0,,0,1,0.0,1.0,0,,1,1.0,0.0,,,,,0,0,0,normal
15441077,특번,2026-11-06 10:59:00,10.0,0,0,0,,0,0,,,0,,1,1.0,1.0,,,,,0,0,0,normal
01056260602,010,2026-02-12 02:17:00,2.0,1,1,0,,0,0,,,0,,0,,,,,,,0,0,0,normal
15662566,특번,2026-10-09 08:15:00,8.0,0,0,0,,0,1,0.0,1.0,0,,1,1.0,0.0,,,,,0,0,0,normal
01083805826,010,2026-05-05 10:58:00,10.0,1,1,1,4.69,1,0,,,0,,1,1.0,0.0,,,,,0,0,0,normal
01012034717,010,2026-09-01 16:32:00,16.0,0,1,0,,1,1,0.0,1.0,0,,0,,,,,,,0,0,0,normal
01094077780,010,2026-12-26 07:57:00,7.0,0,1,1,0.97,1,0,,,0,,0,,,,,,,0,0,0,normal
01013005019,010,2026-08-27 16:14:00,16.0,1,1,0,,1,0,,,0,,1,1.0,0.0,,,,,0,1,0,normal
15883388,특번,2026-09-25 18:42:00,18.0,1,0,0,,0,0,,,0,,0,,,,,,,0,0,0,normal
01008185480,010,2026-08-26 05:23:00,5.0,1,1,1,68.64,1,1,0.0,1.0,0,,0,,,,,,,0,0,0,normal
15778000,특번,2026-09-27 05:49:00,5.0,0,0,1,14.44,0,0,,,0,,0,,,,,,,0,0,0,normal
01022652782,010,2026-09-09 16:21:00,16.0,0,1,1,11.25,1,1,0.0,1.0,0,,1,1.0,0.0,,,,,0,0,0,normal
18997047,특번,2026-11-02 11:24:00,11.0,0,0,0,,0,0,,,1,57.03,1,1.0,0.0,,,,,0,0,0,normal
18116688,특번,2026-03-24 01:24:00,1.0,1,0,1,6.12,0,0,,,0,,1,1.0,0.0,,,,,0,0,0,normal
16180455,특번,2026-03-08 15:22:00,15.0,1,0,0,,0,1,0.0,1.0,0,,0,,,,,,,0,0,0,normal
01061023726,010,2026-08-11 11:55:00,11.0,0,1,0,,1,0,,,0,,1,1.0,0.0,,,,,0,0,0,normal
15880010,특번,2026-05-16 00:18:00,0.0,1,0,0,,0,0,,,0,,0,,,,,,,0,0,0,normal
15998500,특번,2026-04-08 23:56:00,23.0,0,0,0,,0,1,0.0,1.0,0,,1,1.0,0.0,,,,,0,0,0,normal
16613000,특번,2026-03-12 20:51:00,20.0,0,0,0,,0,0,,,0,,0,,,,,,,0,0,0,normal
01089671360,010,2026-09-02 08:28:00,8.0,0,1,0,,1,0,,,0,,1,1.0,0.0,,,,,0,0,0,normal
01054768182,010,2026-10-17 11:49:00,11.0,1,1,1,85.14,1,0,,,0,,1,1.0,0.0,,,,,0,0,0,normal
15998888,특번,2026-01-12 14:50:00,14.0,0,0,0,,0,1,0.0,1.0,0,,1,1.0,0.0,,,,,0,0,0,normal
0624160113,기타,2026-04-24 15:43:00,15.0,0,0,1,171.77,0,1,1.0,1.0,1,93.51,0,,,,,,,0,0,0,normal
01050899358,010,2026-03-11 08:28:00,8.0,0,1,1,128.74,1,1,0.0,1.0,0,,1,1.0,0.0,,,,,0,0,0,normal
15440080,특번,2026-05-05 07:54:00,7.0,0,0,0,,0,0,,,1,23.67,1,1.0,0.0,,,,,0,0,0,normal
15664295,특번,2026-04-01 12:35:00,12.0,0,0,0,,0,1,0.0,1.0,0,,0,,,,,,,0,0,0,normal
01023425832,010,2026-05-23 17:07:00,17.0,0,1,1,7.91,1,1,0.0,1.0,0,,0,,,,,,,0,0,0,normal
16449999,특번,2026-07-23 11:37:00,11.0,0,0,0,,0,0,,,0,,1,1.0,0.0,,,,,0,0,0,normal
15881500,특번,2026-04-17 22:33:00,22.0,0,0,0,,0,0,,,0,,0,,,,,,,0,0,0,normal
01072047676,010,2026-10-04 11:34:00,11.0,1,1,1,416.28,1,1,0.0,1.0,0,,0,,,,,,,0,0,0,normal
01049388194,010,2026-01-03 04:53:00,4.0,0,1,1,5.38,1,1,0.0,1.0,0,,0,,,,,,,0,0,0,normal
15441077,특번,2026-03-05 23:44:00,23.0,0,0,0,,0,1,0.0,1.0,0,,0,,,,,,,0,0,0,normal
15999999,특번,2026-02-06 20:34:00,20.0,1,0,0,,0,1,0.0,1.0,0,,0,,,,,,,0,0,0,normal
16755125,특번,2026-08-12 00:33:00,0.0,0,0,0,,0,0,,,0,,0,,,,,,,0,0,0,normal
0624160113,기타,2026-05-03 03:54:00,3.0,1,0,0,,0,0,,,0,,0,,,,,,,0,0,0,normal
15881599,특번,2026-05-22 14:59:00,14.0,0,0,1,158.74,0,0,,,0,,0,,,,,,,0,0,0,normal
15881500,특번,2026-07-05 15:51:00,15.0,1,0,1,9.61,0,0,,,0,,0,,,,,,,0,0,0,normal
15887270,특번,2026-05-30 01:16:00,1.0,0,0,0,,0,0,,,0,,1,1.0,0.0,,,,,0,0,0,normal
01008802570,010,2026-02-20 20:57:00,20.0,1,1,1,251.82,1,0,,,0,,0,,,,,,,0,0,0,normal
01049931453,010,2026-11-01 13:05:00,13.0,0,1,0,,1,1,0.0,1.0,0,,0,,,,,,,0,0,0,normal
01064041210,010,2026-11-30 19:28:00,19.0,0,1,1,5.68,1,1,0.0,1.0,0,,0,,,,,,,0,0,0,normal
15880010,특번,2026-07-15 00:59:00,0.0,1,0,0,,0,0,,,0,,0,,,,,,,0,0,0,normal
01052202626,010,2026-06-14 09:35:00,9.0,0,1,1,298.01,1,1,0.0,1.0,0,,1,1.0,0.0,,,,,0,0,0,normal
15880079,특번,2026-03-18 04:06:00,4.0,0,0,0,,0,0,,,0,,0,,,,,,,0,0,0,normal
01059627622,010,2026-06-24 18:10:00,18.0,0,1,1,2.54,1,1,0.0,1.0,0,,0,,,,,,,0,0,0,normal
18731421,특번,2026-12-15 02:00:00,2.0,0,0,0,,0,0,,,0,,1,1.0,0.0,,,,,0,0,0,normal
01094474690,010,2026-09-19 22:22:00,22.0,0,1,0,,1,0,,,1,37.8,0,,,,,,,0,0,0,normal
0423317505,기타,2026-07-19 00:39:00,0.0,1,0,0,,0,1,0.0,1.0,0,,1,1.0,0.0,,,,,0,0,0,normal
15446399,특번,2026-04-12 20:08:00,20.0,0,0,0,,0,0,,,0,,1,1.0,0.0,,,,,0,0,0,normal
0218588118,02(서울 유선),2026-09-28 05:32:00,5.0,0,0,1,10.13,0,1,0.0,1.0,0,,0,,,,,,,0,0,0,normal
01020272216,010,2026-06-26 06:32:00,6.0,1,1,1,120.38,1,0,,,0,,0,,,,,,,0,0,0,normal
18643571,특번,2026-10-23 21:19:00,21.0,0,0,0,,1,0,,,0,,1,1.0,0.0,,,,,0,0,0,normal
01074361251,010,2026-07-27 11:06:00,11.0,0,1,1,4.15,1,0,,,0,,0,,,,,,,0,0,0,normal
15443002,특번,2026-02-20 06:58:00,6.0,0,0,0,,0,1,0.0,1.0,0,,1,1.0,0.0,,,,,0,0,0,normal
15888000,특번,2026-06-07 17:54:00,17.0,1,0,0,,0,1,0.0,1.0,0,,0,,,,,,,0,0,0,normal
15886565,특번,2026-06-20 18:44:00,18.0,0,0,0,,0,0,,,0,,0,,,,,,,0,0,0,normal
15888585,특번,2026-03-08 06:46:00,6.0,0,0,1,17.06,0,1,0.0,1.0,1,276.81,0,,,,,,,0,1,0,normal
18116688,특번,2026-12-19 22:56:00,22.0,1,0,0,,0,0,,,0,,1,1.0,0.0,,,,,0,0,0,normal
15660123,특번,2026-11-14 12:53:00,12.0,1,0,0,,0,0,,,0,,0,,,,,,,0,0,0,normal
16008585,특번,2026-10-20 15:32:00,15.0,0,0,0,,0,0,,,1,84.0,1,1.0,0.0,,,,,0,0,0,normal
0423317505,기타,2026-07-14 09:35:00,9.0,0,0,0,,0,0,,,0,,0,,,,,,,0,0,0,normal
0434953002,기타,2026-09-10 05:56:00,5.0,1,0,0,,0,1,0.0,1.0,0,,1,1.0,0.0,,,,,0,0,0,normal
16008172,특번,2026-07-16 06:56:00,6.0,1,0,1,13.67,0,1,0.0,1.0,0,,0,,,,,,,0,0,0,normal
15886565,특번,2026-11-12 17:53:00,17.0,0,0,0,,0,1,0.0,1.0,0,,1,1.0,0.0,,,,,0,0,0,normal
15221704,특번,2026-08-23 23:05:00,23.0,0,0,0,,0,0,,,0,,0,,,,,,,0,0,0,normal
16000400,특번,2026-03-21 16:32:00,16.0,1,0,0,,0,0,,,0,,0,,,,,,,0,0,0,normal
01027279732,010,2026-05-17 11:01:00,11.0,0,1,0,,1,1,0.0,1.0,1,57.3,1,1.0,0.0,,,,,0,0,0,normal
15883388,특번,2026-01-13 02:45:00,2.0,0,0,0,,0,0,,,0,,0,,,,,,,0,1,0,normal
16004000,특번,2026-05-27 08:39:00,8.0,1,1,0,,0,0,,,0,,0,,,,,,,0,0,0,normal
15223000,특번,2026-01-12 10:22:00,10.0,1,0,0,,0,0,,,0,,0,,,,,,,0,0,0,normal
16192025,특번,2026-02-21 16:30:00,16.0,0,0,0,,0,1,0.0,1.0,0,,0,,,,,,,0,0,0,normal
15223000,특번,2026-08-22 15:32:00,15.0,0,0,0,,0,0,,,0,,1,1.0,0.0,,,,,0,0,0,normal
022938289,02(서울 유선),2026-03-03 01:28:00,1.0,0,0,0,,0,1,0.0,1.0,0,,0,,,,,,,0,0,0,normal
00962577416,00X(국제),2026-03-31 05:44:00,5.0,1,0,0,,0,0,,,0,,0,,,,,,,1,0,0,normal
01064803614,010,2026-09-17 02:40:00,2.0,0,1,1,131.18,1,0,,,0,,1,1.0,0.0,,,,,0,0,0,normal
01008740289,010,2026-06-19 06:08:00,6.0,1,1,1,156.89,1,0,,,0,,1,1.0,0.0,,,,,0,0,0,normal
01086122400,010,2026-01-24 23:04:00,23.0,0,1,0,,1,0,,,1,3.66,1,1.0,0.0,,,,,0,0,0,normal
15993333,특번,2026-08-31 22:57:00,22.0,0,0,0,,0,0,,,0,,0,,,,,,,0,0,0,normal
01099578183,010,2026-05-29 06:53:00,6.0,0,1,1,157.42,1,0,,,0,,0,,,,,,,0,0,0,normal
0254639897,02(서울 유선),2026-01-12 08:12:00,8.0,0,0,0,,0,1,1.0,1.0,0,,1,1.0,0.0,,,,,0,0,0,normal
15887270,특번,2026-07-10 20:48:00,20.0,0,0,0,,0,0,,,0,,1,1.0,0.0,,,,,0,0,0,normal
01043321819,010,2026-11-04 05:37:00,5.0,0,1,1,42.23,1,0,,,0,,0,,,,,,,0,0,0,normal
15666000,특번,2026-02-20 19:07:00,19.0,0,0,0,,0,0,,,1,40.54,0,,,,,,,0,0,0,normal
15447758,특번,2026-11-02 00:57:00,0.0,1,0,0,,0,1,0.0,1.0,0,,0,,,,,,,0,0,0,normal
15882588,특번,2026-07-25 01:06:00,1.0,0,0,0,,0,1,0.0,1.0,0,,0,,,,,,,0,0,0,normal
025669998,02(서울 유선),2026-01-25 16:13:00,16.0,1,0,0,,0,1,0.0,1.0,0,,0,,,,,,,0,0,0,normal
15443002,특번,2026-07-08 22:07:00,22.0,0,0,0,,0,1,0.0,1.0,0,,1,1.0,0.0,,,,,0,0,0,normal
025402269,02(서울 유선),2026-09-11 15:06:00,15.0,0,0,0,,0,0,,,0,,0,,,,,,,0,0,0,normal
01016938473,010,2026-02-23 02:41:00,2.0,0,1,0,,1,0,,,0,,1,1.0,0.0,,,,,0,0,0,normal
15778000,특번,2026-05-25 03:36:00,3.0,0,0,0,,0,1,0.0,1.0,0,,1,1.0,0.0,,,,,0,0,0,normal
01061937886,010,2026-10-02 11:17:00,11.0,0,1,1,2.16,1,0,,,0,,0,,,,,,,0,0,0,normal
15881515,특번,2026-07-09 14:55:00,14.0,0,0,0,,0,0,,,0,,0,,,,,,,0,0,0,normal
15886200,특번,2026-01-28 06:30:00,6.0,0,0,0,,0,1,0.0,1.0,0,,0,,,,,,,0,1,0,normal
15778000,특번,2026-10-01 18:38:00,18.0,0,0,0,,0,1,0.0,1.0,1,0.38,1,1.0,0.0,,,,,0,1,0,normal
15999999,특번,2026-09-12 02:11:00,2.0,0,0,0,,0,1,0.0,1.0,0,,0,,,,,,,0,0,0,normal
18116688,특번,2026-12-23 09:39:00,9.0,0,0,0,,0,1,0.0,1.0,0,,0,,,,,,,0,0,0,normal
01097093170,010,2026-10-11 03:59:00,3.0,0,1,1,53.05,1,1,0.0,1.0,0,,0,,,,,,,0,0,0,normal
01034982468,010,2026-10-28 18:49:00,18.0,0,1,1,220.46,1,0,,,0,,1,1.0,0.0,,,,,0,0,0,normal
0808221416,기타,2026-05-13 14:30:00,14.0,1,0,0,,0,0,,,0,,0,,,,,,,0,0,0,normal
03180219341,기타,2026-04-01 15:32:00,15.0,0,0,0,,0,0,,,0,,0,,,,,,,0,0,0,normal
01018789005,010,2026-05-17 08:17:00,8.0,0,1,1,37.58,1,1,0.0,1.0,0,,1,1.0,0.0,,,,,0,0,0,normal
16006200,특번,2026-10-07 23:11:00,23.0,1,0,0,,0,1,0.0,1.0,0,,0,,,,,,,0,0,0,normal
028771703,02(서울 유선),2026-01-24 18:44:00,18.0,0,0,0,,0,1,0.0,1.0,0,,1,1.0,0.0,,,,,0,0,0,normal
15446399,특번,2026-04-10 11:50:00,11.0,1,0,0,,0,1,1.0,1.0,0,,1,1.0,0.0,,,,,0,0,0,normal
16706250,특번,2026-03-09 11:02:00,11.0,1,0,0,,0,0,,,0,,0,,,,,,,0,0,0,normal
16888114,특번,2026-12-12 08:14:00,8.0,0,0,0,,0,0,,,0,,0,,,,,,,0,0,0,normal
01089690835,010,2026-12-03 18:32:00,18.0,0,1,1,0.94,1,1,0.0,1.0,0,,0,,,,,,,0,0,0,normal
01018200340,010,2026-06-28 18:36:00,18.0,0,1,0,,1,1,0.0,1.0,0,,1,1.0,0.0,,,,,0,0,0,normal
01092490748,010,2026-05-09 14:54:00,14.0,0,0,1,16.42,1,1,0.0,1.0,0,,1,1.0,0.0,,,,,0,0,0,normal
15443800,특번,2026-05-24 09:40:00,9.0,0,0,0,,0,1,0.0,1.0,0,,0,,,,,,,0,0,0,normal
01024346662,010,2026-03-23 00:23:00,0.0,1,1,0,,1,1,0.0,1.0,0,,0,,,,,,,0,1,0,normal
15998000,특번,2026-10-23 20:23:00,20.0,0,0,0,,0,0,,,0,,1,1.0,0.0,,,,,0,0,0,normal
18997047,특번,2026-10-08 19:35:00,19.0,0,0,0,,0,1,0.0,1.0,0,,0,,,,,,,0,0,0,normal
01027509360,010,2026-07-24 13:19:00,13.0,0,1,1,2232.24,1,0,,,1,2.63,1,1.0,0.0,,,,,0,0,0,normal
003828981223,00X(국제),2026-10-12 05:47:00,5.0,1,0,0,,0,1,0.0,1.0,0,,0,,,,,,,1,0,0,normal
01021793162,010,2026-01-24 11:53:00,,0,0,1,4085.23,0,0,,,0,,1,0.0,0.0,,,,,0,0,1,etc
15999010,특번,2026-07-20 16:43:00,16.0,1,0,0,,0,1,0.0,1.0,0,,0,,,,,,,0,0,0,normal
01044458905,010,2026-11-15 16:32:00,16.0,1,1,1,111.02,1,1,0.0,1.0,0,,0,,,,,,,0,0,0,normal
15443800,특번,2026-07-28 12:15:00,12.0,0,0,0,,0,0,,,0,,0,,,,,,,0,0,0,normal
15886200,특번,2026-05-21 06:59:00,6.0,0,0,0,,0,1,0.0,1.0,0,,0,,,,,,,0,0,0,normal
15991111,특번,2026-10-22 14:57:00,14.0,1,0,0,,0,0,,,0,,1,1.0,0.0,,,,,0,0,0,normal
15887000,특번,2026-07-16 05:15:00,5.0,1,0,1,111.82,0,0,,,0,,0,,,,,,,0,0,0,normal
15666000,특번,2026-11-26 03:10:00,3.0,0,0,0,,0,1,0.0,1.0,0,,1,1.0,0.0,,,,,0,0,0,normal
03180219341,기타,2026-01-12 23:06:00,23.0,1,0,0,,0,1,1.0,1.0,0,,1,1.0,0.0,,,,,0,0,0,normal
03180751228,기타,2026-04-10 09:39:00,9.0,1,0,0,,0,0,,,0,,0,,,,,,,0,0,0,normal
01045945681,010,2026-09-26 02:03:00,2.0,0,1,1,11.57,1,0,,,0,,0,,,,,,,0,0,0,normal
15999010,특번,2026-08-09 14:04:00,14.0,0,0,0,,0,0,,,1,61.24,0,,,,,,,0,0,0,normal
15881900,특번,2026-01-27 17:55:00,17.0,1,0,0,,0,0,,,0,,0,,,,,,,0,0,0,normal
03180219341,기타,2026-05-25 23:37:00,23.0,1,0,0,,0,1,0.0,1.0,0,,0,,,,,,,0,0,0,normal
15880037,특번,2026-01-06 07:46:00,7.0,1,0,0,,0,0,,,0,,0,,,,,,,0,0,0,normal
15887270,특번,2026-07-03 07:02:00,7.0,0,0,0,,0,0,,,0,,0,,,,,,,0,0,0,normal
070235707,070(인터넷전화),2026-02-20 12:33:00,12.0,1,0,0,,0,0,,,0,,0,,,,,,,0,0,0,normal
15777011,특번,2026-05-04 20:43:00,20.0,0,0,0,,0,1,0.0,1.0,0,,0,,,,,,,0,0,0,normal
15666000,특번,2026-09-13 00:20:00,0.0,0,0,0,,0,0,,,0,,1,1.0,0.0,,,,,0,0,0,normal
15771000,특번,2026-10-29 09:22:00,9.0,0,0,0,,0,1,0.0,1.0,0,,0,,,,,,,0,0,0,normal
15666000,특번,2026-07-06 02:28:00,2.0,1,0,0,,0,1,0.0,1.0,0,,0,,,,,,,0,0,0,normal
01044389982,010,2026-12-28 22:20:00,22.0,1,0,1,119.55,1,0,,,0,,0,,,,,,,0,1,0,normal
15882001,특번,2026-11-03 15:57:00,15.0,1,0,0,,0,0,,,0,,0,,,,,,,0,0,0,normal
15880037,특번,2026-04-20 21:26:00,21.0,0,0,0,,0,1,0.0,1.0,0,,1,1.0,0.0,,,,,0,0,0,normal
01025831323,010,2026-12-26 17:39:00,17.0,0,1,0,,1,0,,,0,,1,1.0,0.0,,,,,0,0,0,normal
01048539683,010,2026-03-01 17:58:00,17.0,0,0,1,24.61,1,0,,,0,,0,,,,,,,0,0,0,normal
01041171590,010,2026-06-20 21:51:00,21.0,0,1,1,5.19,1,0,,,0,,0,,,,,,,0,0,0,normal
15221155,특번,2026-11-11 21:37:00,21.0,0,0,0,,0,0,,,0,,1,1.0,0.0,,,,,0,0,0,normal
025669998,02(서울 유선),2026-01-02 04:45:00,4.0,0,0,0,,0,0,,,0,,0,,,,,,,0,0,0,normal
01088300995,010,2026-07-19 11:57:00,11.0,0,1,0,,1,0,,,0,,0,,,,,,,0,0,0,normal
01024588641,010,2026-12-01 20:00:00,20.0,1,1,1,17.54,1,1,0.0,1.0,0,,0,,,,,,,0,0,0,normal
06093008058,기타,2026-01-09 16:17:00,16.0,0,0,1,6.78,0,1,0.0,1.0,1,19.01,0,,,,,,,0,0,0,normal
01038921878,010,2026-08-17 06:32:00,6.0,0,1,1,127.64,1,0,,,0,,1,1.0,0.0,,,,,0,0,0,normal
01060483182,010,2026-02-18 04:07:00,4.0,1,1,1,25.37,1,0,,,0,,1,1.0,0.0,,,,,0,0,0,normal
0808221416,기타,2026-12-13 12:23:00,12.0,0,0,0,,0,1,0.0,1.0,1,203.03,1,1.0,0.0,,,,,0,0,0,normal
15443030,특번,2026-06-26 05:11:00,5.0,0,0,0,,0,0,,,0,,1,1.0,0.0,,,,,0,0,0,normal
01005951948,010,2026-07-23 12:09:00,12.0,1,1,0,,1,0,,,0,,0,,,,,,,0,0,0,normal
15664295,특번,2026-02-24 18:56:00,18.0,1,0,0,,0,0,,,0,,0,,,,,,,0,0,0,normal
15990903,특번,2026-06-07 09:43:00,9.0,1,0,0,,0,0,,,0,,1,1.0,0.0,,,,,0,0,0,normal
16006200,특번,2026-08-01 02:14:00,2.0,1,0,0,,0,0,,,0,,0,,,,,,,0,0,0,normal
15887000,특번,2026-08-18 01:24:00,1.0,0,0,0,,0,0,,,1,23.7,0,,,,,,,0,0,0,normal
025669998,02(서울 유선),2026-11-13 20:53:00,20.0,0,0,0,,1,1,0.0,1.0,0,,0,,,,,,,0,0,0,normal
16008172,특번,2026-08-17 17:33:00,17.0,0,0,1,79.83,0,0,,,0,,0,,,,,,,0,0,0,normal
15999010,특번,2026-04-16 16:37:00,16.0,0,0,0,,0,1,0.0,1.0,0,,1,1.0,0.0,,,,,0,0,0,normal
15440010,특번,2026-11-18 04:51:00,4.0,0,0,0,,0,1,0.0,1.0,0,,0,,,,,,,0,0,0,normal
01038179842,010,2026-11-15 19:15:00,19.0,1,1,1,108.11,1,0,,,0,,0,,,,,,,0,0,0,normal
16612207,특번,2026-02-09 21:54:00,21.0,0,0,1,33.45,0,0,,,1,43.02,0,,,,,,,0,0,0,normal
15773419,특번,2026-05-01 14:55:00,14.0,1,0,0,,0,0,,,0,,0,,,,,,,0,0,0,normal
15447758,특번,2026-09-21 14:43:00,14.0,0,0,1,103.13,0,0,,,0,,0,,,,,,,0,0,0,normal
15777011,특번,2026-05-23 18:42:00,18.0,1,0,0,,0,1,0.0,1.0,0,,1,1.0,0.0,,,,,0,0,0,normal
01064533495,010,2026-10-24 19:35:00,19.0,0,1,1,48.68,1,0,,,0,,0,,,,,,,0,0,0,normal
15440010,특번,2026-01-16 02:14:00,2.0,0,0,0,,0,1,1.0,1.0,0,,0,,,,,,,0,0,0,normal
15441077,특번,2026-09-27 17:52:00,17.0,0,0,0,,0,0,,,0,,0,,,,,,,0,0,0,normal
028774490,02(서울 유선),2026-09-14 06:38:00,6.0,0,0,1,82.03,0,1,0.0,1.0,0,,0,,,,,,,0,0,0,normal
16612207,특번,2026-12-18 14:20:00,14.0,0,0,0,,0,0,,,0,,0,,,,,,,0,0,0,normal
15664295,특번,2026-05-22 18:30:00,18.0,1,0,0,,0,0,,,0,,0,,,,,,,0,0,0,normal
0012814714,00X(국제),2026-06-23 01:11:00,1.0,0,0,0,,0,1,0.0,1.0,0,,0,,,,,,,1,0,0,normal
01067624285,010,2026-12-27 04:10:00,4.0,0,1,1,167.66,1,0,,,0,,0,,,,,,,0,0,0,normal
16613000,특번,2026-05-02 21:09:00,21.0,0,0,1,288.46,0,1,0.0,1.0,0,,0,,,,,,,0,0,0,normal
15446200,특번,2026-12-18 00:14:00,0.0,0,0,0,,0,0,,,0,,0,,,,,,,0,0,0,normal
15441077,특번,2026-02-09 02:24:00,2.0,0,0,0,,0,0,,,0,,0,,,,,,,0,0,0,normal
15448000,특번,2026-09-23 16:54:00,16.0,1,0,0,,0,1,0.0,1.0,0,,1,1.0,0.0,,,,,0,0,0,normal
01026628107,010,2026-10-22 07:11:00,7.0,0,1,0,,1,0,,,0,,0,,,,,,,0,0,0,normal
01046834854,010,2026-11-28 20:50:00,20.0,0,1,1,65.42,1,1,0.0,1.0,0,,0,,,,,,,0,0,0,normal
15662566,특번,2026-02-28 06:23:00,6.0,0,0,0,,0,0,,,0,,1,1.0,0.0,,,,,0,0,0,normal
15999000,특번,2026-02-14 13:13:00,13.0,0,0,0,,0,1,0.0,1.0,0,,0,,,,,,,0,0,0,normal
15448000,특번,2026-09-07 18:45:00,18.0,0,0,0,,0,0,,,0,,0,,,,,,,0,0,0,normal
15443082,특번,2026-12-06 18:59:00,18.0,0,0,0,,0,1,0.0,1.0,0,,0,,,,,,,0,0,0,normal
16613000,특번,2026-03-18 02:51:00,2.0,0,0,0,,0,1,0.0,1.0,1,3.65,0,,,,,,,0,0,0,normal
01016896006,010,2026-10-18 12:06:00,12.0,1,1,1,1117.21,1,0,,,0,,1,1.0,0.0,,,,,0,0,0,normal
15990011,특번,2026-06-27 19:48:00,19.0,0,0,0,,0,1,0.0,1.0,0,,1,1.0,0.0,,,,,0,0,0,normal
01093513315,010,2026-11-27 21:18:00,21.0,0,1,1,60.49,1,1,0.0,1.0,1,3.24,0,,,,,,,0,0,0,normal
03180751228,기타,2026-10-07 14:30:00,14.0,0,0,1,89.27,0,0,,,1,16.97,1,1.0,0.0,,,,,0,0,0,normal
18116688,특번,2026-11-06 04:17:00,4.0,0,0,0,,0,0,,,1,466.19,1,1.0,0.0,,,,,0,0,0,normal
15991111,특번,2026-01-15 07:57:00,7.0,1,0,1,145.53,0,1,0.0,1.0,0,,1,1.0,0.0,,,,,0,0,0,normal
15883570,특번,2026-07-14 01:48:00,1.0,1,0,0,,0,0,,,0,,0,,,,,,,0,0,0,normal
01057916290,010,2026-12-17 04:23:00,4.0,1,1,1,17.24,1,1,0.0,1.0,0,,0,,,,,,,0,0,0,normal
028099934,02(서울 유선),2026-12-30 06:45:00,6.0,0,0,0,,0,1,0.0,1.0,0,,0,,,,,,,0,0,0,normal
01020076150,010,2026-07-30 13:28:00,13.0,0,1,1,255.48,1,0,,,0,,0,,,,,,,0,0,0,normal
15990011,특번,2026-02-26 10:48:00,10.0,0,0,0,,0,1,0.0,1.0,0,,0,,,,,,,0,0,0,normal
01080634615,010,2026-12-21 06:15:00,6.0,0,1,1,1.26,1,0,,,0,,0,,,,,,,0,0,0,normal
15440080,특번,2026-02-06 09:32:00,9.0,0,0,0,,0,1,0.0,1.0,0,,1,1.0,0.0,,,,,0,0,0,normal
15999010,특번,2026-02-11 03:03:00,3.0,0,1,0,,0,1,0.0,1.0,0,,1,1.0,0.0,,,,,0,0,0,normal
18116688,특번,2026-11-08 17:46:00,17.0,1,0,0,,0,0,,,0,,0,,,,,,,0,0,0,normal
15443000,특번,2026-09-06 22:36:00,22.0,1,0,0,,0,0,,,0,,0,,,,,,,0,0,0,normal
01018517530,010,2026-12-15 16:15:00,16.0,0,1,1,371.94,0,0,,,0,,1,1.0,0.0,,,,,0,0,0,normal
0423317505,기타,2026-07-25 03:53:00,3.0,1,0,1,6.58,0,1,0.0,1.0,0,,0,,,,,,,0,0,0,normal
01072439920,010,2026-03-27 00:00:00,0.0,1,1,1,123.51,1,0,,,0,,0,,,,,,,0,0,0,normal
15881515,특번,2026-01-10 01:01:00,1.0,0,0,0,,0,1,0.0,0.0,1,2.2,0,,,,,,,0,0,0,normal
16446000,특번,2026-04-08 14:34:00,14.0,1,0,0,,0,1,0.0,1.0,0,,1,1.0,0.0,,,,,0,0,0,normal
15441077,특번,2026-03-24 13:36:00,13.0,0,0,1,10.18,0,0,,,0,,0,,,,,,,0,0,0,normal
15880010,특번,2026-05-23 17:05:00,17.0,1,0,0,,0,0,,,0,,0,,,,,,,0,0,0,normal
15446399,특번,2026-03-29 08:34:00,8.0,1,0,0,,0,0,,,0,,0,,,,,,,0,0,0,normal
01046267132,010,2026-01-08 07:14:00,7.0,1,1,0,,1,0,,,0,,1,1.0,0.0,,,,,0,0,0,normal
15888801,특번,2026-07-24 10:44:00,10.0,0,0,0,,0,1,0.0,1.0,0,,1,1.0,0.0,,,,,0,0,0,normal
15448527,특번,2026-10-18 04:19:00,4.0,0,0,0,,0,1,0.0,1.0,1,3.62,1,1.0,0.0,,,,,0,0,0,normal
15446399,특번,2026-04-04 12:30:00,12.0,1,0,0,,0,0,,,0,,0,,,,,,,0,0,0,normal
18000678,특번,2026-10-28 20:50:00,20.0,0,0,0,,0,0,,,0,,0,,,,,,,0,0,0,normal
16008172,특번,2026-03-09 01:26:00,1.0,0,0,0,,0,1,0.0,1.0,0,,0,,,,,,,0,0,0,normal
00043016042,00X(국제),2026-10-29 15:34:00,15.0,1,0,0,,0,0,,,0,,0,,,,,,,1,0,0,normal
15881515,특번,2026-11-28 02:21:00,2.0,1,1,0,,0,0,,,0,,0,,,,,,,0,0,0,normal
025669998,02(서울 유선),2026-10-13 00:28:00,0.0,0,0,0,,0,0,,,0,,0,,,,,,,0,0,0,normal
18347705,특번,2026-03-06 14:29:00,14.0,0,0,0,,0,1,1.0,1.0,1,323.04,1,1.0,0.0,,,,,0,0,0,normal
0629489323,기타,2026-03-01 09:57:00,9.0,0,0,0,,0,0,,,0,,1,1.0,0.0,,,,,0,0,0,normal
01016025298,010,2026-10-07 14:42:00,14.0,1,1,1,8.78,1,1,0.0,1.0,0,,1,1.0,0.0,,,,,0,0,0,normal
15990903,특번,2026-08-29 11:16:00,11.0,0,0,0,,0,0,,,1,40.13,0,,,,,,,0,0,0,normal
15441120,특번,2026-03-21 16:51:00,16.0,0,0,0,,0,1,0.0,1.0,0,,1,1.0,0.0,,,,,0,0,0,normal
15998500,특번,2026-07-03 09:00:00,9.0,0,0,0,,0,1,0.0,1.0,1,0.33,0,,,,,,,0,0,0,normal
15990011,특번,2026-10-21 06:55:00,6.0,0,0,0,,0,0,,,0,,0,,,,,,,0,0,0,normal
15888801,특번,2026-11-02 18:59:00,18.0,0,0,0,,0,0,,,1,4.2,0,,,,,,,0,0,0,normal
15446200,특번,2026-08-05 14:46:00,14.0,0,0,0,,0,1,0.0,1.0,0,,0,,,,,,,0,0,0,normal
0423317505,기타,2026-02-14 23:58:00,23.0,0,0,1,28.66,0,0,,,0,,1,1.0,0.0,,,,,0,0,0,normal
15771000,특번,2026-08-24 05:56:00,5.0,0,0,0,,0,1,0.0,1.0,0,,1,1.0,0.0,,,,,0,0,0,normal
01074848936,010,2026-01-12 06:58:00,6.0,1,0,1,11.91,1,0,,,0,,0,,,,,,,0,0,0,normal
15885000,특번,2026-02-06 17:00:00,17.0,1,0,0,,0,1,1.0,1.0,0,,1,1.0,0.0,,,,,0,0,0,normal
15221704,특번,2026-01-19 15:38:00,15.0,0,0,0,,0,0,,,0,,0,,,,,,,0,0,0,normal
01043880137,010,2026-05-10 16:50:00,16.0,1,1,0,,1,0,,,0,,0,,,,,,,0,0,0,normal
16612207,특번,2026-03-11 01:51:00,1.0,1,0,0,,0,0,,,0,,1,1.0,0.0,,,,,0,0,0,normal
15888000,특번,2026-04-10 07:41:00,7.0,0,0,1,20.03,0,0,,,0,,0,,,,,,,0,0,0,normal
0017213702,00X(국제),2026-11-10 22:27:00,22.0,1,0,0,,0,0,,,0,,0,,,,,,,1,0,0,normal
15993333,특번,2026-07-28 03:14:00,3.0,1,0,0,,0,1,0.0,1.0,0,,1,1.0,0.0,,,,,0,0,0,normal
023328390,02(서울 유선),2026-10-26 17:17:00,17.0,0,0,0,,0,0,,,0,,1,1.0,0.0,,,,,0,0,0,normal
16617654,특번,2026-07-06 07:59:00,7.0,0,0,0,,0,0,,,0,,0,,,,,,,0,0,0,normal
15882588,특번,2026-01-20 21:01:00,21.0,1,0,0,,0,1,0.0,1.0,0,,0,,,,,,,0,0,0,normal
01008099839,010,2026-12-28 03:47:00,3.0,0,1,1,5.95,1,1,0.0,1.0,0,,1,1.0,0.0,,,,,0,0,0,normal
15443082,특번,2026-07-08 23:24:00,23.0,0,0,0,,0,1,0.0,1.0,0,,0,,,,,,,0,0,0,normal
01093311156,010,2026-08-20 08:24:00,8.0,0,1,0,,1,1,1.0,1.0,0,,1,1.0,0.0,,,,,0,0,0,normal
15883500,특번,2026-01-24 20:49:00,20.0,1,0,0,,0,1,0.0,1.0,0,,0,,,,,,,0,0,0,normal
16446000,특번,2026-10-23 12:35:00,12.0,0,1,0,,0,0,,,1,1.18,0,,,,,,,0,0,0,normal
18116688,특번,2026-04-29 16:26:00,16.0,0,0,1,119.82,0,0,,,1,39.63,0,,,,,,,0,0,0,normal
15887270,특번,2026-10-05 05:13:00,5.0,1,0,0,,0,1,0.0,1.0,0,,0,,,,,,,0,0,0,normal
15441077,특번,2026-09-25 15:35:00,15.0,0,0,0,,0,0,,,0,,0,,,,,,,0,0,0,normal
01051538642,010,2026-11-11 19:10:00,19.0,0,1,1,37.64,1,1,0.0,1.0,0,,0,,,,,,,0,1,0,normal
01090985927,010,2026-03-14 08:28:00,8.0,1,1,0,,1,0,,,0,,0,,,,,,,0,0,0,normal
15441077,특번,2026-03-31 01:45:00,1.0,0,0,0,,0,0,,,1,45.53,0,,,,,,,0,0,0,normal
01080168073,010,2026-05-06 02:00:00,2.0,1,1,0,,1,0,,,0,,0,,,,,,,0,0,0,normal
01023642813,010,2026-03-09 04:33:00,4.0,0,1,0,,1,0,,,0,,1,1.0,0.0,,,,,0,0,0,normal
15448000,특번,2026-04-15 13:00:00,13.0,0,0,0,,0,1,0.0,1.0,0,,0,,,,,,,0,0,0,normal
15999999,특번,2026-08-08 02:28:00,2.0,1,0,0,,0,0,,,0,,0,,,,,,,0,0,0,normal
15999000,특번,2026-05-26 19:22:00,19.0,0,0,0,,0,1,0.0,1.0,0,,0,,,,,,,0,0,0,normal
0097296720418,00X(국제),2026-11-10 03:22:00,3.0,0,0,0,,0,0,,,0,,0,,,,,,,1,0,0,normal
16705989,특번,2026-08-31 10:57:00,10.0,0,0,0,,0,0,,,0,,0,,,,,,,0,0,0,normal
15999010,특번,2026-01-07 22:12:00,22.0,1,0,0,,0,0,,,0,,1,1.0,0.0,,,,,0,0,0,normal
025669998,02(서울 유선),2026-02-22 21:49:00,21.0,0,0,1,11.19,0,0,,,1,28.27,0,,,,,,,0,0,0,normal
15660123,특번,2026-04-01 14:44:00,14.0,0,0,1,207.48,0,1,0.0,1.0,0,,0,,,,,,,0,0,0,normal
15443800,특번,2026-08-16 22:15:00,22.0,0,0,0,,0,0,,,0,,0,,,,,,,0,0,0,normal
07093805145,070(인터넷전화),2026-06-24 23:53:00,23.0,1,0,1,270.25,0,0,,,0,,0,,,,,,,0,0,0,normal
01040809958,010,2026-04-24 08:24:00,8.0,1,1,1,51.23,1,0,,,0,,0,,,,,,,0,0,0,normal
16008585,특번,2026-02-16 11:36:00,11.0,1,0,0,,0,0,,,0,,0,,,,,,,0,0,0,normal
15448527,특번,2026-06-09 23:42:00,23.0,0,0,0,,0,1,1.0,1.0,1,149.94,1,1.0,0.0,,,,,0,0,0,normal
15881599,특번,2026-09-15 03:36:00,3.0,1,0,0,,0,0,,,0,,1,1.0,0.0,,,,,0,0,0,normal
15887270,특번,2026-08-13 15:48:00,15.0,1,0,0,,0,0,,,0,,0,,,,,,,0,0,0,normal
15880010,특번,2026-10-10 11:37:00,11.0,0,0,0,,0,0,,,0,,0,,,,,,,0,0,0,normal
15661277,특번,2026-03-07 13:53:00,13.0,0,0,0,,0,1,0.0,1.0,0,,0,,,,,,,0,0,0,normal
01075818141,010,2026-04-27 17:39:00,17.0,0,1,1,161.71,1,1,0.0,1.0,1,5.43,0,,,,,,,0,0,0,normal
01058860496,010,2026-01-01 04:21:00,4.0,0,1,1,59.67,1,1,0.0,1.0,0,,0,,,,,,,0,0,0,normal
15882588,특번,2026-06-15 13:33:00,13.0,0,0,0,,0,0,,,1,158.4,1,1.0,0.0,,,,,0,0,0,normal
15664295,특번,2026-01-19 10:39:00,10.0,0,0,0,,0,0,,,0,,1,1.0,0.0,,,,,0,0,0,normal
0231628026,02(서울 유선),2026-03-21 12:48:00,12.0,1,0,0,,0,0,,,0,,0,,,,,,,0,0,0,normal
01095290550,010,2026-09-12 22:27:00,22.0,0,1,1,14.46,1,1,0.0,1.0,0,,0,,,,,,,0,0,0,normal
15998000,특번,2026-11-27 19:38:00,19.0,0,0,1,12.75,0,0,,,0,,0,,,,,,,0,0,0,normal
15882001,특번,2026-12-28 08:37:00,8.0,0,0,0,,0,1,0.0,1.0,0,,0,,,,,,,0,0,0,normal
15999010,특번,2026-04-09 23:37:00,23.0,0,0,1,274.0,0,0,,,0,,0,,,,,,,0,0,0,normal
15448527,특번,2026-12-12 00:53:00,0.0,0,0,0,,0,1,0.0,1.0,0,,1,1.0,0.0,,,,,0,0,0,normal
15223000,특번,2026-07-23 20:32:00,20.0,1,0,0,,0,0,,,0,,1,1.0,0.0,,,,,0,0,0,normal
01099684834,010,2026-06-16 22:34:00,22.0,1,1,1,10.68,0,0,,,0,,0,,,,,,,0,0,0,normal
01062172048,010,2026-10-15 10:47:00,10.0,0,1,1,301.79,1,1,0.0,1.0,0,,1,1.0,0.0,,,,,0,0,0,normal
15627422,특번,2026-03-12 18:26:00,18.0,0,0,0,,0,0,,,0,,0,,,,,,,0,0,0,normal
15446200,특번,2026-02-27 20:32:00,20.0,0,0,0,,0,1,0.0,1.0,0,,0,,,,,,,0,0,0,normal
15998888,특번,2026-07-21 23:50:00,23.0,0,0,0,,0,1,0.0,1.0,1,20.95,0,,,,,,,0,0,0,normal
15882588,특번,2026-12-18 13:02:00,13.0,0,0,1,93.89,0,1,0.0,1.0,0,,0,,,,,,,0,0,0,normal
01080253084,010,2026-05-22 14:16:00,14.0,0,1,1,34.03,1,1,0.0,1.0,0,,0,,,,,,,0,0,0,normal
18000678,특번,2026-02-28 05:43:00,5.0,0,0,0,,0,1,0.0,1.0,1,196.74,0,,,,,,,0,0,0,normal
01037654399,010,2026-07-13 16:59:00,16.0,0,1,0,,1,1,0.0,1.0,0,,1,1.0,0.0,,,,,0,0,0,normal
01050243736,010,2026-02-20 17:43:00,17.0,1,1,1,3.99,1,0,,,0,,1,1.0,0.0,,,,,0,0,0,normal
15998500,특번,2026-07-19 01:22:00,1.0,0,0,0,,0,0,,,0,,0,,,,,,,0,0,0,normal
15885000,특번,2026-10-30 00:25:00,0.0,0,0,0,,0,0,,,0,,1,1.0,0.0,,,,,0,0,0,normal
15882588,특번,2026-03-02 17:43:00,17.0,0,0,0,,0,0,,,0,,0,,,,,,,0,0,0,normal
15889999,특번,2026-12-30 10:56:00,10.0,0,0,0,,0,0,,,0,,0,,,,,,,0,0,0,normal
15664295,특번,2026-08-09 21:12:00,21.0,1,0,0,,0,1,0.0,1.0,0,,0,,,,,,,0,0,0,normal
01044432969,010,2026-03-09 15:37:00,15.0,0,1,0,,1,1,1.0,1.0,1,124.9,0,,,,,,,0,0,0,normal
01093556103,010,2026-09-09 09:29:00,9.0,0,1,1,0.36,1,0,,,1,20.46,0,,,,,,,0,0,0,normal
01076408977,010,2026-09-22 06:09:00,6.0,0,1,1,0.02,1,0,,,0,,0,,,,,,,0,0,0,normal
15443000,특번,2026-08-31 19:43:00,19.0,0,0,0,,0,0,,,0,,0,,,,,,,0,0,0,normal
18212821,특번,2026-06-04 18:10:00,18.0,1,0,0,,0,0,,,0,,0,,,,,,,0,0,0,normal
15990011,특번,2026-06-15 22:27:00,22.0,0,0,0,,0,1,0.0,1.0,1,1.87,1,1.0,0.0,,,,,0,0,0,normal
01060761242,010,2026-02-06 14:07:00,14.0,0,1,1,171.39,1,0,,,1,42.74,0,,,,,,,0,0,0,normal
15883388,특번,2026-04-14 02:17:00,2.0,0,0,0,,0,0,,,0,,0,,,,,,,0,0,0,normal
15999010,특번,2026-04-15 07:28:00,7.0,0,0,0,,1,1,0.0,1.0,1,251.66,0,,,,,,,0,0,0,normal
15440010,특번,2026-05-29 21:13:00,21.0,1,0,0,,0,0,,,0,,1,1.0,0.0,,,,,0,0,0,normal
01047227643,010,2026-02-17 20:00:00,20.0,0,1,0,,1,0,,,0,,0,,,,,,,0,0,0,normal
16008585,특번,2026-10-17 22:19:00,22.0,0,0,0,,0,0,,,0,,0,,,,,,,0,0,0,normal
15661277,특번,2026-02-09 23:10:00,23.0,0,0,0,,0,0,,,0,,0,,,,,,,0,0,0,normal
16617654,특번,2026-08-11 15:49:00,15.0,0,0,0,,0,0,,,0,,0,,,,,,,0,0,0,normal
01073551497,010,2026-04-24 12:06:00,12.0,0,1,0,,1,1,0.0,1.0,0,,0,,,,,,,0,0,0,normal
0262752275,02(서울 유선),2026-02-28 19:55:00,19.0,0,0,0,,0,1,0.0,1.0,0,,0,,,,,,,0,1,0,normal
0079660548562,00X(국제),2026-08-19 16:54:00,16.0,0,0,0,,1,1,0.0,1.0,0,,1,1.0,0.0,,,,,1,0,0,normal
070713611,070(인터넷전화),2026-06-03 14:08:00,14.0,0,0,0,,0,1,1.0,1.0,1,160.92,1,0.0,1.0,,,,,0,1,1,institution
01020836248,010,2026-11-22 02:01:00,2.0,0,1,0,,1,0,,,0,,0,,,,,,,0,0,0,normal
16449999,특번,2026-08-12 03:49:00,3.0,1,0,0,,0,1,0.0,1.0,0,,1,1.0,0.0,,,,,0,0,0,normal
01001878035,010,2026-10-30 20:52:00,20.0,1,1,0,,1,0,,,0,,1,1.0,0.0,,,,,0,0,0,normal
15998888,특번,2026-11-11 05:43:00,5.0,1,0,0,,0,0,,,0,,0,,,,,,,0,0,0,normal
01016195467,010,2026-04-08 04:38:00,,0,0,1,2007.43,1,0,,,0,,1,0.0,1.0,,,,,0,0,1,etc
04231881252,기타,2026-01-22 11:15:00,11.0,1,0,0,,0,1,0.0,1.0,0,,0,,,,,,,0,0,0,normal
15443000,특번,2026-11-06 23:20:00,23.0,0,0,0,,0,0,,,0,,0,,,,,,,0,0,0,normal
16612207,특번,2026-09-27 16:35:00,16.0,0,0,0,,0,0,,,0,,0,,,,,,,0,0,0,normal
15882588,특번,2026-11-28 04:57:00,4.0,0,0,0,,0,0,,,0,,1,1.0,0.0,,,,,0,0,0,normal
025669998,02(서울 유선),2026-02-22 05:27:00,5.0,0,0,1,24.02,0,1,0.0,1.0,0,,0,,,,,,,0,0,0,normal
01023025300,010,2026-12-08 17:29:00,17.0,1,1,0,,1,0,,,0,,1,1.0,0.0,,,,,0,0,0,normal
01033582350,010,2026-11-14 22:51:00,22.0,0,1,0,,1,0,,,0,,1,1.0,0.0,,,,,0,0,0,normal
16446000,특번,2026-05-28 02:07:00,2.0,0,0,0,,0,1,0.0,1.0,0,,0,,,,,,,0,0,0,normal
01045038934,010,2026-12-17 11:55:00,11.0,0,1,1,59.09,1,1,0.0,1.0,0,,0,,,,,,,0,0,0,normal
18116688,특번,2026-02-15 02:31:00,2.0,0,0,0,,0,0,,,0,,0,,,,,,,0,0,0,normal
15889999,특번,2026-05-07 20:22:00,20.0,1,0,0,,0,1,0.0,1.0,0,,1,1.0,0.0,,,,,0,0,0,normal
15669009,특번,2026-06-24 02:57:00,2.0,0,0,0,,0,0,,,0,,0,,,,,,,0,0,0,normal
01057502259,010,2026-06-30 22:46:00,22.0,1,1,0,,1,1,0.0,1.0,0,,0,,,,,,,0,0,0,normal
16888114,특번,2026-08-03 04:05:00,4.0,0,0,0,,0,1,0.0,1.0,0,,0,,,,,,,0,1,0,normal
01025376984,010,2026-04-15 01:21:00,1.0,1,1,0,,1,0,,,0,,0,,,,,,,0,0,0,normal
15440080,특번,2026-11-09 13:27:00,13.0,0,0,0,,0,0,,,0,,0,,,,,,,0,0,0,normal
15773419,특번,2026-10-11 16:05:00,16.0,0,0,1,201.19,0,1,0.0,1.0,0,,0,,,,,,,0,0,0,normal
01019749313,010,2026-08-26 11:59:00,11.0,0,1,1,18.86,0,1,0.0,1.0,0,,0,,,,,,,0,0,0,normal
01084332133,010,2026-01-28 03:51:00,3.0,1,1,0,,1,0,,,0,,0,,,,,,,0,0,0,normal
15443030,특번,2026-02-28 19:02:00,19.0,0,0,0,,0,0,,,0,,1,1.0,0.0,,,,,0,0,0,normal
16663060,특번,2026-12-12 02:50:00,2.0,0,0,1,3.52,0,1,0.0,1.0,1,166.7,0,,,,,,,0,0,0,normal
01061037632,010,2026-08-01 10:44:00,10.0,0,1,0,,1,0,,,0,,0,,,,,,,0,0,0,normal
04421186981,기타,2026-07-23 04:02:00,4.0,1,0,1,1.8,0,1,0.0,1.0,0,,1,1.0,0.0,,,,,0,0,0,normal
15881111,특번,2026-03-08 19:10:00,19.0,0,0,0,,0,0,,,0,,0,,,,,,,0,0,0,normal
15883651,특번,2026-07-10 13:54:00,13.0,0,0,0,,0,0,,,0,,0,,,,,,,0,0,0,normal
15443800,특번,2026-01-22 22:03:00,22.0,1,0,0,,0,1,0.0,1.0,0,,1,1.0,0.0,,,,,0,0,0,normal
0041080910729,00X(국제),2026-11-12 22:43:00,22.0,0,0,0,,0,1,0.0,1.0,1,2.67,1,1.0,0.0,,,,,1,0,0,normal
01051334601,010,2026-08-15 02:27:00,2.0,0,1,1,1.06,1,0,,,1,21.02,0,,,,,,,0,0,0,normal
01035097934,010,2026-07-16 02:11:00,2.0,1,1,1,20.18,1,0,,,0,,0,,,,,,,0,0,0,normal
01038944846,010,2026-05-17 21:32:00,21.0,1,1,1,30.79,1,1,0.0,1.0,0,,1,1.0,0.0,,,,,0,0,0,normal
15883500,특번,2026-06-26 12:07:00,12.0,0,0,0,,0,1,0.0,1.0,0,,1,1.0,0.0,,,,,0,0,0,normal
18000678,특번,2026-06-19 00:03:00,0.0,0,0,0,,0,0,,,1,10.41,0,,,,,,,0,0,0,normal
0808221416,기타,2026-02-07 05:30:00,5.0,0,0,0,,0,0,,,0,,1,1.0,0.0,,,,,0,0,0,normal
15441077,특번,2026-12-02 09:02:00,9.0,1,0,0,,0,1,0.0,1.0,0,,0,,,,,,,0,0,0,normal
15440010,특번,2026-07-28 14:24:00,14.0,1,0,0,,0,0,,,0,,0,,,,,,,0,0,0,normal
15221704,특번,2026-12-26 07:03:00,7.0,1,0,0,,0,1,0.0,1.0,0,,0,,,,,,,0,0,0,normal
16705989,특번,2026-04-01 09:02:00,9.0,0,0,0,,0,0,,,0,,0,,,,,,,0,0,0,normal
0624160113,기타,2026-06-24 08:50:00,8.0,1,0,0,,0,0,,,0,,0,,,,,,,0,0,0,normal
15999999,특번,2026-07-16 05:33:00,5.0,1,0,0,,0,0,,,0,,0,,,,,,,0,0,0,normal
01003491891,010,2026-03-24 10:15:00,10.0,1,1,1,1624.29,1,1,0.0,1.0,0,,1,1.0,0.0,,,,,0,0,0,normal
01008492970,010,2026-08-08 04:45:00,4.0,1,0,1,2.49,1,1,0.0,1.0,0,,0,,,,,,,0,0,0,normal
01049163009,010,2026-12-13 01:57:00,1.0,1,1,1,37.14,1,0,,,0,,0,,,,,,,0,0,0,normal
16008585,특번,2026-02-27 05:47:00,5.0,0,0,0,,0,0,,,0,,1,1.0,0.0,,,,,0,1,0,normal
15883651,특번,2026-07-23 17:05:00,17.0,1,0,0,,0,0,,,0,,0,,,,,,,0,0,0,normal
15999999,특번,2026-11-03 00:01:00,0.0,1,0,0,,0,1,0.0,1.0,0,,0,,,,,,,0,0,0,normal
0808221416,기타,2026-08-26 14:32:00,14.0,0,0,0,,0,1,0.0,1.0,0,,1,1.0,0.0,,,,,0,0,0,normal
16888114,특번,2026-06-06 15:21:00,15.0,0,0,0,,1,0,,,1,971.65,0,,,,,,,0,0,0,normal
01096369969,010,2026-03-30 22:49:00,22.0,1,1,1,1504.2,1,0,,,0,,0,,,,,,,0,0,0,normal
15998000,특번,2026-06-18 03:11:00,3.0,0,0,0,,0,0,,,0,,0,,,,,,,0,0,0,normal
15443800,특번,2026-11-14 13:58:00,13.0,0,0,0,,0,1,0.0,1.0,0,,0,,,,,,,0,0,0,normal
15991111,특번,2026-06-15 23:38:00,23.0,0,1,0,,0,0,,,0,,0,,,,,,,0,0,0,normal
01015107055,010,2026-12-29 10:23:00,10.0,0,1,0,,0,1,0.0,1.0,0,,1,1.0,0.0,,,,,0,0,0,normal
15882588,특번,2026-12-13 22:51:00,22.0,0,0,1,74.45,1,0,,,0,,0,,,,,,,0,0,0,normal
0706294339,070(인터넷전화),2026-03-15 02:57:00,2.0,0,0,0,,0,1,0.0,1.0,1,19.16,1,1.0,0.0,,,,,0,0,0,normal
16612207,특번,2026-10-25 04:43:00,4.0,1,0,0,,0,1,0.0,1.0,0,,1,1.0,0.0,,,,,0,0,0,normal
15990011,특번,2026-11-04 03:31:00,3.0,0,1,0,,0,0,,,0,,0,,,,,,,0,0,0,normal
00006486157799,00X(국제),2026-06-04 03:20:00,3.0,1,0,0,,0,0,,,0,,0,,,,,,,1,0,0,normal
15883651,특번,2026-04-17 20:09:00,20.0,0,0,0,,0,1,0.0,1.0,0,,0,,,,,,,0,0,0,normal
15880010,특번,2026-10-29 08:09:00,8.0,1,1,0,,0,1,0.0,1.0,0,,0,,,,,,,0,0,0,normal
16008172,특번,2026-05-15 20:00:00,20.0,0,0,0,,0,0,,,1,5.0,1,1.0,0.0,,,,,0,0,0,normal
0267169472,02(서울 유선),2026-05-03 00:35:00,0.0,0,0,0,,0,1,0.0,1.0,0,,0,,,,,,,0,0,0,normal
15778000,특번,2026-08-28 06:28:00,6.0,0,1,0,,0,1,0.0,1.0,1,606.43,0,,,,,,,0,0,0,normal
16706250,특번,2026-11-11 13:34:00,13.0,1,0,0,,0,0,,,0,,1,1.0,0.0,,,,,0,0,0,normal
15440080,특번,2026-11-08 04:19:00,4.0,0,0,0,,0,1,0.0,1.0,0,,1,1.0,0.0,,,,,0,0,0,normal
01015217465,010,2026-06-17 03:46:00,3.0,0,0,0,,0,1,1.0,0.0,1,1595.3,1,0.0,1.0,,,,,0,0,1,acquaintance
15887000,특번,2026-11-30 02:56:00,2.0,0,0,0,,0,1,0.0,0.0,0,,0,,,,,,,0,0,0,normal
18997047,특번,2026-10-01 06:02:00,6.0,1,0,0,,0,1,0.0,1.0,0,,0,,,,,,,0,0,0,normal
15665050,특번,2026-01-27 09:41:00,9.0,1,0,0,,0,0,,,0,,1,1.0,0.0,,,,,0,0,0,normal
15665050,특번,2026-11-29 17:14:00,17.0,1,0,0,,0,1,0.0,1.0,0,,0,,,,,,,0,0,0,normal
16707731,특번,2026-05-05 09:05:00,9.0,1,0,1,30.1,0,0,,,0,,0,,,,,,,0,0,0,normal
15887270,특번,2026-01-02 12:43:00,12.0,0,0,0,,0,0,,,0,,0,,,,,,,0,0,0,normal
15883500,특번,2026-03-19 11:39:00,11.0,1,0,0,,0,1,0.0,1.0,0,,0,,,,,,,0,0,0,normal
15999010,특번,2026-10-22 14:39:00,14.0,0,0,0,,0,1,0.0,1.0,0,,0,,,,,,,0,0,0,normal
01041987032,010,2026-05-16 10:03:00,10.0,0,1,1,61.88,1,1,0.0,1.0,0,,0,,,,,,,0,0,0,normal
01091154904,010,2026-07-08 10:10:00,10.0,0,1,1,9.9,1,1,0.0,1.0,0,,0,,,,,,,0,0,0,normal
0262752275,02(서울 유선),2026-02-15 09:49:00,9.0,0,0,1,10.55,0,0,,,0,,0,,,,,,,0,0,0,normal
01050520535,010,2026-05-26 01:35:00,1.0,1,1,1,2.51,1,1,0.0,1.0,0,,1,1.0,0.0,,,,,0,0,0,normal
15999000,특번,2026-11-22 13:15:00,13.0,0,0,0,,0,0,,,0,,0,,,,,,,0,0,0,normal
0220269955,02(서울 유선),2026-08-02 09:10:00,9.0,0,0,0,,0,1,0.0,1.0,0,,0,,,,,,,0,0,0,normal
18680883,특번,2026-09-04 10:00:00,10.0,0,0,0,,0,0,,,0,,0,,,,,,,0,0,0,normal
01004210379,010,2026-05-16 10:17:00,10.0,1,1,1,24.41,1,1,0.0,1.0,0,,1,1.0,0.0,,,,,0,0,0,normal
15881111,특번,2026-10-24 13:27:00,13.0,0,0,1,12.57,0,1,0.0,1.0,0,,0,,,,,,,0,0,0,normal
070600986,070(인터넷전화),2026-02-01 07:26:00,7.0,0,0,0,,0,0,,,0,,0,,,,,,,0,0,0,normal
15660123,특번,2026-01-17 15:27:00,15.0,0,0,0,,0,0,,,0,,0,,,,,,,0,0,0,normal
0063143870611,00X(국제),2026-09-07 15:43:00,15.0,0,0,1,90.9,0,0,,,0,,0,,,,,,,1,0,0,normal
00749545089,00X(국제),2026-04-16 07:04:00,7.0,0,0,0,,0,1,0.0,1.0,0,,0,,,,,,,1,0,0,normal
15999000,특번,2026-05-15 13:01:00,13.0,0,0,0,,0,0,,,0,,0,,,,,,,0,0,0,normal
01085525676,010,2026-12-19 20:38:00,20.0,0,1,1,19.87,1,0,,,1,4.17,0,,,,,,,0,0,0,normal
15444200,특번,2026-07-09 21:01:00,21.0,0,0,1,0.81,0,0,,,0,,1,1.0,0.0,,,,,0,0,0,normal
01051391960,010,2026-06-06 09:23:00,9.0,1,1,0,,1,1,0.0,1.0,0,,0,,,,,,,0,0,0,normal
07096727833,070(인터넷전화),2026-05-08 12:06:00,12.0,1,0,0,,0,1,0.0,1.0,0,,1,1.0,0.0,,,,,0,0,0,normal
16617654,특번,2026-12-24 00:41:00,0.0,1,0,0,,0,0,,,0,,1,1.0,0.0,,,,,0,0,0,normal
01062586314,010,2026-07-03 09:23:00,9.0,0,1,1,1441.87,1,1,0.0,1.0,0,,0,,,,,,,0,0,0,normal
0624160113,기타,2026-07-28 15:26:00,15.0,1,0,0,,0,1,0.0,1.0,0,,0,,,,,,,0,0,0,normal
15999000,특번,2026-09-20 15:58:00,15.0,1,0,0,,0,0,,,0,,0,,,,,,,0,0,0,normal
15221155,특번,2026-05-10 12:45:00,12.0,0,0,0,,0,0,,,0,,0,,,,,,,0,0,0,normal
15881515,특번,2026-10-12 10:13:00,10.0,0,0,0,,0,1,0.0,1.0,1,57.52,1,1.0,0.0,,,,,0,0,0,normal
01018435973,010,2026-01-09 18:03:00,18.0,1,1,1,23.23,1,1,1.0,1.0,0,,0,,,,,,,0,0,0,normal
15773419,특번,2026-12-24 08:56:00,8.0,0,0,0,,0,0,,,0,,1,1.0,0.0,,,,,0,0,0,normal
01083257981,010,2026-10-07 21:53:00,21.0,0,1,1,41.52,1,1,0.0,1.0,0,,0,,,,,,,0,0,0,normal
15999000,특번,2026-08-16 07:36:00,7.0,1,0,0,,0,1,0.0,1.0,0,,0,,,,,,,0,0,0,normal
15221704,특번,2026-07-07 20:59:00,20.0,1,0,1,47.66,0,1,0.0,1.0,0,,1,1.0,0.0,,,,,0,0,0,normal
15993333,특번,2026-08-16 01:32:00,1.0,1,0,1,8.96,0,0,,,0,,0,,,,,,,0,0,0,normal
15998500,특번,2026-08-16 02:52:00,2.0,1,0,1,11.73,0,0,,,0,,1,1.0,0.0,,,,,0,0,0,normal
18376061,특번,2026-11-25 04:01:00,4.0,0,0,1,76.82,0,0,,,0,,0,,,,,,,0,0,0,normal
01000780686,010,2026-12-15 23:50:00,23.0,1,1,1,15.92,1,0,,,0,,0,,,,,,,0,0,0,normal
0641805893,기타,2026-09-25 09:40:00,9.0,0,0,0,,0,0,,,0,,0,,,,,,,0,0,0,normal
15669009,특번,2026-03-05 02:14:00,2.0,0,0,0,,0,0,,,0,,1,1.0,0.0,,,,,0,0,0,normal
15990011,특번,2026-05-02 21:12:00,21.0,0,0,0,,0,0,,,0,,0,,,,,,,0,0,0,normal
15991111,특번,2026-01-15 12:57:00,12.0,1,0,0,,0,1,0.0,1.0,0,,1,1.0,0.0,,,,,0,0,0,normal
01050102394,010,2026-03-26 13:44:00,13.0,0,1,1,69.88,1,1,0.0,1.0,0,,1,1.0,0.0,,,,,0,0,0,normal
01016739645,010,2026-02-01 21:20:00,21.0,0,1,1,43.56,1,0,,,0,,0,,,,,,,0,0,0,normal
01035602858,010,2026-10-26 10:02:00,10.0,0,1,1,144.78,0,1,0.0,1.0,0,,1,1.0,0.0,,,,,0,0,0,normal
15448000,특번,2026-07-24 10:42:00,10.0,1,0,0,,0,0,,,0,,0,,,,,,,0,0,0,normal
15883570,특번,2026-07-06 06:58:00,6.0,1,0,1,8.06,0,0,,,0,,1,1.0,0.0,,,,,0,0,0,normal
15777011,특번,2026-09-10 08:22:00,8.0,1,0,0,,0,0,,,0,,0,,,,,,,0,0,0,normal
01015303044,010,2026-01-08 11:21:00,11.0,0,1,1,0.46,1,0,,,0,,0,,,,,,,0,0,0,normal
15881900,특번,2026-11-05 08:45:00,8.0,0,0,0,,0,0,,,0,,0,,,,,,,0,0,0,normal
03180219341,기타,2026-08-21 15:23:00,15.0,0,0,0,,0,1,0.0,1.0,0,,0,,,,,,,0,0,0,normal
01084810018,010,2026-08-05 01:52:00,1.0,0,1,1,76.52,1,1,0.0,1.0,0,,0,,,,,,,0,0,0,normal
01065223955,010,2026-01-21 12:56:00,12.0,1,1,1,239.7,1,0,,,0,,0,,,,,,,0,0,0,normal
0262752275,02(서울 유선),2026-12-26 03:46:00,3.0,0,0,0,,0,0,,,0,,0,,,,,,,0,0,0,normal
01094689537,010,2026-08-01 11:55:00,11.0,1,1,1,18.77,1,0,,,0,,0,,,,,,,0,0,0,normal
16000400,특번,2026-09-10 11:46:00,11.0,0,0,0,,0,0,,,0,,1,1.0,0.0,,,,,0,0,0,normal
15991916,특번,2026-11-18 08:59:00,8.0,0,0,0,,0,1,0.0,1.0,0,,0,,,,,,,0,0,0,normal
15882588,특번,2026-11-17 02:56:00,2.0,1,1,0,,0,1,0.0,1.0,0,,0,,,,,,,0,0,0,normal
025728288,02(서울 유선),2026-03-29 16:10:00,16.0,1,0,0,,0,0,,,0,,1,1.0,0.0,,,,,0,0,0,normal
03180219341,기타,2026-09-03 11:31:00,11.0,0,0,0,,0,1,0.0,1.0,1,22.92,1,1.0,0.0,,,,,0,0,0,normal
01030597253,010,2026-06-30 15:21:00,15.0,0,1,1,275.23,1,0,,,1,4.96,0,,,,,,,0,0,0,normal
01091558167,010,2026-05-22 07:52:00,7.0,0,1,0,,1,1,0.0,1.0,0,,0,,,,,,,0,0,0,normal
16617654,특번,2026-09-23 00:24:00,0.0,1,0,0,,0,0,,,0,,0,,,,,,,0,0,0,normal
01028589130,010,2026-03-02 07:37:00,7.0,1,1,1,0.72,1,0,,,0,,0,,,,,,,0,0,0,normal
0233333884,02(서울 유선),2026-10-29 17:46:00,17.0,0,0,0,,0,0,,,0,,0,,,,,,,0,0,0,normal
15778000,특번,2026-12-20 18:42:00,18.0,1,0,0,,0,1,1.0,1.0,0,,0,,,,,,,0,0,0,normal
15095055,특번,2026-10-30 13:58:00,13.0,1,0,0,,1,1,0.0,1.0,0,,0,,,,,,,0,0,0,normal
15882001,특번,2026-08-15 10:17:00,10.0,0,0,0,,0,0,,,0,,0,,,,,,,0,1,0,normal
01017520716,010,2026-11-15 23:37:00,23.0,0,1,1,162.33,1,0,,,0,,0,,,,,,,0,0,0,normal
15880079,특번,2026-11-16 12:51:00,12.0,0,0,0,,0,0,,,0,,0,,,,,,,0,0,0,normal
16613000,특번,2026-03-19 18:25:00,18.0,0,0,0,,0,0,,,0,,0,,,,,,,0,0,0,normal
0293376185,02(서울 유선),2026-03-25 01:04:00,1.0,1,0,0,,0,0,,,0,,1,1.0,0.0,,,,,0,0,0,normal
01053159964,010,2026-10-17 00:14:00,0.0,1,1,1,989.13,1,1,0.0,1.0,0,,0,,,,,,,0,0,0,normal
15443800,특번,2026-12-25 06:18:00,6.0,0,0,0,,0,1,0.0,1.0,0,,1,1.0,0.0,,,,,0,0,0,normal
01025513444,010,2026-10-18 18:48:00,18.0,0,1,1,3.84,1,0,,,0,,1,1.0,0.0,,,,,0,0,0,normal
15889999,특번,2026-11-10 23:28:00,23.0,1,0,0,,0,0,,,0,,0,,,,,,,0,0,0,normal
0808221416,기타,2026-07-21 19:31:00,19.0,0,0,0,,0,1,0.0,1.0,0,,0,,,,,,,0,0,0,normal
0423317505,기타,2026-11-22 00:49:00,0.0,0,0,0,,0,0,,,0,,0,,,,,,,0,0,0,normal
006342853574,00X(국제),2026-11-07 02:55:00,2.0,0,0,0,,0,1,0.0,1.0,0,,0,,,,,,,1,0,0,normal
15665050,특번,2026-10-29 22:26:00,22.0,1,0,0,,0,1,0.0,1.0,0,,1,1.0,0.0,,,,,0,0,0,normal
15885000,특번,2026-05-31 18:08:00,18.0,0,0,0,,0,1,1.0,1.0,0,,1,1.0,0.0,,,,,0,0,0,normal
01025590461,010,2026-01-24 02:07:00,2.0,0,1,1,10.79,1,1,0.0,1.0,1,17.52,1,1.0,0.0,,,,,0,0,0,normal
0220269955,02(서울 유선),2026-07-22 04:11:00,4.0,0,0,1,46.2,0,0,,,0,,0,,,,,,,0,0,0,normal
15999000,특번,2026-04-23 19:21:00,19.0,0,0,0,,0,1,0.0,1.0,0,,1,1.0,0.0,,,,,0,0,0,normal
01089290930,010,2026-07-11 03:43:00,3.0,1,1,1,34.99,1,1,0.0,1.0,0,,0,,,,,,,0,0,0,normal
15880010,특번,2026-03-23 22:10:00,22.0,0,0,0,,0,0,,,0,,1,1.0,0.0,,,,,0,0,0,normal
01053576036,010,2026-11-26 09:13:00,9.0,0,1,1,46.17,0,1,0.0,1.0,1,108.91,1,1.0,0.0,,,,,0,0,0,normal
15443002,특번,2026-03-14 22:04:00,22.0,1,0,0,,0,0,,,0,,0,,,,,,,0,0,0,normal
01061446627,010,2026-11-05 22:31:00,22.0,0,1,1,8.52,1,0,,,0,,0,,,,,,,0,0,0,normal
01082832308,010,2026-02-24 00:15:00,0.0,0,1,1,11.97,1,1,0.0,1.0,0,,0,,,,,,,0,0,0,normal
01080041432,010,2026-11-01 06:16:00,6.0,1,1,1,6.68,1,0,,,0,,0,,,,,,,0,0,0,normal
01078690361,010,2026-07-24 15:50:00,15.0,0,1,1,36.65,1,0,,,0,,0,,,,,,,0,0,0,normal
070028497,070(인터넷전화),2026-10-22 23:05:00,23.0,1,0,0,,0,0,,,0,,0,,,,,,,0,0,0,normal
15990011,특번,2026-01-08 17:25:00,17.0,0,0,0,,0,1,0.0,1.0,0,,0,,,,,,,0,0,0,normal
00943705263510,00X(국제),2026-01-23 20:23:00,20.0,1,0,0,,0,0,,,0,,0,,,,,,,1,0,0,normal
16008172,특번,2026-09-18 23:51:00,23.0,1,0,0,,0,1,0.0,1.0,0,,0,,,,,,,0,0,0,normal
01007272849,010,2026-04-29 09:45:00,9.0,0,1,1,1.67,1,1,0.0,1.0,0,,0,,,,,,,0,0,0,normal
15443030,특번,2026-03-27 17:33:00,17.0,0,0,0,,0,0,,,0,,0,,,,,,,0,0,0,normal
15443030,특번,2026-04-22 17:27:00,17.0,1,0,0,,0,1,0.0,0.0,0,,0,,,,,,,0,0,0,normal
15887000,특번,2026-12-23 01:15:00,1.0,0,0,0,,0,1,0.0,1.0,0,,0,,,,,,,0,0,0,normal
15662566,특번,2026-05-23 15:35:00,15.0,1,0,0,,0,1,0.0,1.0,0,,1,1.0,0.0,,,,,0,0,0,normal
0808221416,기타,2026-06-16 23:54:00,23.0,0,0,0,,0,0,,,0,,1,1.0,0.0,,,,,0,0,0,normal
15448000,특번,2026-05-03 06:31:00,6.0,0,0,0,,0,1,0.0,1.0,0,,0,,,,,,,0,0,0,normal
15889999,특번,2026-01-12 14:00:00,14.0,0,0,0,,0,0,,,0,,1,1.0,0.0,,,,,0,0,0,normal
01014917785,010,2026-02-10 08:52:00,8.0,0,1,1,0.02,1,0,,,0,,1,1.0,0.0,,,,,0,0,0,normal
01006083077,010,2026-06-27 01:36:00,1.0,1,1,0,,1,0,,,0,,0,,,,,,,0,0,0,normal
16706250,특번,2026-05-16 07:38:00,7.0,1,0,0,,0,1,0.0,1.0,0,,0,,,,,,,0,0,0,normal
01099447251,010,2026-04-06 16:19:00,16.0,1,1,1,48.07,1,0,,,0,,0,,,,,,,0,0,0,normal
18997047,특번,2026-07-11 18:49:00,18.0,1,0,1,103.61,0,0,,,0,,1,1.0,0.0,,,,,0,0,0,normal
01002325869,010,2026-01-12 16:14:00,16.0,0,1,0,,1,1,0.0,1.0,0,,0,,,,,,,0,0,0,normal
15991900,특번,2026-09-12 13:22:00,13.0,0,0,0,,0,0,,,0,,1,1.0,0.0,,,,,0,0,0,normal
01035677826,010,2026-09-16 06:41:00,6.0,1,1,1,643.05,1,1,0.0,1.0,0,,1,1.0,0.0,,,,,0,0,0,normal
15441120,특번,2026-08-21 15:38:00,15.0,0,0,0,,0,0,,,0,,0,,,,,,,0,0,0,normal
15881900,특번,2026-08-27 17:05:00,17.0,0,0,0,,0,0,,,0,,0,,,,,,,0,0,0,normal
15446200,특번,2026-03-21 09:04:00,9.0,0,0,0,,0,1,0.0,1.0,0,,1,1.0,0.0,,,,,0,0,0,normal
01058987307,010,2026-03-22 12:06:00,12.0,0,0,0,,0,0,,,1,552.61,1,0.0,1.0,,,,,0,0,1,acquaintance
15443800,특번,2026-05-26 22:25:00,22.0,0,0,1,3.29,0,0,,,0,,1,1.0,0.0,,,,,0,0,0,normal
15443082,특번,2026-11-18 04:36:00,4.0,1,0,0,,0,1,0.0,1.0,0,,1,1.0,0.0,,,,,0,0,0,normal
15998500,특번,2026-12-24 13:35:00,13.0,0,0,0,,0,0,,,0,,0,,,,,,,0,0,0,normal
16231820,특번,2026-10-07 23:47:00,23.0,1,0,0,,0,0,,,0,,0,,,,,,,0,0,0,normal
01070562271,010,2026-01-05 01:54:00,1.0,0,1,1,16.62,1,1,0.0,1.0,0,,0,,,,,,,0,0,0,normal
01018776712,010,2026-07-15 18:40:00,18.0,1,1,0,,0,1,0.0,1.0,0,,1,1.0,0.0,,,,,0,0,0,normal
16705989,특번,2026-12-18 16:58:00,16.0,0,0,1,3.35,0,0,,,0,,0,,,,,,,0,0,0,normal
16706250,특번,2026-02-13 07:45:00,7.0,0,0,0,,0,1,0.0,1.0,0,,0,,,,,,,0,0,0,normal
01034405938,010,2026-06-20 18:10:00,18.0,0,1,1,50.09,1,0,,,0,,0,,,,,,,0,0,0,normal
16000400,특번,2026-12-15 16:43:00,16.0,0,0,0,,0,0,,,1,1.62,1,1.0,0.0,,,,,0,0,0,normal
15778000,특번,2026-06-16 22:45:00,22.0,1,0,0,,0,0,,,0,,1,1.0,0.0,,,,,0,0,0,normal
01098806944,010,2026-01-27 23:47:00,23.0,0,1,1,15.47,1,1,0.0,0.0,0,,0,,,,,,,0,0,0,normal
16888114,특번,2026-06-24 11:27:00,11.0,0,0,0,,0,0,,,0,,1,1.0,0.0,,,,,0,0,0,normal
03180751228,기타,2026-11-20 10:59:00,10.0,1,0,0,,0,0,,,0,,0,,,,,,,0,0,0,normal
15887000,특번,2026-10-30 11:31:00,11.0,1,0,0,,0,0,,,0,,1,1.0,0.0,,,,,0,0,0,normal
15221155,특번,2026-05-06 03:25:00,3.0,0,0,0,,0,0,,,0,,0,,,,,,,0,0,0,normal
01064421214,010,2026-10-22 23:05:00,23.0,0,1,1,18.31,1,0,,,1,13.76,0,,,,,,,0,0,0,normal
01044489020,010,2026-08-05 00:13:00,0.0,0,1,1,65.25,1,1,0.0,1.0,0,,0,,,,,,,0,0,0,normal
01039301055,010,2026-03-03 03:20:00,3.0,1,1,1,6.25,1,0,,,0,,1,1.0,0.0,,,,,0,0,0,normal
15443002,특번,2026-10-21 08:44:00,8.0,0,0,0,,0,0,,,0,,0,,,,,,,0,0,0,normal
03180219341,기타,2026-03-15 01:07:00,1.0,0,0,0,,0,1,0.0,1.0,0,,0,,,,,,,0,0,0,normal
15561465,특번,2026-05-21 10:52:00,10.0,1,0,1,1.21,0,0,,,0,,0,,,,,,,0,0,0,normal
01079670605,010,2026-09-22 22:31:00,22.0,0,1,0,,1,0,,,1,568.8,1,1.0,0.0,,,,,0,0,0,normal
16000400,특번,2026-02-27 06:43:00,6.0,0,0,0,,0,0,,,0,,1,1.0,0.0,,,,,0,0,0,normal
18997047,특번,2026-01-21 22:32:00,22.0,1,0,0,,1,0,,,0,,0,,,,,,,0,0,0,normal
16705989,특번,2026-08-28 22:41:00,22.0,0,0,0,,0,0,,,1,103.11,0,,,,,,,0,0,0,normal
01071713756,010,2026-08-11 09:43:00,9.0,0,1,0,,1,1,0.0,1.0,0,,0,,,,,,,0,0,0,normal
01029938788,010,2026-07-16 20:41:00,20.0,0,1,0,,1,1,0.0,1.0,0,,1,1.0,0.0,,,,,0,0,0,normal
15664295,특번,2026-08-02 01:05:00,1.0,1,0,0,,0,0,,,0,,0,,,,,,,0,0,0,normal
01026941117,010,2026-04-10 05:54:00,5.0,0,1,1,51.32,1,0,,,1,178.4,0,,,,,,,0,0,0,normal
01072024559,010,2026-03-05 17:31:00,17.0,0,1,1,6.65,1,0,,,0,,0,,,,,,,0,0,0,normal
16888114,특번,2026-04-02 04:40:00,4.0,0,0,0,,0,0,,,0,,0,,,,,,,0,0,0,normal
01026139557,010,2026-07-02 23:42:00,23.0,0,1,1,9.15,1,0,,,0,,0,,,,,,,0,0,0,normal
15777011,특번,2026-11-20 17:28:00,17.0,0,0,0,,0,0,,,0,,1,1.0,0.0,,,,,0,0,0,normal
01015539258,010,2026-07-01 08:49:00,8.0,0,1,1,19.52,1,0,,,0,,0,,,,,,,0,0,0,normal
01057587386,010,2026-01-22 15:43:00,15.0,0,1,1,5.61,1,1,0.0,1.0,0,,0,,,,,,,0,0,0,normal
01030695235,010,2026-11-15 16:25:00,16.0,0,1,1,3.2,1,0,,,0,,0,,,,,,,0,0,0,normal
01010738515,010,2026-06-08 23:22:00,23.0,0,1,0,,1,0,,,1,24.67,0,,,,,,,0,0,0,normal
01067232464,010,2026-07-24 10:51:00,10.0,0,1,1,42.87,1,0,,,0,,0,,,,,,,0,0,0,normal
15998888,특번,2026-05-13 21:32:00,21.0,1,0,0,,0,1,0.0,1.0,0,,0,,,,,,,0,0,0,normal
15446200,특번,2026-10-09 03:57:00,3.0,1,0,0,,0,1,0.0,1.0,0,,0,,,,,,,0,0,0,normal
16446000,특번,2026-10-05 12:09:00,12.0,0,0,1,10.0,0,0,,,0,,0,,,,,,,0,0,0,normal
15882588,특번,2026-03-27 22:18:00,22.0,0,0,0,,0,1,0.0,1.0,0,,0,,,,,,,0,0,0,normal
15223000,특번,2026-10-22 15:10:00,15.0,0,0,1,17.59,0,0,,,0,,0,,,,,,,0,0,0,normal
01074378471,010,2026-01-13 13:19:00,13.0,1,1,1,3.37,1,1,0.0,1.0,0,,0,,,,,,,0,0,0,normal
01066305968,010,2026-06-10 00:32:00,0.0,1,1,1,14.51,1,0,,,0,,0,,,,,,,0,0,0,normal
01011391548,010,2026-01-01 03:53:00,3.0,0,1,0,,1,0,,,1,0.76,0,,,,,,,0,0,0,normal
15881599,특번,2026-06-18 09:41:00,9.0,1,0,0,,0,0,,,0,,1,1.0,0.0,,,,,0,0,0,normal
15884477,특번,2026-09-18 05:02:00,5.0,1,0,0,,0,0,,,0,,0,,,,,,,0,0,0,normal
01077444156,010,2026-09-20 02:40:00,2.0,0,1,0,,1,0,,,0,,0,,,,,,,0,0,0,normal
15883570,특번,2026-01-28 11:39:00,11.0,0,0,0,,0,0,,,0,,1,1.0,0.0,,,,,0,0,0,normal
01049734715,010,2026-10-17 23:49:00,23.0,0,1,1,28.02,1,1,0.0,1.0,0,,0,,,,,,,0,0,0,normal
0220269955,02(서울 유선),2026-09-08 04:03:00,4.0,1,0,0,,0,0,,,0,,1,1.0,0.0,,,,,0,0,0,normal
15881900,특번,2026-05-16 19:19:00,19.0,0,0,0,,0,1,0.0,1.0,0,,0,,,,,,,0,0,0,normal
0808221416,기타,2026-07-29 14:59:00,14.0,1,0,1,129.56,0,0,,,0,,0,,,,,,,0,0,0,normal
06098210959,기타,2026-05-10 06:39:00,6.0,0,0,0,,0,1,0.0,1.0,0,,0,,,,,,,0,0,0,normal
01011055624,010,2026-02-22 05:10:00,5.0,0,1,0,,1,0,,,0,,0,,,,,,,0,0,0,normal
15443000,특번,2026-01-14 17:08:00,17.0,0,0,0,,0,1,0.0,1.0,0,,0,,,,,,,0,0,0,normal
15880010,특번,2026-04-08 16:41:00,16.0,1,0,0,,1,1,0.0,1.0,0,,0,,,,,,,0,0,0,normal
15888000,특번,2026-07-29 14:19:00,14.0,1,0,0,,0,0,,,0,,0,,,,,,,0,0,0,normal
15999999,특번,2026-08-22 10:04:00,10.0,1,0,0,,0,0,,,0,,0,,,,,,,0,0,0,normal
16000400,특번,2026-08-22 13:53:00,13.0,1,0,0,,0,1,0.0,1.0,0,,0,,,,,,,0,0,0,normal
15443002,특번,2026-03-19 01:09:00,1.0,1,0,0,,0,1,0.0,1.0,0,,0,,,,,,,0,0,0,normal
01046449369,010,2026-09-17 21:03:00,21.0,0,1,1,6.1,1,1,0.0,1.0,0,,1,1.0,0.0,,,,,0,0,0,normal
01031566397,010,2026-05-16 09:29:00,9.0,0,1,1,54.41,1,0,,,0,,0,,,,,,,0,0,0,normal
15660123,특번,2026-07-23 02:57:00,2.0,1,0,0,,0,1,1.0,1.0,0,,0,,,,,,,0,0,0,normal
01074932511,010,2026-07-09 20:18:00,20.0,1,1,1,108.4,1,1,0.0,1.0,0,,1,1.0,0.0,,,,,0,0,0,normal
07010248171,070(인터넷전화),2026-11-28 04:20:00,4.0,0,0,0,,0,1,0.0,1.0,0,,1,1.0,0.0,,,,,0,0,0,normal
15440080,특번,2026-01-01 16:46:00,16.0,0,0,0,,0,0,,,0,,0,,,,,,,0,0,0,normal
00022179789124,00X(국제),2026-05-17 13:20:00,13.0,0,0,1,2.78,0,1,0.0,1.0,0,,0,,,,,,,1,0,0,normal
01016980681,010,2026-06-15 15:45:00,15.0,0,1,0,,1,0,,,1,55.86,0,,,,,,,0,0,0,normal
0708653143,070(인터넷전화),2026-07-16 23:01:00,23.0,1,0,1,2.39,0,1,0.0,1.0,0,,0,,,,,,,0,0,0,normal
0423317505,기타,2026-06-11 08:53:00,8.0,0,0,0,,0,0,,,0,,0,,,,,,,0,0,0,normal
15880079,특번,2026-10-06 04:04:00,4.0,0,0,0,,0,0,,,0,,0,,,,,,,0,0,0,normal
15446200,특번,2026-08-10 15:09:00,15.0,1,0,0,,0,1,0.0,1.0,0,,0,,,,,,,0,0,0,normal
01017036423,010,2026-12-24 11:28:00,11.0,1,1,0,,1,1,1.0,1.0,0,,0,,,,,,,0,0,0,normal
15881599,특번,2026-06-17 00:40:00,0.0,0,0,0,,0,1,1.0,1.0,0,,0,,,,,,,0,0,0,normal
01055464533,010,2026-07-28 01:13:00,1.0,0,1,1,2.67,1,0,,,0,,1,1.0,0.0,,,,,0,0,0,normal
15883570,특번,2026-08-05 19:42:00,19.0,1,0,0,,0,0,,,0,,0,,,,,,,0,0,0,normal
15221155,특번,2026-06-09 00:49:00,0.0,1,0,0,,0,1,0.0,1.0,0,,1,1.0,0.0,,,,,0,0,0,normal
01072486898,010,2026-05-22 03:31:00,3.0,0,1,0,,1,1,1.0,1.0,1,205.91,1,1.0,0.0,,,,,0,0,0,normal
15883388,특번,2026-11-15 04:40:00,4.0,1,0,0,,0,1,0.0,1.0,0,,1,1.0,0.0,,,,,0,0,0,normal
15887270,특번,2026-12-01 08:57:00,8.0,1,0,0,,0,0,,,0,,0,,,,,,,0,0,0,normal
15880037,특번,2026-06-26 23:12:00,23.0,0,0,0,,0,1,0.0,1.0,0,,1,1.0,0.0,,,,,0,0,0,normal
15446200,특번,2026-08-17 11:55:00,11.0,1,0,0,,0,0,,,0,,0,,,,,,,0,0,0,normal
00986162299911,00X(국제),2026-03-15 12:56:00,12.0,1,0,0,,0,1,0.0,1.0,0,,0,,,,,,,1,0,0,normal
01076755004,010,2026-05-18 02:20:00,2.0,1,1,0,,1,1,0.0,1.0,0,,0,,,,,,,0,0,0,normal
01059919456,010,2026-08-02 12:08:00,12.0,1,1,1,2246.74,1,1,0.0,1.0,0,,1,1.0,0.0,,,,,0,0,0,normal
15443800,특번,2026-03-18 07:19:00,7.0,0,0,0,,0,0,,,0,,1,1.0,0.0,,,,,0,0,0,normal
15665050,특번,2026-04-26 09:51:00,9.0,0,0,0,,0,1,1.0,1.0,1,437.88,0,,,,,,,0,0,0,normal
16613000,특번,2026-08-16 15:13:00,15.0,0,0,1,1.57,0,1,0.0,1.0,0,,0,,,,,,,0,0,0,normal
01014377222,010,2026-09-26 11:39:00,11.0,0,1,0,,0,0,,,1,31.94,0,,,,,,,0,0,0,normal
15665050,특번,2026-04-13 17:03:00,17.0,0,0,0,,0,1,0.0,1.0,1,384.66,0,,,,,,,0,0,0,normal
15881515,특번,2026-01-22 14:50:00,14.0,0,0,0,,0,0,,,0,,0,,,,,,,0,0,0,normal
15665050,특번,2026-02-16 01:09:00,1.0,1,0,1,3.09,0,1,0.0,1.0,0,,1,1.0,0.0,,,,,0,0,0,normal
0063834661,00X(국제),2026-03-20 07:55:00,7.0,0,0,0,,0,0,,,0,,0,,,,,,,1,0,0,normal
15990903,특번,2026-05-25 02:36:00,2.0,0,0,0,,0,0,,,0,,0,,,,,,,0,0,0,normal
01073370106,010,2026-09-21 03:05:00,3.0,0,1,0,,1,0,,,1,32.08,1,1.0,0.0,,,,,0,0,0,normal
15883500,특번,2026-02-21 22:03:00,22.0,0,0,0,,0,1,0.0,1.0,0,,0,,,,,,,0,0,0,normal
16613000,특번,2026-03-16 18:56:00,18.0,0,0,0,,0,1,0.0,1.0,1,17.79,0,,,,,,,0,0,0,normal
15223000,특번,2026-11-01 09:25:00,9.0,0,0,0,,0,0,,,0,,0,,,,,,,0,0,0,normal
15888801,특번,2026-03-05 21:11:00,21.0,0,0,0,,0,1,0.0,1.0,0,,0,,,,,,,0,0,0,normal
15887270,특번,2026-02-18 11:13:00,11.0,0,0,0,,0,1,0.0,1.0,0,,1,1.0,0.0,,,,,0,0,0,normal
01046187027,010,2026-06-16 08:01:00,8.0,1,1,1,11.7,1,1,0.0,1.0,0,,1,1.0,0.0,,,,,0,0,0,normal
060104652,기타,2026-12-29 21:06:00,21.0,0,0,0,,0,1,0.0,1.0,1,1.77,0,,,,,,,0,0,0,normal
15887270,특번,2026-01-09 02:41:00,2.0,0,0,0,,0,1,0.0,1.0,0,,0,,,,,,,0,0,0,normal
15881500,특번,2026-05-06 01:01:00,1.0,0,0,0,,0,1,0.0,1.0,0,,0,,,,,,,0,0,0,normal
16888114,특번,2026-01-30 18:22:00,18.0,1,0,0,,0,1,0.0,1.0,0,,0,,,,,,,0,0,0,normal
15881111,특번,2026-01-01 21:04:00,21.0,0,0,1,39.37,0,1,0.0,1.0,1,19.9,1,1.0,0.0,,,,,0,1,0,normal
15882001,특번,2026-10-25 17:30:00,17.0,0,0,0,,0,0,,,0,,0,,,,,,,0,0,0,normal
03180219341,기타,2026-10-11 23:26:00,23.0,0,0,0,,0,1,0.0,1.0,0,,0,,,,,,,0,0,0,normal
16006200,특번,2026-07-31 19:59:00,19.0,0,0,0,,0,0,,,0,,0,,,,,,,0,0,0,normal
15885000,특번,2026-12-31 09:00:00,9.0,1,0,0,,0,1,0.0,1.0,0,,1,1.0,0.0,,,,,0,0,0,normal
01046300593,010,2026-11-17 09:02:00,9.0,0,1,1,182.66,1,1,1.0,1.0,1,7.59,0,,,,,,,0,0,0,normal
16612207,특번,2026-09-25 21:41:00,21.0,0,0,0,,0,1,0.0,1.0,0,,0,,,,,,,0,0,0,normal
16006200,특번,2026-06-25 03:52:00,3.0,0,0,0,,0,1,0.0,1.0,0,,0,,,,,,,0,0,0,normal
05014034454,기타,2026-09-04 02:19:00,2.0,1,0,0,,0,1,0.0,1.0,0,,1,1.0,0.0,,,,,0,0,0,normal
01074945583,010,2026-05-18 01:13:00,1.0,0,1,1,244.46,1,1,0.0,1.0,0,,0,,,,,,,0,0,0,normal
15991111,특번,2026-03-09 04:03:00,4.0,0,0,0,,0,1,0.0,1.0,0,,0,,,,,,,0,0,0,normal
15771000,특번,2026-02-26 16:38:00,16.0,0,0,0,,0,0,,,0,,0,,,,,,,0,0,0,normal
16612207,특번,2026-08-22 00:54:00,0.0,0,0,0,,0,0,,,0,,1,1.0,0.0,,,,,0,0,0,normal
06066515,기타,2026-02-20 22:27:00,22.0,0,0,0,,0,1,0.0,1.0,0,,0,,,,,,,0,0,0,normal
15990011,특번,2026-05-09 14:14:00,14.0,0,0,0,,0,0,,,0,,0,,,,,,,0,0,0,normal
18116688,특번,2026-08-12 02:56:00,2.0,0,0,0,,0,0,,,0,,0,,,,,,,0,0,0,normal
01036650285,010,2026-02-19 00:48:00,0.0,0,1,1,2.26,1,0,,,1,22.29,0,,,,,,,0,0,0,normal
16612207,특번,2026-10-01 17:32:00,17.0,0,0,0,,0,1,1.0,1.0,0,,1,1.0,0.0,,,,,0,0,0,normal
01043071846,010,2026-11-10 20:58:00,20.0,0,1,1,15.86,1,1,0.0,1.0,0,,1,1.0,0.0,,,,,0,0,0,normal
07058750980,070(인터넷전화),2026-04-07 05:37:00,5.0,0,0,0,,0,1,0.0,1.0,0,,0,,,,,,,0,0,0,normal
01056067148,010,2026-02-18 15:13:00,15.0,0,1,1,8.36,1,0,,,0,,0,,,,,,,0,0,0,normal
15669009,특번,2026-10-30 11:21:00,11.0,1,0,0,,0,1,0.0,1.0,0,,0,,,,,,,0,0,0,normal
15448000,특번,2026-02-25 22:38:00,22.0,0,0,1,120.06,0,0,,,0,,0,,,,,,,0,0,0,normal
01045086295,010,2026-05-19 09:01:00,9.0,1,1,1,20.44,1,1,0.0,1.0,0,,0,,,,,,,0,0,0,normal
01019397814,010,2026-09-03 01:48:00,1.0,0,1,0,,1,0,,,0,,0,,,,,,,0,0,0,normal
0423317505,기타,2026-10-02 21:10:00,21.0,0,0,0,,0,0,,,0,,1,1.0,0.0,,,,,0,0,0,normal
15991916,특번,2026-01-15 16:38:00,16.0,0,0,0,,0,1,0.0,1.0,0,,0,,,,,,,0,0,0,normal
01039330459,010,2026-11-10 18:19:00,18.0,0,1,1,120.38,1,1,0.0,1.0,0,,1,1.0,0.0,,,,,0,0,0,normal
01025731609,010,2026-08-08 06:31:00,6.0,0,1,0,,1,1,0.0,1.0,0,,0,,,,,,,0,0,0,normal
15880010,특번,2026-08-29 10:39:00,10.0,0,0,0,,0,0,,,0,,0,,,,,,,0,0,0,normal
01001414424,010,2026-10-13 15:10:00,15.0,0,1,1,202.46,1,0,,,0,,0,,,,,,,0,0,0,normal
0262752275,02(서울 유선),2026-02-10 14:56:00,14.0,1,0,0,,0,0,,,0,,0,,,,,,,0,0,0,normal
15446200,특번,2026-04-05 10:52:00,10.0,0,0,1,5.26,0,0,,,0,,1,1.0,0.0,,,,,0,0,0,normal
03015652,기타,2026-12-11 06:29:00,6.0,0,0,0,,0,0,,,0,,0,,,,,,,0,0,0,normal
07072518833,070(인터넷전화),2026-09-02 07:38:00,7.0,0,0,0,,0,1,0.0,1.0,0,,1,1.0,0.0,,,,,0,0,0,normal
16705989,특번,2026-05-14 23:57:00,23.0,1,0,0,,0,1,0.0,1.0,0,,0,,,,,,,0,0,0,normal
18116688,특번,2026-12-09 08:27:00,8.0,0,0,1,38.7,0,1,0.0,1.0,1,8.11,0,,,,,,,0,0,0,normal
15880010,특번,2026-10-11 06:08:00,6.0,1,0,0,,0,1,0.0,1.0,0,,0,,,,,,,0,0,0,normal
07086533943,070(인터넷전화),2026-03-25 22:48:00,22.0,0,0,0,,0,1,0.0,1.0,0,,0,,,,,,,0,0,0,normal
15030548,특번,2026-10-17 23:28:00,23.0,1,0,0,,0,1,0.0,1.0,0,,0,,,,,,,0,0,0,normal
15883651,특번,2026-03-25 02:55:00,2.0,1,0,1,34.1,0,0,,,0,,1,1.0,0.0,,,,,0,0,0,normal
15440010,특번,2026-03-29 05:43:00,5.0,1,0,0,,0,1,0.0,1.0,0,,0,,,,,,,0,0,0,normal
01066553559,010,2026-01-18 15:02:00,15.0,1,1,0,,1,0,,,0,,0,,,,,,,0,0,0,normal
15885000,특번,2026-11-29 06:32:00,6.0,0,0,0,,0,0,,,0,,0,,,,,,,0,0,0,normal
15998000,특번,2026-11-26 12:34:00,12.0,0,0,0,,0,0,,,0,,1,1.0,0.0,,,,,0,0,0,normal
15446399,특번,2026-07-30 12:50:00,12.0,0,0,0,,0,0,,,0,,1,1.0,0.0,,,,,0,0,0,normal
0291006689,02(서울 유선),2026-02-12 23:00:00,23.0,0,0,1,0.3,0,1,0.0,1.0,0,,1,1.0,0.0,,,,,0,0,0,normal
15664295,특번,2026-12-22 02:09:00,2.0,0,0,0,,0,0,,,0,,0,,,,,,,0,0,0,normal
03180219341,기타,2026-09-15 16:44:00,16.0,0,0,0,,0,0,,,0,,0,,,,,,,0,0,0,normal
01044651241,010,2026-06-25 18:44:00,18.0,1,1,1,6.0,1,0,,,0,,1,1.0,0.0,,,,,0,0,0,normal
15221155,특번,2026-06-16 06:44:00,6.0,1,0,0,,0,1,0.0,1.0,0,,0,,,,,,,0,0,0,normal
15440080,특번,2026-03-25 09:05:00,9.0,1,0,0,,0,1,0.0,1.0,0,,1,1.0,0.0,,,,,0,0,0,normal
01002670946,010,2026-02-20 17:47:00,17.0,0,1,0,,1,1,0.0,1.0,1,15.43,1,1.0,0.0,,,,,0,0,0,normal
0543466521,기타,2026-12-27 15:03:00,15.0,0,0,0,,0,1,0.0,1.0,0,,0,,,,,,,0,0,0,normal
15888000,특번,2026-11-13 16:13:00,16.0,0,0,0,,0,1,0.0,1.0,0,,0,,,,,,,0,0,0,normal
01011213951,010,2026-03-21 07:26:00,7.0,0,1,1,76.33,1,1,0.0,1.0,0,,1,1.0,0.0,,,,,0,0,0,normal
01007890786,010,2026-08-22 21:53:00,21.0,0,1,0,,1,0,,,0,,1,1.0,0.0,,,,,0,0,0,normal
15447758,특번,2026-05-24 12:09:00,12.0,0,0,0,,0,0,,,1,52.85,1,1.0,0.0,,,,,0,0,0,normal
07091281,070(인터넷전화),2026-05-09 06:57:00,6.0,1,0,0,,0,0,,,0,,0,,,,,,,0,0,0,normal
15999010,특번,2026-04-04 15:47:00,15.0,1,0,0,,0,1,1.0,1.0,0,,0,,,,,,,0,0,0,normal
01003555818,010,2026-02-10 16:19:00,16.0,1,1,1,351.95,1,1,0.0,0.0,0,,0,,,,,,,0,0,0,normal
15881500,특번,2026-01-29 16:14:00,16.0,1,0,1,7.71,0,1,0.0,1.0,0,,0,,,,,,,0,0,0,normal
15778000,특번,2026-07-08 18:30:00,18.0,1,0,0,,0,0,,,0,,1,1.0,0.0,,,,,0,0,0,normal
15448000,특번,2026-08-08 21:40:00,21.0,0,0,0,,0,1,0.0,1.0,0,,0,,,,,,,0,0,0,normal
15664295,특번,2026-10-08 01:43:00,1.0,1,0,0,,0,0,,,0,,1,1.0,0.0,,,,,0,0,0,normal
18997047,특번,2026-11-10 21:03:00,21.0,1,0,1,3.7,0,0,,,0,,0,,,,,,,0,0,0,normal
15888585,특번,2026-11-23 05:40:00,5.0,1,0,0,,0,1,0.0,1.0,0,,0,,,,,,,0,0,0,normal
15447758,특번,2026-12-14 13:06:00,13.0,0,0,0,,0,0,,,1,16.44,1,1.0,0.0,,,,,0,0,0,normal
15880037,특번,2026-11-20 19:49:00,19.0,0,0,0,,0,1,0.0,1.0,0,,1,1.0,0.0,,,,,0,0,0,normal
16617654,특번,2026-11-19 08:55:00,8.0,0,0,0,,0,0,,,0,,0,,,,,,,0,0,0,normal
01028476600,010,2026-12-21 14:13:00,14.0,0,1,1,297.64,1,0,,,0,,0,,,,,,,0,0,0,normal
01080573213,010,2026-10-03 08:53:00,8.0,1,1,0,,1,0,,,0,,0,,,,,,,0,0,0,normal
003728177408,00X(국제),2026-08-15 19:22:00,19.0,0,0,1,63.11,0,1,0.0,1.0,0,,0,,,,,,,1,0,0,normal
15662566,특번,2026-12-23 05:58:00,5.0,0,0,0,,0,0,,,1,20.7,0,,,,,,,0,0,0,normal
01089802714,010,2026-12-06 21:58:00,21.0,0,1,1,2.21,1,1,0.0,1.0,1,13.75,0,,,,,,,0,0,0,normal
15440080,특번,2026-08-15 21:50:00,21.0,1,0,0,,0,0,,,0,,1,1.0,0.0,,,,,0,0,0,normal
01044507296,010,2026-04-25 09:08:00,9.0,1,1,0,,1,0,,,0,,0,,,,,,,0,1,0,normal
0081035743,00X(국제),2026-03-05 14:05:00,14.0,0,0,0,,0,0,,,0,,1,1.0,0.0,,,,,1,0,0,normal
01052642599,010,2026-06-03 08:24:00,8.0,0,1,0,,1,0,,,0,,0,,,,,,,0,0,0,normal
15443000,특번,2026-10-16 05:15:00,5.0,0,0,0,,0,0,,,0,,1,1.0,0.0,,,,,0,0,0,normal
15441120,특번,2026-10-19 21:20:00,21.0,0,1,0,,0,0,,,1,1015.59,0,,,,,,,0,0,0,normal
01034481230,010,2026-06-23 11:08:00,11.0,0,1,1,11.54,1,0,,,1,886.86,0,,,,,,,0,0,0,normal
15443000,특번,2026-11-24 19:52:00,19.0,0,0,0,,0,0,,,0,,1,1.0,0.0,,,,,0,0,0,normal
16705989,특번,2026-08-31 02:28:00,2.0,0,0,1,42.41,0,0,,,0,,0,,,,,,,0,0,0,normal
15440010,특번,2026-04-30 02:02:00,2.0,0,0,0,,0,0,,,1,66.99,1,1.0,0.0,,,,,0,0,0,normal
15886565,특번,2026-10-11 03:29:00,3.0,0,0,0,,0,0,,,0,,0,,,,,,,0,0,0,normal
15880037,특번,2026-11-02 15:34:00,15.0,0,0,0,,0,0,,,0,,0,,,,,,,0,0,0,normal
15881500,특번,2026-01-27 01:41:00,1.0,0,0,0,,0,0,,,0,,0,,,,,,,0,0,0,normal
15666000,특번,2026-08-12 17:02:00,17.0,0,0,0,,0,0,,,0,,1,1.0,0.0,,,,,0,0,0,normal
01093246719,010,2026-04-23 08:38:00,8.0,0,1,1,2331.28,1,0,,,0,,0,,,,,,,0,0,0,normal
0624160113,기타,2026-10-23 20:23:00,20.0,0,0,0,,0,1,0.0,1.0,0,,0,,,,,,,0,0,0,normal
01024687220,010,2026-06-14 23:21:00,23.0,0,1,0,,1,1,0.0,1.0,0,,0,,,,,,,0,0,0,normal
16000400,특번,2026-04-13 06:07:00,6.0,0,0,0,,0,1,0.0,1.0,0,,1,1.0,0.0,,,,,0,0,0,normal
01047962625,010,2026-11-23 17:14:00,17.0,0,1,1,43.03,1,0,,,0,,0,,,,,,,0,0,0,normal
01047716828,010,2026-05-07 02:48:00,2.0,0,1,1,5.0,1,0,,,0,,0,,,,,,,0,0,0,normal
15881500,특번,2026-12-26 12:15:00,12.0,0,0,0,,0,0,,,0,,0,,,,,,,0,0,0,normal
15999000,특번,2026-08-18 05:37:00,5.0,1,0,0,,0,1,0.0,1.0,0,,0,,,,,,,0,0,0,normal
15883500,특번,2026-07-30 15:14:00,15.0,0,0,0,,0,0,,,0,,1,1.0,0.0,,,,,0,0,0,normal
15880010,특번,2026-08-06 08:13:00,8.0,0,0,0,,0,1,0.0,1.0,0,,0,,,,,,,0,0,0,normal
01078432674,010,2026-08-14 10:14:00,10.0,0,1,0,,0,0,,,0,,1,1.0,0.0,,,,,0,0,0,normal
0624160113,기타,2026-02-05 21:14:00,21.0,0,0,0,,0,0,,,0,,0,,,,,,,0,0,0,normal
15883500,특번,2026-04-16 04:27:00,4.0,0,0,0,,0,0,,,0,,1,1.0,0.0,,,,,0,0,0,normal
15991900,특번,2026-12-31 16:45:00,16.0,0,0,0,,0,0,,,0,,1,1.0,0.0,,,,,0,0,0,normal
15887270,특번,2026-07-25 18:29:00,18.0,0,0,0,,0,1,1.0,1.0,0,,0,,,,,,,0,0,0,normal
0809989897,기타,2026-04-17 18:07:00,18.0,1,0,1,12.79,0,0,,,0,,0,,,,,,,0,0,0,normal
01032624986,010,2026-08-09 18:05:00,18.0,0,1,0,,1,1,0.0,1.0,0,,0,,,,,,,0,0,0,normal
15885000,특번,2026-05-15 00:18:00,0.0,0,0,0,,0,0,,,0,,1,1.0,0.0,,,,,0,0,0,normal
15886565,특번,2026-12-20 18:48:00,18.0,0,0,0,,0,0,,,0,,1,1.0,0.0,,,,,0,0,0,normal
01079473110,010,2026-04-04 18:38:00,18.0,0,1,1,6.68,1,1,0.0,1.0,0,,0,,,,,,,0,0,0,normal
15443082,특번,2026-04-15 07:16:00,7.0,0,0,0,,0,1,0.0,1.0,0,,1,1.0,0.0,,,,,0,0,0,normal
15880037,특번,2026-05-28 09:04:00,9.0,0,0,1,75.6,0,0,,,0,,1,1.0,0.0,,,,,0,0,0,normal
01033518626,010,2026-07-08 09:22:00,9.0,0,1,1,14.85,1,1,0.0,1.0,0,,0,,,,,,,0,0,0,normal
16008585,특번,2026-04-23 00:35:00,0.0,1,0,0,,0,0,,,0,,0,,,,,,,0,0,0,normal
16000400,특번,2026-04-13 11:55:00,11.0,0,0,0,,0,0,,,1,7.37,0,,,,,,,0,0,0,normal
0704566703,070(인터넷전화),2026-11-17 16:14:00,16.0,1,0,1,302.18,0,0,,,0,,0,,,,,,,0,0,0,normal
05053244834,기타,2026-09-19 21:58:00,21.0,0,0,0,,0,0,,,1,60275.92,1,0.0,0.0,,,,,0,0,1,loan
16617654,특번,2026-05-08 08:26:00,8.0,0,0,1,221.37,0,1,0.0,1.0,0,,1,1.0,0.0,,,,,0,0,0,normal
01038736704,010,2026-04-26 11:46:00,11.0,0,1,1,174.72,1,0,,,0,,0,,,,,,,0,0,0,normal
028237718,02(서울 유선),2026-07-13 05:29:00,5.0,0,0,0,,1,1,0.0,1.0,0,,1,1.0,0.0,,,,,0,0,0,normal
0262752275,02(서울 유선),2026-04-13 01:58:00,1.0,1,0,0,,0,1,0.0,1.0,0,,0,,,,,,,0,0,0,normal
15991916,특번,2026-03-13 06:45:00,6.0,0,0,0,,0,0,,,0,,1,1.0,0.0,,,,,0,0,0,normal
15885000,특번,2026-12-15 05:51:00,5.0,0,0,0,,0,0,,,0,,1,1.0,0.0,,,,,0,0,0,normal
15441077,특번,2026-10-30 15:47:00,15.0,0,0,0,,0,1,0.0,1.0,0,,0,,,,,,,0,0,0,normal
15448527,특번,2026-01-20 03:26:00,3.0,1,0,0,,0,1,0.0,1.0,0,,0,,,,,,,0,0,0,normal
16617654,특번,2026-02-20 22:12:00,22.0,0,0,1,12.89,0,1,0.0,1.0,0,,0,,,,,,,0,0,0,normal
15443002,특번,2026-07-24 10:41:00,10.0,0,0,0,,0,0,,,0,,0,,,,,,,0,0,0,normal
15886565,특번,2026-01-14 16:39:00,16.0,1,0,1,120.46,0,0,,,0,,1,1.0,0.0,,,,,0,0,0,normal
026298294,02(서울 유선),2026-09-10 17:21:00,17.0,0,0,0,,0,0,,,1,116.4,0,,,,,,,0,0,0,normal
16663060,특번,2026-12-04 00:51:00,0.0,0,0,1,0.96,0,1,0.0,1.0,0,,1,1.0,0.0,,,,,0,0,0,normal
01045563780,010,2026-03-29 16:41:00,16.0,0,1,1,499.53,0,1,0.0,1.0,0,,0,,,,,,,0,0,0,normal
15661277,특번,2026-11-23 00:08:00,0.0,0,0,0,,0,1,0.0,1.0,0,,0,,,,,,,0,0,0,normal
15443082,특번,2026-05-21 14:42:00,14.0,0,0,0,,0,0,,,0,,0,,,,,,,0,0,0,normal
023370415,02(서울 유선),2026-09-20 16:11:00,16.0,0,0,0,,0,1,0.0,1.0,0,,0,,,,,,,0,0,0,normal
0068815571556,00X(국제),2026-10-31 05:07:00,5.0,0,0,0,,0,1,1.0,1.0,0,,1,1.0,0.0,,,,,1,0,0,normal
0211531952,02(서울 유선),2026-02-02 06:49:00,6.0,0,0,0,,0,0,,,0,,0,,,,,,,0,0,0,normal
15880010,특번,2026-12-12 12:47:00,12.0,1,0,0,,0,0,,,0,,0,,,,,,,0,0,0,normal
0624160113,기타,2026-09-24 13:02:00,13.0,0,0,0,,0,1,0.0,1.0,1,26.27,0,,,,,,,0,0,0,normal
01086878427,010,2026-12-17 13:17:00,13.0,0,1,1,0.31,1,0,,,0,,0,,,,,,,0,0,0,normal
15669009,특번,2026-11-01 00:57:00,0.0,0,0,0,,0,0,,,0,,0,,,,,,,0,0,0,normal
15443030,특번,2026-05-23 02:55:00,2.0,0,0,0,,0,0,,,0,,1,1.0,0.0,,,,,0,0,0,normal
07041121,070(인터넷전화),2026-04-06 00:47:00,0.0,0,0,0,,0,1,0.0,1.0,1,19.39,0,,,,,,,0,0,0,normal
15221000,특번,2026-04-30 16:42:00,16.0,1,0,0,,0,1,0.0,1.0,0,,0,,,,,,,0,0,0,normal
01012899151,010,2026-03-11 06:59:00,6.0,1,1,1,11.32,1,0,,,0,,1,1.0,0.0,,,,,0,0,0,normal
15887000,특번,2026-03-03 16:34:00,16.0,0,0,0,,0,0,,,0,,0,,,,,,,0,0,0,normal
15886200,특번,2026-05-06 09:40:00,9.0,1,0,0,,0,1,0.0,1.0,0,,0,,,,,,,0,0,0,normal
01089436664,010,2026-06-20 09:19:00,9.0,0,0,0,,0,0,,,1,4983.38,1,0.0,0.0,,,,,0,0,1,acquaintance
01056632624,010,2026-11-04 22:03:00,22.0,0,1,0,,1,0,,,0,,0,,,,,,,0,0,0,normal
15881900,특번,2026-05-22 09:31:00,9.0,0,0,0,,0,0,,,0,,0,,,,,,,0,0,0,normal
025611538,02(서울 유선),2026-06-10 12:06:00,12.0,0,0,0,,0,1,0.0,1.0,0,,1,1.0,0.0,,,,,0,0,0,normal
01076170613,010,2026-02-28 09:06:00,9.0,1,0,0,,0,0,,,0,,0,,,,,,,0,1,1,loan
15885000,특번,2026-06-24 15:49:00,15.0,0,0,0,,0,1,0.0,1.0,0,,0,,,,,,,0,0,0,normal
01045219092,010,2026-10-16 00:52:00,0.0,0,1,0,,1,0,,,1,12.53,0,,,,,,,0,0,0,normal
01085878734,010,2026-02-08 16:15:00,16.0,1,1,1,1.1,1,1,0.0,1.0,0,,0,,,,,,,0,0,0,normal
16004000,특번,2026-05-07 22:30:00,22.0,1,0,0,,0,1,1.0,1.0,0,,0,,,,,,,0,0,0,normal
01048129719,010,2026-07-18 09:45:00,9.0,0,1,0,,1,1,0.0,1.0,0,,0,,,,,,,0,0,0,normal
15886200,특번,2026-07-12 00:22:00,0.0,0,0,0,,0,0,,,0,,0,,,,,,,0,0,0,normal
15888000,특번,2026-12-26 19:52:00,19.0,0,0,0,,0,0,,,0,,0,,,,,,,0,0,0,normal
15883388,특번,2026-07-31 04:12:00,4.0,0,0,0,,0,1,0.0,1.0,0,,0,,,,,,,0,0,0,normal
15999010,특번,2026-01-04 07:47:00,7.0,0,0,0,,0,1,0.0,1.0,0,,0,,,,,,,0,0,0,normal
01013075626,010,2026-05-29 11:15:00,11.0,0,1,0,,1,0,,,1,7.46,1,1.0,0.0,,,,,0,0,0,normal
15448000,특번,2026-07-29 05:02:00,5.0,0,0,0,,0,0,,,0,,0,,,,,,,0,0,0,normal
01007568680,010,2026-08-03 15:45:00,15.0,1,1,0,,1,1,0.0,1.0,0,,0,,,,,,,0,0,0,normal
15880037,특번,2026-10-21 06:23:00,6.0,1,0,0,,0,0,,,0,,0,,,,,,,0,0,0,normal
01089476720,010,2026-02-01 02:57:00,2.0,0,1,0,,1,0,,,0,,0,,,,,,,0,0,0,normal
01053513834,010,2026-09-24 07:01:00,7.0,0,1,1,70.77,1,1,0.0,1.0,0,,1,1.0,0.0,,,,,0,0,0,normal
01085899818,010,2026-03-31 04:15:00,4.0,1,1,1,31.04,1,0,,,0,,0,,,,,,,0,0,0,normal
01018277347,010,2026-12-04 14:52:00,14.0,0,0,0,,1,1,0.0,1.0,0,,1,1.0,0.0,,,,,0,0,0,normal
15998500,특번,2026-10-10 14:33:00,14.0,1,0,0,,0,1,0.0,1.0,0,,0,,,,,,,0,0,0,normal
01032888070,010,2026-01-15 02:47:00,2.0,0,1,1,3.39,1,1,0.0,1.0,1,190.33,0,,,,,,,0,0,0,normal
01010596023,010,2026-06-14 11:19:00,11.0,1,1,0,,1,1,0.0,1.0,0,,1,1.0,0.0,,,,,0,0,0,normal
15883570,특번,2026-02-13 01:50:00,1.0,0,0,0,,0,1,0.0,1.0,0,,0,,,,,,,0,0,0,normal
15886565,특번,2026-02-09 23:46:00,23.0,0,0,0,,0,1,0.0,1.0,0,,1,1.0,0.0,,,,,0,0,0,normal
01068258459,010,2026-12-30 05:41:00,5.0,0,1,1,11.97,1,1,0.0,1.0,0,,0,,,,,,,0,0,0,normal
15444200,특번,2026-05-27 16:41:00,16.0,0,0,0,,0,0,,,1,28.06,0,,,,,,,0,0,0,normal
16008585,특번,2026-09-24 07:53:00,7.0,0,1,0,,0,0,,,0,,1,1.0,0.0,,,,,0,0,0,normal
15443030,특번,2026-03-18 21:38:00,21.0,0,0,0,,0,1,0.0,1.0,0,,0,,,,,,,0,0,0,normal
16617654,특번,2026-08-22 03:09:00,3.0,1,0,0,,0,1,0.0,1.0,0,,1,1.0,0.0,,,,,0,0,0,normal
15883570,특번,2026-03-08 02:41:00,2.0,1,0,1,37.62,0,1,0.0,1.0,0,,0,,,,,,,0,0,0,normal
15440010,특번,2026-10-07 07:53:00,7.0,1,0,0,,0,0,,,0,,1,1.0,0.0,,,,,0,0,0,normal
01019350805,010,2026-07-14 04:21:00,4.0,1,1,1,4.9,1,1,0.0,1.0,0,,0,,,,,,,0,0,0,normal
16008172,특번,2026-06-13 19:01:00,19.0,0,0,0,,0,0,,,0,,1,1.0,0.0,,,,,0,0,0,normal
15660123,특번,2026-02-25 17:31:00,17.0,1,0,0,,0,1,0.0,1.0,0,,1,1.0,0.0,,,,,0,0,0,normal
16004000,특번,2026-10-17 06:52:00,6.0,0,0,0,,0,1,0.0,1.0,1,343.92,1,1.0,0.0,,,,,0,0,0,normal
01075435477,010,2026-02-10 18:37:00,18.0,0,1,1,19.09,1,1,0.0,1.0,0,,0,,,,,,,0,0,0,normal
15372151,특번,2026-02-01 02:10:00,2.0,1,0,0,,0,0,,,0,,0,,,,,,,0,0,0,normal
01043788158,010,2026-03-10 13:05:00,13.0,0,1,1,1045.35,0,0,,,1,265.31,0,,,,,,,0,0,0,normal
15888000,특번,2026-09-02 14:38:00,14.0,1,0,0,,0,0,,,0,,1,1.0,0.0,,,,,0,0,0,normal
01008048088,010,2026-11-09 13:29:00,13.0,1,1,1,6.53,1,1,0.0,1.0,0,,0,,,,,,,0,0,0,normal
01098740541,010,2026-02-17 00:44:00,0.0,0,1,1,246.47,1,0,,,0,,0,,,,,,,0,0,0,normal
01050834001,010,2026-12-08 11:40:00,11.0,0,1,1,6.85,1,0,,,0,,0,,,,,,,0,0,0,normal
15998888,특번,2026-07-20 23:59:00,23.0,1,0,0,,0,0,,,0,,0,,,,,,,0,0,0,normal
01090073885,010,2026-07-07 14:27:00,14.0,0,1,1,186.35,1,1,0.0,1.0,0,,0,,,,,,,0,0,0,normal
15447758,특번,2026-04-11 20:51:00,20.0,0,1,0,,0,1,1.0,1.0,0,,0,,,,,,,0,0,0,normal
15881900,특번,2026-11-06 18:26:00,18.0,0,0,1,7.79,0,1,0.0,1.0,0,,1,1.0,0.0,,,,,0,0,0,normal
01006114022,010,2026-06-05 21:07:00,21.0,1,1,1,11.85,1,0,,,0,,0,,,,,,,0,0,0,normal
01003149982,010,2026-08-17 09:29:00,9.0,1,1,1,7.25,1,0,,,0,,1,1.0,0.0,,,,,0,0,0,normal
0605877993,기타,2026-10-15 21:47:00,21.0,0,0,0,,0,1,0.0,1.0,0,,0,,,,,,,0,0,0,normal
15999010,특번,2026-09-04 02:24:00,2.0,0,0,0,,0,0,,,0,,0,,,,,,,0,0,0,normal
15991111,특번,2026-01-26 02:37:00,2.0,1,0,0,,0,0,,,0,,0,,,,,,,0,0,0,normal
07007714976,070(인터넷전화),2026-08-01 05:36:00,5.0,0,0,0,,0,0,,,1,26.4,1,1.0,0.0,,,,,0,0,0,normal
16449999,특번,2026-06-13 17:49:00,17.0,0,0,0,,0,0,,,1,49.79,1,1.0,0.0,,,,,0,0,0,normal
15446200,특번,2026-12-04 04:30:00,4.0,1,0,1,25.8,0,1,0.0,1.0,0,,0,,,,,,,0,0,0,normal
15446200,특번,2026-10-14 02:11:00,2.0,0,0,1,24.72,0,0,,,0,,0,,,,,,,0,0,0,normal
01008583755,010,2026-05-11 12:11:00,12.0,1,1,1,82.47,1,0,,,0,,0,,,,,,,0,0,0,normal
16449999,특번,2026-04-20 08:15:00,8.0,1,0,0,,1,1,0.0,1.0,0,,0,,,,,,,0,0,0,normal
15990011,특번,2026-09-30 09:44:00,9.0,0,0,0,,0,1,0.0,1.0,0,,0,,,,,,,0,0,0,normal
0624160113,기타,2026-11-03 06:28:00,6.0,0,0,0,,0,0,,,1,125.97,0,,,,,,,0,0,0,normal
01071280619,010,2026-01-26 15:41:00,15.0,0,1,0,,1,0,,,0,,0,,,,,,,0,0,0,normal
16008172,특번,2026-03-11 19:36:00,19.0,0,0,1,7.23,0,0,,,0,,0,,,,,,,0,0,0,normal
01035881215,010,2026-09-30 10:39:00,10.0,1,0,1,120.33,1,1,1.0,1.0,0,,0,,,,,,,0,0,0,normal
023370415,02(서울 유선),2026-12-25 08:43:00,8.0,0,0,0,,1,1,0.0,1.0,0,,1,1.0,0.0,,,,,0,0,0,normal
01053269496,010,2026-07-27 19:46:00,19.0,0,1,1,0.17,1,0,,,0,,1,1.0,0.0,,,,,0,0,0,normal
025224066,02(서울 유선),2026-11-02 23:32:00,23.0,0,0,0,,0,1,0.0,1.0,0,,0,,,,,,,0,0,0,normal
01043260322,010,2026-04-20 04:33:00,4.0,1,1,1,85.46,1,0,,,0,,0,,,,,,,0,0,0,normal
01088485200,010,2026-07-08 08:56:00,8.0,0,1,0,,1,1,1.0,1.0,0,,0,,,,,,,0,0,0,normal
15881515,특번,2026-01-12 19:27:00,19.0,0,0,0,,0,1,0.0,1.0,0,,0,,,,,,,0,0,0,normal
01022097646,010,2026-09-22 09:23:00,9.0,0,1,1,46.2,1,0,,,0,,1,1.0,0.0,,,,,0,0,0,normal
15990903,특번,2026-10-05 16:40:00,16.0,0,0,0,,0,0,,,0,,0,,,,,,,0,0,0,normal
01098983065,010,2026-02-04 22:29:00,22.0,1,1,1,19.61,1,1,1.0,1.0,0,,0,,,,,,,0,0,0,normal
01037475580,010,2026-05-24 12:18:00,12.0,0,1,1,61.22,1,1,0.0,1.0,0,,0,,,,,,,0,0,0,normal
16445425,특번,2026-10-23 17:27:00,17.0,0,0,0,,0,1,0.0,1.0,0,,0,,,,,,,0,0,0,normal
15665050,특번,2026-03-18 21:54:00,21.0,0,0,0,,0,0,,,0,,0,,,,,,,0,0,0,normal
15443800,특번,2026-09-05 18:55:00,18.0,0,0,0,,1,0,,,0,,0,,,,,,,0,0,0,normal
15885050,특번,2026-06-19 21:05:00,21.0,0,0,0,,0,0,,,0,,0,,,,,,,0,0,0,normal
16449999,특번,2026-05-01 10:34:00,10.0,0,0,0,,0,1,0.0,1.0,0,,1,1.0,0.0,,,,,0,0,0,normal
15444200,특번,2026-02-24 08:05:00,8.0,1,0,0,,0,1,0.0,1.0,0,,0,,,,,,,0,0,0,normal
01028499390,010,2026-05-12 11:40:00,11.0,0,1,1,103.47,1,1,0.0,1.0,0,,0,,,,,,,0,0,0,normal
15991916,특번,2026-01-10 20:49:00,20.0,0,0,0,,0,1,0.0,1.0,0,,0,,,,,,,0,0,0,normal
15440080,특번,2026-02-17 17:13:00,17.0,0,0,0,,0,0,,,0,,0,,,,,,,0,0,0,normal
15888585,특번,2026-09-16 08:48:00,8.0,0,0,0,,0,1,0.0,1.0,0,,0,,,,,,,0,0,0,normal
15221704,특번,2026-04-14 10:30:00,10.0,0,0,0,,0,0,,,0,,1,1.0,0.0,,,,,0,0,0,normal
15665050,특번,2026-03-11 11:33:00,11.0,0,0,0,,0,0,,,1,70.13,0,,,,,,,0,0,0,normal
01043370736,010,2026-12-08 23:12:00,23.0,0,1,1,182.67,1,0,,,0,,1,1.0,0.0,,,,,0,0,0,normal
16663060,특번,2026-04-17 15:53:00,15.0,0,0,0,,0,0,,,0,,1,1.0,0.0,,,,,0,0,0,normal
15035630,특번,2026-05-28 20:07:00,20.0,1,0,0,,0,1,0.0,1.0,0,,0,,,,,,,0,0,0,normal
15777011,특번,2026-01-05 10:56:00,10.0,1,1,0,,0,0,,,0,,0,,,,,,,0,0,0,normal
080373898,기타,2026-12-08 07:47:00,7.0,1,0,0,,0,1,0.0,1.0,0,,1,1.0,0.0,,,,,0,0,0,normal
15773419,특번,2026-04-28 18:22:00,18.0,0,0,0,,0,0,,,0,,0,,,,,,,0,0,0,normal
01023622033,010,2026-08-14 18:07:00,18.0,0,1,1,3.72,1,1,0.0,1.0,0,,0,,,,,,,0,0,0,normal
15440080,특번,2026-08-19 05:59:00,5.0,0,0,0,,0,1,0.0,1.0,1,30.98,0,,,,,,,0,0,0,normal
15884477,특번,2026-05-06 15:27:00,15.0,0,0,0,,0,1,0.0,1.0,0,,1,1.0,0.0,,,,,0,0,0,normal
0624160113,기타,2026-08-07 11:57:00,11.0,1,0,0,,0,1,0.0,1.0,0,,1,1.0,0.0,,,,,0,0,0,normal
15777011,특번,2026-08-27 09:16:00,9.0,0,0,0,,0,1,0.0,1.0,0,,1,1.0,0.0,,,,,0,0,0,normal
15881599,특번,2026-08-11 15:22:00,15.0,0,0,0,,0,0,,,0,,0,,,,,,,0,0,0,normal
01029774443,010,2026-06-15 22:51:00,22.0,1,1,1,1.62,0,0,,,0,,0,,,,,,,0,0,0,normal
01010072040,010,2026-08-14 23:51:00,23.0,0,0,0,,0,1,0.0,1.0,0,,0,,,,,,,0,1,0,normal
16445425,특번,2026-12-29 03:22:00,3.0,0,0,0,,0,1,0.0,1.0,0,,0,,,,,,,0,0,0,normal
01042050240,010,2026-01-04 18:24:00,18.0,0,1,0,,1,0,,,0,,1,1.0,0.0,,,,,0,0,0,normal
01014185940,010,2026-02-12 00:20:00,0.0,0,1,1,24.78,1,0,,,0,,0,,,,,,,0,0,0,normal
01009906998,010,2026-03-24 18:18:00,18.0,0,1,1,1.62,1,1,1.0,1.0,1,12.83,1,1.0,0.0,,,,,0,0,0,normal
15221155,특번,2026-12-08 22:10:00,22.0,0,0,0,,0,1,0.0,1.0,0,,0,,,,,,,0,0,0,normal
15888000,특번,2026-09-10 16:01:00,16.0,0,1,0,,0,0,,,0,,0,,,,,,,0,0,0,normal
15998888,특번,2026-09-03 15:10:00,15.0,0,0,0,,0,0,,,0,,0,,,,,,,0,0,0,normal
01048156985,010,2026-11-27 01:19:00,1.0,1,1,1,16.15,1,0,,,0,,1,1.0,0.0,,,,,0,0,0,normal
01093132940,010,2026-07-07 16:37:00,16.0,0,0,1,11405.81,0,1,1.0,0.0,1,6471.26,1,0.0,1.0,,,,,0,1,1,institution
027489883,02(서울 유선),2026-06-25 17:26:00,17.0,0,0,1,194.06,0,0,,,0,,0,,,,,,,0,0,0,normal
01084538129,010,2026-04-01 21:17:00,21.0,1,1,0,,1,0,,,0,,0,,,,,,,0,0,0,normal
01003946408,010,2026-06-16 21:55:00,21.0,0,1,1,0.53,0,0,,,0,,1,1.0,0.0,,,,,0,0,0,normal
01019705466,010,2026-04-04 22:09:00,22.0,0,1,1,0.7,1,1,0.0,1.0,0,,1,1.0,0.0,,,,,0,0,0,normal
028121727,02(서울 유선),2026-03-05 22:15:00,22.0,1,0,0,,0,0,,,0,,0,,,,,,,0,0,0,normal
0700214210,070(인터넷전화),2026-10-02 16:56:00,16.0,0,0,1,5.02,0,0,,,0,,0,,,,,,,0,0,0,normal
01027590826,010,2026-01-14 11:57:00,11.0,0,1,1,95.19,1,0,,,0,,0,,,,,,,0,0,0,normal
15778000,특번,2026-05-08 00:05:00,0.0,0,0,0,,0,1,0.0,1.0,0,,0,,,,,,,0,0,0,normal
15998500,특번,2026-10-08 23:34:00,23.0,0,1,0,,0,1,0.0,1.0,0,,0,,,,,,,0,0,0,normal
15886200,특번,2026-08-24 01:22:00,1.0,0,0,0,,0,1,0.0,1.0,0,,0,,,,,,,0,0,0,normal
01064847739,010,2026-05-03 03:35:00,3.0,0,1,0,,1,0,,,1,34.49,0,,,,,,,0,0,0,normal
16004000,특번,2026-10-16 18:27:00,18.0,0,0,0,,0,1,0.0,1.0,0,,0,,,,,,,0,0,0,normal
16706250,특번,2026-05-23 07:05:00,7.0,0,0,0,,0,1,0.0,1.0,0,,1,1.0,0.0,,,,,0,0,0,normal
01023115411,010,2026-03-24 16:18:00,16.0,0,1,1,3.82,1,0,,,0,,0,,,,,,,0,0,0,normal
15440080,특번,2026-01-01 07:16:00,7.0,0,0,0,,0,0,,,1,9.5,0,,,,,,,0,0,0,normal
01053467099,010,2026-11-19 23:46:00,23.0,1,1,1,4.3,1,1,0.0,1.0,0,,0,,,,,,,0,0,0,normal
15883651,특번,2026-10-27 04:59:00,4.0,0,0,0,,0,0,,,1,11.32,1,1.0,0.0,,,,,0,0,0,normal
15880037,특번,2026-04-06 04:12:00,4.0,0,1,0,,0,1,0.0,1.0,1,60.81,0,,,,,,,0,0,0,normal
01088970604,010,2026-07-14 13:58:00,13.0,0,1,0,,1,0,,,0,,0,,,,,,,0,0,0,normal
15443002,특번,2026-04-27 10:02:00,10.0,0,0,1,201.71,0,0,,,0,,0,,,,,,,0,0,0,normal
16449999,특번,2026-06-11 09:38:00,9.0,0,0,0,,0,0,,,0,,0,,,,,,,0,0,0,normal
0702070771,070(인터넷전화),2026-06-18 09:05:00,9.0,1,0,0,,0,1,0.0,1.0,0,,0,,,,,,,0,0,0,normal
16006200,특번,2026-05-11 07:34:00,7.0,1,0,0,,0,0,,,0,,0,,,,,,,0,0,0,normal
15889999,특번,2026-07-13 18:17:00,18.0,0,0,0,,0,0,,,0,,0,,,,,,,0,0,0,normal
01052340211,010,2026-02-14 01:56:00,1.0,0,1,1,930.92,1,0,,,0,,1,1.0,0.0,,,,,0,0,0,normal
01013341812,010,2026-03-14 02:09:00,2.0,1,1,0,,1,0,,,0,,0,,,,,,,0,0,0,normal
01062443677,010,2026-01-03 06:11:00,6.0,1,1,1,84.08,1,1,0.0,1.0,0,,0,,,,,,,0,0,0,normal
15880037,특번,2026-06-05 21:45:00,21.0,0,0,1,80.19,0,0,,,0,,0,,,,,,,0,0,0,normal
03098386,기타,2026-12-20 15:11:00,15.0,0,0,0,,0,0,,,1,41142.17,1,0.0,0.0,,,,,0,0,1,loan
01036917423,010,2026-02-08 14:31:00,14.0,1,1,0,,1,0,,,0,,1,1.0,0.0,,,,,0,0,0,normal
15440010,특번,2026-08-22 03:21:00,3.0,0,0,0,,1,1,0.0,1.0,0,,1,1.0,0.0,,,,,0,0,0,normal
01070445542,010,2026-06-28 22:31:00,22.0,0,0,1,10.36,1,1,0.0,1.0,1,96.84,0,,,,,,,0,0,0,normal
01074473098,010,2026-03-16 05:16:00,5.0,0,1,0,,1,0,,,1,16.45,0,,,,,,,0,0,0,normal
16888114,특번,2026-08-04 19:43:00,19.0,0,0,0,,0,0,,,1,4.5,1,1.0,0.0,,,,,0,0,0,normal
15881900,특번,2026-10-19 10:12:00,10.0,0,0,0,,0,0,,,0,,1,1.0,0.0,,,,,0,0,0,normal
15886565,특번,2026-01-30 05:10:00,5.0,0,0,0,,0,1,1.0,1.0,0,,1,1.0,0.0,,,,,0,0,0,normal
01005096399,010,2026-07-09 11:58:00,11.0,0,1,1,90.25,1,1,0.0,1.0,0,,1,1.0,0.0,,,,,0,0,0,normal
01053405242,010,2026-11-06 02:10:00,2.0,1,1,1,336.69,0,0,,,0,,0,,,,,,,0,0,0,normal
01053666802,010,2026-08-12 06:56:00,6.0,0,1,1,23.9,1,1,0.0,1.0,0,,0,,,,,,,0,0,0,normal
15881500,특번,2026-10-21 21:10:00,21.0,0,0,0,,0,1,0.0,1.0,0,,0,,,,,,,0,0,0,normal
15887270,특번,2026-06-05 13:26:00,13.0,1,0,1,27.92,0,0,,,0,,0,,,,,,,0,0,0,normal
15881500,특번,2026-06-18 14:21:00,14.0,1,0,0,,0,0,,,0,,1,1.0,0.0,,,,,0,0,0,normal
15883570,특번,2026-06-03 15:55:00,15.0,0,0,0,,0,1,0.0,1.0,0,,1,1.0,0.0,,,,,0,0,0,normal
16663060,특번,2026-05-26 01:55:00,1.0,1,0,0,,0,0,,,0,,0,,,,,,,0,0,0,normal
16617654,특번,2026-01-07 05:26:00,5.0,0,0,0,,0,1,0.0,1.0,0,,0,,,,,,,0,0,0,normal
15887270,특번,2026-10-27 20:09:00,20.0,0,0,0,,0,0,,,0,,0,,,,,,,0,0,0,normal
15993333,특번,2026-10-25 17:05:00,17.0,0,0,0,,0,0,,,0,,0,,,,,,,0,0,0,normal
15888377,특번,2026-12-20 19:27:00,19.0,1,0,1,68.13,0,0,,,0,,0,,,,,,,0,0,0,normal
01004208418,010,2026-05-17 03:29:00,3.0,0,1,1,2.54,1,0,,,0,,0,,,,,,,0,0,0,normal
15221000,특번,2026-07-31 09:09:00,9.0,1,0,1,8.62,0,0,,,0,,0,,,,,,,0,0,0,normal
16612207,특번,2026-02-16 09:56:00,9.0,0,0,0,,0,0,,,0,,0,,,,,,,0,0,0,normal
0624160113,기타,2026-06-19 07:56:00,7.0,1,0,0,,0,1,1.0,1.0,0,,0,,,,,,,0,0,0,normal
01005577848,010,2026-11-20 22:13:00,22.0,0,1,1,1.8,1,0,,,0,,0,,,,,,,0,0,0,normal
15223000,특번,2026-08-13 09:44:00,9.0,0,0,1,4.93,0,1,0.0,1.0,0,,0,,,,,,,0,1,0,normal
01023696269,010,2026-01-13 15:35:00,15.0,0,1,1,3.07,1,1,1.0,1.0,0,,1,1.0,0.0,,,,,0,1,0,normal
15443000,특번,2026-09-26 04:12:00,4.0,0,0,0,,0,0,,,0,,0,,,,,,,0,0,0,normal
15885000,특번,2026-02-03 21:21:00,21.0,1,0,0,,0,0,,,0,,0,,,,,,,0,1,0,normal
16066626,특번,2026-12-11 13:19:00,13.0,1,0,0,,0,0,,,0,,0,,,,,,,0,0,0,normal
15888585,특번,2026-07-29 19:01:00,19.0,0,0,0,,0,1,0.0,1.0,0,,0,,,,,,,0,0,0,normal
15440080,특번,2026-02-18 16:05:00,16.0,0,0,0,,0,1,0.0,1.0,0,,0,,,,,,,0,0,0,normal
15778000,특번,2026-04-03 15:06:00,15.0,1,0,0,,0,1,0.0,1.0,0,,0,,,,,,,0,0,0,normal
15991111,특번,2026-04-16 13:01:00,13.0,0,0,0,,0,0,,,1,4.7,1,1.0,0.0,,,,,0,0,0,normal
01059682890,010,2026-03-12 21:45:00,21.0,1,1,0,,0,0,,,0,,0,,,,,,,0,0,0,normal
16663060,특번,2026-03-02 00:23:00,0.0,1,0,0,,0,1,0.0,1.0,0,,0,,,,,,,0,0,0,normal
15998888,특번,2026-09-16 10:48:00,10.0,1,0,0,,0,0,,,0,,0,,,,,,,0,0,0,normal
15880037,특번,2026-11-04 05:22:00,5.0,1,0,0,,0,0,,,0,,0,,,,,,,0,0,0,normal
15223000,특번,2026-12-31 13:26:00,13.0,1,0,0,,0,1,0.0,1.0,0,,1,1.0,0.0,,,,,0,0,0,normal
01013037097,010,2026-03-15 19:04:00,19.0,0,1,1,15.55,1,0,,,0,,1,1.0,0.0,,,,,0,0,0,normal
16663060,특번,2026-12-14 12:45:00,12.0,0,0,0,,0,1,0.0,1.0,0,,0,,,,,,,0,0,0,normal
01007327619,010,2026-01-30 16:38:00,16.0,0,1,1,2.91,0,1,0.0,1.0,1,63.63,0,,,,,,,0,0,0,normal
01081826954,010,2026-01-15 03:16:00,3.0,0,1,0,,0,0,,,0,,1,1.0,0.0,,,,,0,0,0,normal
15886200,특번,2026-11-01 21:33:00,21.0,0,0,0,,0,0,,,0,,0,,,,,,,0,0,0,normal
16004000,특번,2026-08-09 14:27:00,14.0,0,0,0,,0,1,0.0,1.0,0,,0,,,,,,,0,0,0,normal
15223000,특번,2026-05-06 13:59:00,13.0,1,0,0,,0,0,,,0,,0,,,,,,,0,0,0,normal
15443800,특번,2026-06-28 06:42:00,6.0,0,0,0,,0,1,0.0,1.0,0,,0,,,,,,,0,0,0,normal
15999010,특번,2026-06-11 03:14:00,3.0,0,0,1,16.14,0,0,,,0,,0,,,,,,,0,0,0,normal
16888114,특번,2026-05-09 19:53:00,19.0,1,0,0,,0,1,0.0,1.0,0,,0,,,,,,,0,0,0,normal
15223000,특번,2026-09-11 19:56:00,19.0,1,0,0,,0,1,0.0,1.0,0,,0,,,,,,,0,0,0,normal
15880037,특번,2026-01-24 13:07:00,13.0,0,0,0,,0,1,0.0,1.0,0,,0,,,,,,,0,0,0,normal
15999010,특번,2026-11-06 17:25:00,17.0,1,0,0,,0,0,,,0,,1,1.0,0.0,,,,,0,0,0,normal
15443002,특번,2026-03-24 03:28:00,3.0,1,0,0,,0,1,0.0,1.0,0,,0,,,,,,,0,0,0,normal
01084858052,010,2026-10-18 18:59:00,18.0,0,1,1,0.9,1,0,,,0,,0,,,,,,,0,0,0,normal
16613000,특번,2026-03-28 11:38:00,11.0,0,0,0,,1,0,,,0,,0,,,,,,,0,0,0,normal
15441120,특번,2026-09-21 23:21:00,23.0,0,0,0,,0,1,0.0,1.0,0,,0,,,,,,,0,0,0,normal
01062204377,010,2026-04-01 22:59:00,22.0,0,1,1,36.86,1,1,0.0,1.0,0,,0,,,,,,,0,0,0,normal
15991900,특번,2026-03-29 22:24:00,22.0,1,0,0,,0,0,,,0,,0,,,,,,,0,0,0,normal
16612207,특번,2026-06-23 18:24:00,18.0,0,0,0,,0,0,,,0,,0,,,,,,,0,0,0,normal
029391627,02(서울 유선),2026-01-26 00:49:00,0.0,0,0,1,80.3,0,0,,,0,,1,1.0,0.0,,,,,0,0,0,normal
15440010,특번,2026-04-28 18:50:00,18.0,1,0,0,,0,0,,,0,,0,,,,,,,0,0,0,normal
16888114,특번,2026-10-13 03:29:00,3.0,0,0,0,,0,0,,,0,,0,,,,,,,0,0,0,normal
0808221416,기타,2026-02-14 21:58:00,21.0,0,0,0,,0,0,,,0,,1,1.0,0.0,,,,,0,0,0,normal
01068159474,010,2026-11-30 12:06:00,12.0,1,1,1,128.28,1,0,,,0,,1,1.0,0.0,,,,,0,0,0,normal
01092250142,010,2026-09-10 00:34:00,0.0,0,1,1,547.85,1,1,0.0,1.0,0,,1,1.0,0.0,,,,,0,0,0,normal
15999999,특번,2026-06-29 04:46:00,4.0,0,0,0,,0,0,,,1,637.36,1,1.0,0.0,,,,,0,0,0,normal
15885000,특번,2026-08-08 12:30:00,12.0,0,0,1,3.72,0,0,,,0,,0,,,,,,,0,0,0,normal
01092268687,010,2026-01-19 15:58:00,15.0,0,1,0,,1,0,,,0,,0,,,,,,,0,0,0,normal
15888377,특번,2026-10-01 07:14:00,7.0,0,1,0,,0,0,,,0,,0,,,,,,,0,0,0,normal
07007167148,070(인터넷전화),2026-09-19 15:20:00,15.0,0,0,0,,0,1,0.0,0.0,0,,1,1.0,0.0,,,,,0,0,0,normal
070819403,070(인터넷전화),2026-05-28 17:49:00,17.0,0,0,0,,0,0,,,0,,1,1.0,0.0,,,,,0,0,0,normal
16004000,특번,2026-06-17 20:28:00,20.0,0,0,0,,0,1,0.0,1.0,0,,1,1.0,0.0,,,,,0,0,0,normal
01023832270,010,2026-08-16 07:51:00,7.0,0,1,1,78.11,1,1,0.0,1.0,0,,1,1.0,0.0,,,,,0,0,0,normal
15446200,특번,2026-04-05 04:59:00,4.0,0,1,0,,0,0,,,0,,1,1.0,0.0,,,,,0,0,0,normal
15885050,특번,2026-07-16 19:32:00,19.0,0,0,0,,0,1,0.0,1.0,0,,0,,,,,,,0,0,0,normal
15881900,특번,2026-04-26 04:08:00,4.0,0,0,1,59.44,0,1,0.0,1.0,0,,1,1.0,0.0,,,,,0,0,0,normal
15885050,특번,2026-03-24 01:28:00,1.0,0,0,0,,0,0,,,0,,1,1.0,0.0,,,,,0,0,0,normal
0624160113,기타,2026-05-22 11:33:00,11.0,0,0,0,,0,0,,,0,,1,1.0,0.0,,,,,0,0,0,normal
01062265676,010,2026-10-01 12:52:00,12.0,0,1,1,1376.7,0,1,0.0,1.0,1,33.36,0,,,,,,,0,0,0,normal
15886565,특번,2026-06-06 15:59:00,15.0,1,0,0,,0,1,0.0,1.0,0,,1,1.0,0.0,,,,,0,0,0,normal
15999000,특번,2026-09-02 00:42:00,0.0,1,0,0,,0,1,0.0,1.0,0,,0,,,,,,,0,0,0,normal
15888801,특번,2026-05-19 22:40:00,22.0,0,0,0,,0,0,,,1,7.39,0,,,,,,,0,0,0,normal
01000953855,010,2026-12-17 18:28:00,18.0,1,1,0,,1,1,0.0,1.0,0,,0,,,,,,,0,0,0,normal
16008585,특번,2026-05-07 18:35:00,18.0,0,0,1,42.6,0,0,,,1,2.99,0,,,,,,,0,0,0,normal
15221704,특번,2026-07-23 11:26:00,11.0,1,0,0,,0,1,0.0,1.0,0,,0,,,,,,,0,0,0,normal
15446200,특번,2026-01-16 11:20:00,11.0,0,0,0,,0,1,1.0,1.0,0,,1,1.0,0.0,,,,,0,0,0,normal
18997047,특번,2026-04-09 16:46:00,16.0,0,0,0,,0,1,0.0,1.0,0,,1,1.0,0.0,,,,,0,0,0,normal
15440080,특번,2026-02-28 05:56:00,5.0,1,0,0,,0,0,,,0,,0,,,,,,,0,0,0,normal
15886565,특번,2026-04-13 11:54:00,11.0,1,0,0,,0,1,0.0,1.0,0,,1,1.0,0.0,,,,,0,0,0,normal
15664295,특번,2026-12-22 13:52:00,13.0,0,0,0,,0,1,0.0,1.0,1,128.11,0,,,,,,,0,0,0,normal
15447758,특번,2026-06-17 12:52:00,12.0,0,0,0,,0,0,,,1,3.45,0,,,,,,,0,0,0,normal
023370415,02(서울 유선),2026-09-06 12:22:00,12.0,0,0,0,,0,1,0.0,1.0,1,213.61,0,,,,,,,0,0,0,normal
15666000,특번,2026-03-25 13:06:00,13.0,0,0,0,,0,0,,,0,,0,,,,,,,0,0,0,normal
16888114,특번,2026-09-15 02:30:00,2.0,0,0,0,,0,0,,,0,,0,,,,,,,0,0,0,normal
15881900,특번,2026-03-22 10:51:00,10.0,0,0,0,,0,1,0.0,1.0,0,,1,1.0,0.0,,,,,0,0,0,normal
15881500,특번,2026-09-12 03:01:00,3.0,1,0,0,,0,0,,,0,,1,1.0,0.0,,,,,0,0,0,normal
01023355885,010,2026-11-28 17:07:00,17.0,1,1,1,25.65,1,1,0.0,1.0,0,,0,,,,,,,0,0,0,normal
15991111,특번,2026-03-12 06:00:00,6.0,1,0,1,44.17,0,1,0.0,1.0,0,,0,,,,,,,0,0,0,normal
15223000,특번,2026-06-18 17:34:00,17.0,1,0,0,,0,0,,,0,,0,,,,,,,0,0,0,normal
16000400,특번,2026-03-02 06:26:00,6.0,0,0,1,15.17,0,0,,,0,,0,,,,,,,0,0,0,normal
15883388,특번,2026-07-07 00:58:00,0.0,0,0,0,,0,0,,,0,,0,,,,,,,0,0,0,normal
16008172,특번,2026-03-09 13:20:00,13.0,0,0,0,,0,1,0.0,1.0,0,,1,1.0,0.0,,,,,0,0,0,normal
15993333,특번,2026-05-18 23:10:00,23.0,1,0,0,,0,1,0.0,1.0,0,,1,1.0,0.0,,,,,0,0,0,normal
01035385824,010,2026-01-10 09:27:00,9.0,0,0,1,13.33,1,0,,,0,,1,1.0,0.0,,,,,0,0,0,normal
01028986061,010,2026-02-05 07:05:00,7.0,0,1,1,46.53,1,1,1.0,1.0,1,76.1,0,,,,,,,0,0,0,normal
18116688,특번,2026-03-28 18:08:00,18.0,0,0,0,,0,0,,,1,43.02,1,1.0,0.0,,,,,0,0,0,normal
15993333,특번,2026-11-09 14:17:00,14.0,0,0,1,8.65,0,1,0.0,1.0,0,,0,,,,,,,0,0,0,normal
01020224175,010,2026-10-18 19:19:00,19.0,0,1,1,33.62,1,0,,,0,,0,,,,,,,0,0,0,normal
16617654,특번,2026-08-19 23:07:00,23.0,0,0,0,,0,0,,,0,,0,,,,,,,0,0,0,normal
15443000,특번,2026-11-29 07:12:00,7.0,1,0,0,,0,0,,,0,,0,,,,,,,0,0,0,normal
01063560229,010,2026-06-29 06:11:00,6.0,0,1,1,57.85,1,0,,,0,,0,,,,,,,0,0,0,normal
15440080,특번,2026-01-03 00:04:00,0.0,0,0,0,,0,0,,,0,,1,1.0,0.0,,,,,0,0,0,normal
15887000,특번,2026-03-18 15:07:00,15.0,1,0,0,,0,0,,,0,,0,,,,,,,0,0,0,normal
024364255,02(서울 유선),2026-01-06 21:51:00,21.0,1,0,0,,0,0,,,0,,0,,,,,,,0,0,0,normal
01031983924,010,2026-08-02 05:39:00,5.0,0,1,0,,1,0,,,0,,0,,,,,,,0,0,0,normal
15886565,특번,2026-05-31 04:50:00,4.0,0,0,0,,0,0,,,0,,0,,,,,,,0,0,0,normal
01073156726,010,2026-02-20 03:25:00,3.0,0,1,1,30.45,1,1,0.0,1.0,0,,0,,,,,,,0,0,0,normal
01084171594,010,2026-12-01 13:41:00,13.0,0,1,1,26.95,1,0,,,0,,1,1.0,0.0,,,,,0,0,0,normal
070891982,070(인터넷전화),2026-12-24 04:46:00,4.0,0,0,0,,0,0,,,0,,1,1.0,0.0,,,,,0,0,0,normal
18116688,특번,2026-05-10 13:46:00,13.0,0,0,0,,0,0,,,0,,0,,,,,,,0,0,0,normal
01001618030,010,2026-06-06 16:42:00,16.0,0,1,1,29.69,1,0,,,0,,0,,,,,,,0,0,0,normal
15443002,특번,2026-08-30 17:23:00,17.0,0,0,0,,0,1,1.0,1.0,0,,1,1.0,0.0,,,,,0,0,0,normal
15888377,특번,2026-10-14 03:57:00,3.0,1,0,1,284.19,0,0,,,0,,1,1.0,0.0,,,,,0,0,0,normal
15880037,특번,2026-10-25 11:33:00,11.0,0,0,0,,0,1,0.0,1.0,0,,1,1.0,0.0,,,,,0,0,0,normal
15884477,특번,2026-08-11 17:23:00,17.0,0,0,0,,0,0,,,0,,0,,,,,,,0,0,0,normal
15886200,특번,2026-08-12 07:30:00,7.0,1,0,0,,0,1,0.0,1.0,0,,0,,,,,,,0,0,0,normal
15889999,특번,2026-06-19 00:18:00,0.0,0,0,0,,0,1,0.0,1.0,0,,1,1.0,0.0,,,,,0,0,0,normal
16449999,특번,2026-07-05 18:40:00,18.0,0,0,0,,0,0,,,0,,0,,,,,,,0,0,0,normal
15446200,특번,2026-07-12 03:24:00,3.0,0,0,0,,0,1,0.0,1.0,1,74.72,0,,,,,,,0,0,0,normal
15887000,특번,2026-02-18 14:37:00,14.0,0,0,0,,0,0,,,0,,0,,,,,,,0,0,0,normal
01037691081,010,2026-03-12 20:24:00,20.0,1,1,1,0.26,1,1,1.0,1.0,0,,1,1.0,0.0,,,,,0,0,0,normal
16008585,특번,2026-05-08 19:35:00,19.0,0,0,0,,0,0,,,0,,0,,,,,,,0,0,0,normal
01066264377,010,2026-02-23 16:53:00,16.0,1,1,0,,0,0,,,0,,1,1.0,0.0,,,,,0,0,0,normal
15441120,특번,2026-10-20 12:40:00,12.0,0,0,0,,0,1,0.0,1.0,0,,1,1.0,0.0,,,,,0,0,0,normal
18826310,특번,2026-10-23 14:10:00,14.0,1,0,0,,0,1,0.0,1.0,0,,1,1.0,0.0,,,,,0,0,0,normal
18617568,특번,2026-11-11 13:20:00,13.0,0,0,0,,0,0,,,0,,0,,,,,,,0,0,0,normal
15999010,특번,2026-10-26 00:11:00,0.0,0,0,1,0.67,0,1,0.0,1.0,0,,0,,,,,,,0,0,0,normal
15443000,특번,2026-08-11 18:17:00,18.0,0,0,0,,0,1,0.0,1.0,1,1.95,1,1.0,0.0,,,,,0,0,0,normal
01066035623,010,2026-03-20 09:21:00,9.0,0,0,0,,0,1,1.0,0.0,1,2088.45,1,0.0,0.0,,,,,0,0,1,acquaintance
18000678,특번,2026-11-20 05:31:00,5.0,0,0,0,,0,0,,,0,,0,,,,,,,0,0,0,normal
15440080,특번,2026-09-28 18:06:00,18.0,0,0,1,72.7,0,0,,,0,,0,,,,,,,0,0,0,normal
15443030,특번,2026-06-10 11:18:00,11.0,0,0,1,3.44,0,0,,,1,0.35,0,,,,,,,0,0,0,normal
01031995298,010,2026-01-15 12:07:00,12.0,1,1,0,,1,1,0.0,1.0,0,,1,1.0,0.0,,,,,0,0,0,normal
16613000,특번,2026-07-28 11:09:00,11.0,1,0,0,,0,1,0.0,1.0,0,,0,,,,,,,0,0,0,normal
01003917026,010,2026-05-22 17:12:00,17.0,1,1,1,433.49,1,1,0.0,1.0,0,,0,,,,,,,0,0,0,normal
01002346791,010,2026-05-01 23:15:00,23.0,0,1,1,7.09,1,1,0.0,1.0,1,32.15,0,,,,,,,0,0,0,normal
07053764,070(인터넷전화),2026-04-07 03:04:00,3.0,0,0,0,,0,0,,,0,,0,,,,,,,0,0,0,normal
01015434491,010,2026-12-25 07:26:00,7.0,0,1,1,221.93,1,0,,,0,,1,1.0,0.0,,,,,0,0,0,normal
15664295,특번,2026-02-27 23:19:00,23.0,0,0,0,,0,1,0.0,1.0,0,,0,,,,,,,0,0,0,normal
0808221416,기타,2026-09-08 03:53:00,3.0,0,0,0,,0,0,,,1,10.23,1,1.0,0.0,,,,,0,0,0,normal
15881599,특번,2026-06-25 03:21:00,3.0,0,0,0,,0,0,,,0,,0,,,,,,,0,0,0,normal
15887270,특번,2026-09-14 11:05:00,11.0,0,0,0,,0,1,0.0,1.0,0,,0,,,,,,,0,0,0,normal
15998500,특번,2026-09-23 21:32:00,21.0,1,0,0,,0,0,,,0,,1,1.0,0.0,,,,,0,0,0,normal
15888801,특번,2026-05-10 17:38:00,17.0,0,0,0,,0,0,,,1,0.69,0,,,,,,,0,0,0,normal
15666000,특번,2026-08-14 14:26:00,14.0,1,0,0,,0,1,0.0,1.0,0,,0,,,,,,,0,0,0,normal
01099727875,010,2026-08-31 01:48:00,1.0,0,1,1,0.18,1,0,,,0,,1,1.0,0.0,,,,,0,0,0,normal
15881599,특번,2026-01-27 10:31:00,10.0,0,0,0,,0,0,,,0,,0,,,,,,,0,0,0,normal
15887000,특번,2026-04-06 18:00:00,18.0,0,0,1,92.96,0,1,0.0,1.0,0,,0,,,,,,,0,0,0,normal
15884477,특번,2026-03-17 15:19:00,15.0,0,0,0,,1,1,0.0,1.0,0,,0,,,,,,,0,1,0,normal
15441077,특번,2026-07-25 02:56:00,2.0,0,0,0,,0,1,0.0,1.0,0,,0,,,,,,,0,0,0,normal
01051017397,010,2026-06-11 05:02:00,5.0,0,1,0,,1,0,,,0,,0,,,,,,,0,0,0,normal
15443002,특번,2026-05-25 03:36:00,3.0,0,0,1,4.27,0,0,,,1,237.67,0,,,,,,,0,0,0,normal
15999000,특번,2026-01-20 07:16:00,7.0,0,0,0,,0,1,0.0,1.0,0,,0,,,,,,,0,0,0,normal
01000331375,010,2026-11-29 19:44:00,19.0,0,1,1,31.55,1,1,0.0,1.0,0,,1,1.0,0.0,,,,,0,0,0,normal
15880010,특번,2026-11-15 02:34:00,2.0,0,0,0,,0,0,,,0,,0,,,,,,,0,0,0,normal
026924741,02(서울 유선),2026-02-23 12:20:00,12.0,0,0,0,,0,0,,,0,,0,,,,,,,0,0,0,normal
01066117729,010,2026-07-22 15:45:00,15.0,0,1,1,84.22,1,1,0.0,1.0,0,,1,1.0,0.0,,,,,0,0,0,normal
01086585228,010,2026-12-08 13:43:00,13.0,0,1,1,8.79,1,1,0.0,1.0,0,,0,,,,,,,0,0,0,normal
15441077,특번,2026-06-29 05:10:00,5.0,0,0,0,,0,0,,,0,,0,,,,,,,0,0,0,normal
15882001,특번,2026-11-04 17:45:00,17.0,0,0,0,,0,1,0.0,1.0,0,,1,1.0,0.0,,,,,0,0,0,normal
15443002,특번,2026-03-08 08:38:00,8.0,0,0,0,,0,0,,,0,,0,,,,,,,0,0,0,normal
15991900,특번,2026-05-05 13:35:00,13.0,1,0,0,,0,0,,,0,,1,1.0,0.0,,,,,0,0,0,normal
060382888,기타,2026-03-12 23:25:00,23.0,1,0,0,,0,0,,,0,,0,,,,,,,0,0,0,normal
01062378556,010,2026-12-02 22:07:00,22.0,0,1,1,41.44,1,0,,,0,,0,,,,,,,0,0,0,normal
15991900,특번,2026-09-22 00:31:00,0.0,1,0,0,,0,1,0.0,1.0,0,,0,,,,,,,0,0,0,normal
15880037,특번,2026-09-23 22:31:00,22.0,1,0,0,,0,1,0.0,1.0,0,,0,,,,,,,0,0,0,normal
01004532316,010,2026-12-08 07:31:00,7.0,0,1,1,10.41,1,1,0.0,1.0,1,79.52,0,,,,,,,0,0,0,normal
15991111,특번,2026-01-16 13:49:00,13.0,1,0,0,,0,0,,,0,,0,,,,,,,0,0,0,normal
025669998,02(서울 유선),2026-04-03 02:45:00,2.0,0,0,0,,0,1,0.0,1.0,0,,0,,,,,,,0,1,0,normal
0003175438027,00X(국제),2026-08-04 21:49:00,21.0,1,0,0,,0,0,,,0,,1,1.0,0.0,,,,,1,0,0,normal
15028532,특번,2026-12-03 10:29:00,10.0,0,0,0,,0,0,,,0,,1,1.0,0.0,,,,,0,0,0,normal
15448527,특번,2026-11-24 19:29:00,19.0,1,0,0,,0,1,0.0,1.0,0,,0,,,,,,,0,0,0,normal
0808221416,기타,2026-02-21 01:36:00,1.0,0,0,0,,0,1,0.0,1.0,0,,0,,,,,,,0,0,0,normal
01063998127,010,2026-07-22 18:17:00,18.0,1,1,1,2.67,1,0,,,0,,0,,,,,,,0,0,0,normal
18116688,특번,2026-01-16 12:13:00,12.0,0,0,1,21.86,0,1,0.0,1.0,1,202.63,1,1.0,0.0,,,,,0,0,0,normal
15998888,특번,2026-07-08 03:02:00,3.0,0,0,0,,0,1,0.0,1.0,0,,0,,,,,,,0,0,0,normal
01085151494,010,2026-01-29 15:16:00,15.0,1,1,1,568.26,1,1,0.0,1.0,0,,0,,,,,,,0,0,0,normal
18116688,특번,2026-07-30 22:44:00,22.0,0,0,0,,0,0,,,0,,0,,,,,,,0,0,0,normal
15888585,특번,2026-01-07 17:53:00,17.0,0,0,0,,0,0,,,0,,0,,,,,,,0,0,0,normal
15884477,특번,2026-06-18 12:40:00,12.0,1,0,1,741.86,0,1,0.0,1.0,0,,0,,,,,,,0,0,0,normal
01096275644,010,2026-06-12 08:35:00,8.0,0,1,1,106.78,1,1,0.0,1.0,0,,1,1.0,0.0,,,,,0,0,0,normal
15999999,특번,2026-09-20 10:05:00,10.0,1,0,0,,0,0,,,0,,0,,,,,,,0,0,0,normal
15881900,특번,2026-11-16 21:15:00,21.0,0,0,0,,0,0,,,0,,0,,,,,,,0,0,0,normal
15440080,특번,2026-02-17 18:55:00,18.0,0,0,0,,0,1,0.0,1.0,1,1.36,1,1.0,0.0,,,,,0,0,0,normal
15441120,특번,2026-01-05 11:04:00,11.0,0,0,0,,0,0,,,0,,0,,,,,,,0,0,0,normal
01090595094,010,2026-04-28 19:50:00,19.0,0,1,1,35.64,1,1,0.0,1.0,0,,1,1.0,0.0,,,,,0,0,0,normal
15990011,특번,2026-05-26 20:42:00,20.0,1,0,0,,0,0,,,0,,0,,,,,,,0,0,0,normal
15889999,특번,2026-02-07 10:49:00,10.0,0,0,0,,0,0,,,0,,0,,,,,,,0,0,0,normal
03180751228,기타,2026-08-19 07:47:00,7.0,0,1,0,,0,1,0.0,1.0,1,206.62,0,,,,,,,0,1,0,normal
15448000,특번,2026-11-21 15:49:00,15.0,1,0,0,,0,0,,,0,,1,1.0,0.0,,,,,0,0,0,normal
15881900,특번,2026-10-20 01:49:00,1.0,0,0,1,16.95,0,0,,,0,,0,,,,,,,0,0,0,normal
15443030,특번,2026-05-19 00:44:00,0.0,0,0,1,12.37,0,1,0.0,1.0,0,,1,1.0,0.0,,,,,0,0,0,normal
01059675779,010,2026-03-06 06:30:00,6.0,0,1,1,3.07,1,1,0.0,1.0,0,,1,1.0,0.0,,,,,0,0,0,normal
16617654,특번,2026-09-26 17:03:00,17.0,1,0,0,,0,0,,,0,,0,,,,,,,0,0,0,normal
15999010,특번,2026-02-28 11:28:00,11.0,0,1,0,,0,1,0.0,1.0,0,,0,,,,,,,0,0,0,normal
0423317505,기타,2026-10-14 19:57:00,19.0,0,1,0,,0,1,1.0,1.0,1,27.07,1,1.0,0.0,,,,,0,0,0,normal
15777011,특번,2026-04-02 16:40:00,16.0,1,0,0,,0,1,0.0,1.0,0,,1,1.0,0.0,,,,,0,0,0,normal
01037476115,010,2026-09-07 05:28:00,5.0,0,0,0,,1,0,,,0,,0,,,,,,,0,1,0,normal
15991900,특번,2026-12-29 02:29:00,2.0,0,0,0,,0,0,,,0,,1,1.0,0.0,,,,,0,0,0,normal
15444200,특번,2026-05-14 04:56:00,4.0,1,0,0,,0,1,0.0,1.0,0,,0,,,,,,,0,0,0,normal
01010427974,010,2026-05-21 12:04:00,12.0,0,1,0,,1,1,0.0,1.0,0,,0,,,,,,,0,0,0,normal
15669009,특번,2026-07-24 22:38:00,22.0,0,0,0,,0,0,,,0,,0,,,,,,,0,0,0,normal
15661277,특번,2026-10-28 23:54:00,23.0,0,0,1,51.02,0,0,,,1,51.13,0,,,,,,,0,0,0,normal
023370415,02(서울 유선),2026-03-20 02:31:00,2.0,1,0,0,,0,0,,,0,,0,,,,,,,0,0,0,normal
01052065063,010,2026-12-01 01:41:00,1.0,0,1,1,4.41,1,0,,,0,,0,,,,,,,0,0,0,normal
15446399,특번,2026-01-08 16:20:00,16.0,0,0,0,,0,0,,,0,,0,,,,,,,0,0,0,normal
0318011379,기타,2026-07-18 21:22:00,21.0,0,0,0,,0,1,1.0,1.0,1,84.52,0,,,,,,,0,0,0,normal
01067478366,010,2026-12-12 14:03:00,14.0,0,1,1,295.38,1,1,0.0,1.0,0,,1,1.0,0.0,,,,,0,0,0,normal
16008585,특번,2026-04-21 18:13:00,18.0,0,0,0,,0,0,,,0,,0,,,,,,,0,0,0,normal
15991916,특번,2026-10-19 21:45:00,21.0,0,0,0,,0,0,,,1,195.85,1,1.0,0.0,,,,,0,0,0,normal
0262752275,02(서울 유선),2026-01-29 04:36:00,4.0,1,0,0,,0,0,,,0,,0,,,,,,,0,0,0,normal
15661277,특번,2026-05-06 09:25:00,9.0,1,0,0,,0,0,,,0,,0,,,,,,,0,0,0,normal
01031217817,010,2026-01-13 08:25:00,8.0,0,1,1,34.03,1,0,,,1,2.15,0,,,,,,,0,0,0,normal
16008585,특번,2026-06-13 16:20:00,16.0,1,0,0,,0,0,,,0,,1,1.0,0.0,,,,,0,0,0,normal
15221000,특번,2026-07-22 12:36:00,12.0,1,0,0,,0,0,,,0,,0,,,,,,,0,0,0,normal
01016987091,010,2026-04-20 15:18:00,15.0,1,1,1,850.14,1,0,,,0,,0,,,,,,,0,0,0,normal
15999000,특번,2026-01-18 10:54:00,10.0,1,0,1,4.23,0,0,,,0,,0,,,,,,,0,0,0,normal
01073454247,010,2026-03-11 19:42:00,19.0,1,1,0,,1,0,,,0,,0,,,,,,,0,0,0,normal
15440080,특번,2026-03-19 10:15:00,10.0,0,0,1,4.44,1,0,,,0,,0,,,,,,,0,0,0,normal
07058404291,070(인터넷전화),2026-02-15 06:26:00,6.0,0,0,0,,0,1,0.0,1.0,1,111.85,0,,,,,,,0,0,0,normal
15990903,특번,2026-11-14 07:09:00,7.0,0,0,0,,0,0,,,1,0.59,0,,,,,,,0,0,0,normal
0423317505,기타,2026-06-15 18:42:00,18.0,0,0,1,18.47,0,1,0.0,1.0,0,,1,1.0,0.0,,,,,0,0,0,normal
01059520149,010,2026-02-21 15:17:00,15.0,1,1,1,8.73,1,1,0.0,1.0,0,,0,,,,,,,0,1,0,normal
01059144566,010,2026-02-26 04:40:00,4.0,0,1,1,260.6,1,0,,,0,,1,1.0,0.0,,,,,0,1,0,normal
01095071519,010,2026-10-04 16:37:00,16.0,1,1,1,27.96,1,0,,,0,,0,,,,,,,0,0,0,normal
01087048595,010,2026-05-25 21:59:00,21.0,0,0,1,1283.72,1,0,,,1,133.31,0,,,,,,,0,0,0,normal
16008172,특번,2026-09-30 08:16:00,8.0,1,0,0,,0,0,,,0,,0,,,,,,,0,0,0,normal
0808221416,기타,2026-11-24 06:59:00,6.0,1,0,1,7.59,0,0,,,0,,0,,,,,,,0,0,0,normal
01049361832,010,2026-07-13 10:15:00,10.0,1,1,1,20.05,1,0,,,0,,1,1.0,0.0,,,,,0,0,0,normal
01014941163,010,2026-05-11 16:31:00,16.0,0,1,1,27.28,1,1,0.0,1.0,0,,0,,,,,,,0,0,0,normal
15884477,특번,2026-10-07 20:57:00,20.0,1,0,0,,0,0,,,0,,0,,,,,,,0,0,0,normal
15771000,특번,2026-08-18 00:16:00,0.0,1,0,0,,0,1,0.0,1.0,0,,0,,,,,,,0,0,0,normal
16445425,특번,2026-08-07 02:35:00,2.0,0,0,1,349.58,0,1,0.0,1.0,1,227.63,0,,,,,,,0,0,0,normal
16004000,특번,2026-10-29 08:20:00,8.0,0,0,0,,1,0,,,0,,0,,,,,,,0,0,0,normal
01079389701,010,2026-08-26 19:32:00,19.0,0,0,1,856.25,1,1,0.0,1.0,0,,0,,,,,,,0,0,0,normal
15223000,특번,2026-04-17 00:05:00,0.0,0,0,0,,0,1,0.0,1.0,0,,0,,,,,,,0,0,0,normal
15441077,특번,2026-07-13 17:48:00,17.0,0,0,0,,0,1,0.0,1.0,0,,0,,,,,,,0,0,0,normal
16617654,특번,2026-10-26 11:19:00,11.0,1,0,0,,0,0,,,0,,0,,,,,,,0,0,0,normal
15882588,특번,2026-01-30 19:07:00,19.0,0,0,0,,0,0,,,0,,0,,,,,,,0,0,0,normal
15444200,특번,2026-05-31 20:45:00,20.0,0,0,0,,1,1,0.0,1.0,1,2.64,0,,,,,,,0,0,0,normal
026464717,02(서울 유선),2026-08-02 03:22:00,3.0,0,0,0,,0,0,,,0,,0,,,,,,,0,0,0,normal
15221704,특번,2026-10-20 19:47:00,19.0,0,0,0,,0,1,1.0,1.0,0,,1,1.0,0.0,,,,,0,0,0,normal
0280882309,02(서울 유선),2026-05-04 18:56:00,18.0,1,0,0,,0,0,,,0,,1,1.0,0.0,,,,,0,0,0,normal
01036542624,010,2026-03-19 00:25:00,0.0,0,1,1,11.25,1,0,,,0,,1,1.0,0.0,,,,,0,0,0,normal
03122620370,기타,2026-12-02 12:02:00,12.0,1,0,1,7.22,0,1,0.0,1.0,0,,0,,,,,,,0,0,0,normal
15443002,특번,2026-10-04 11:27:00,11.0,1,0,0,,0,0,,,0,,1,1.0,0.0,,,,,0,0,0,normal
01031245347,010,2026-07-10 12:25:00,12.0,0,1,1,0.02,1,1,0.0,1.0,0,,0,,,,,,,0,0,0,normal
15991916,특번,2026-03-07 20:49:00,20.0,1,0,0,,1,0,,,0,,0,,,,,,,0,0,0,normal
15771000,특번,2026-06-07 05:54:00,5.0,0,0,1,13.19,0,0,,,0,,0,,,,,,,0,0,0,normal
15883651,특번,2026-12-14 14:05:00,14.0,0,0,0,,0,1,0.0,1.0,0,,1,1.0,0.0,,,,,0,0,0,normal
01075607302,010,2026-03-17 11:28:00,11.0,1,0,0,,1,1,0.0,1.0,0,,0,,,,,,,0,0,0,normal
01054223177,010,2026-03-21 22:54:00,22.0,1,1,1,0.39,1,1,0.0,1.0,0,,0,,,,,,,0,0,0,normal
01031780782,010,2026-05-19 12:11:00,12.0,0,1,1,0.16,1,0,,,1,257.36,0,,,,,,,0,0,0,normal
16617654,특번,2026-12-23 19:45:00,19.0,1,0,0,,0,0,,,0,,0,,,,,,,0,0,0,normal
15223000,특번,2026-02-21 22:50:00,22.0,0,0,0,,0,0,,,0,,0,,,,,,,0,0,0,normal
15221000,특번,2026-04-24 18:55:00,18.0,1,0,0,,0,1,0.0,1.0,0,,0,,,,,,,0,0,0,normal
15991111,특번,2026-09-19 21:08:00,21.0,0,0,0,,0,0,,,0,,0,,,,,,,0,0,0,normal
16706250,특번,2026-10-20 11:24:00,11.0,0,0,0,,0,1,0.0,1.0,0,,1,1.0,0.0,,,,,0,0,0,normal
15880010,특번,2026-12-25 06:02:00,6.0,0,0,0,,0,1,0.0,1.0,0,,0,,,,,,,0,0,0,normal
15888377,특번,2026-12-07 13:27:00,13.0,1,0,0,,0,0,,,0,,1,1.0,0.0,,,,,0,0,0,normal
15881900,특번,2026-11-06 07:03:00,7.0,0,0,0,,0,0,,,0,,0,,,,,,,0,0,0,normal
01034056771,010,2026-05-15 07:32:00,7.0,0,1,0,,1,0,,,1,68.95,0,,,,,,,0,0,0,normal
01023144886,010,2026-06-16 17:36:00,17.0,0,1,1,10.32,1,0,,,0,,0,,,,,,,0,0,0,normal
15886565,특번,2026-02-19 01:35:00,1.0,1,0,0,,0,0,,,0,,0,,,,,,,0,0,0,normal
01093356241,010,2026-09-10 13:37:00,13.0,0,1,1,6.73,1,0,,,1,2.22,0,,,,,,,0,0,0,normal
15662566,특번,2026-08-07 20:55:00,20.0,0,0,0,,0,0,,,0,,1,1.0,0.0,,,,,0,0,0,normal
01065508914,010,2026-02-14 19:18:00,19.0,1,1,1,27.68,1,1,0.0,1.0,0,,0,,,,,,,0,0,0,normal
15999999,특번,2026-02-16 04:34:00,4.0,0,0,0,,0,1,0.0,1.0,0,,0,,,,,,,0,0,0,normal
15443000,특번,2026-03-28 03:40:00,3.0,0,0,0,,0,0,,,0,,0,,,,,,,0,0,0,normal
15883500,특번,2026-10-14 19:08:00,19.0,1,0,0,,0,0,,,0,,0,,,,,,,0,0,0,normal
01045053315,010,2026-10-23 21:57:00,21.0,1,1,1,0.9,1,0,,,0,,1,1.0,0.0,,,,,0,0,0,normal
0509493307,기타,2026-02-07 10:28:00,10.0,0,0,1,254.08,0,1,1.0,0.0,1,4050.42,1,0.0,0.0,,,,,0,1,1,loan
15661277,특번,2026-02-04 22:45:00,22.0,0,0,0,,0,1,0.0,1.0,0,,1,1.0,0.0,,,,,0,0,0,normal
01086125904,010,2026-11-30 03:57:00,3.0,1,1,1,1202.07,1,1,0.0,1.0,0,,0,,,,,,,0,0,0,normal
025669998,02(서울 유선),2026-12-11 05:35:00,5.0,1,0,0,,0,0,,,0,,1,1.0,0.0,,,,,0,0,0,normal
18000678,특번,2026-07-29 06:14:00,6.0,1,0,0,,0,1,0.0,1.0,0,,1,1.0,0.0,,,,,0,0,0,normal
15885050,특번,2026-09-30 01:52:00,1.0,0,0,0,,0,1,1.0,1.0,0,,0,,,,,,,0,0,0,normal
15990011,특번,2026-05-24 14:40:00,14.0,0,0,0,,0,0,,,0,,0,,,,,,,0,0,0,normal
15771000,특번,2026-09-09 09:59:00,9.0,0,0,0,,0,0,,,0,,0,,,,,,,0,0,0,normal
15883651,특번,2026-08-07 04:32:00,4.0,0,0,0,,0,0,,,0,,1,1.0,0.0,,,,,0,1,0,normal
15443030,특번,2026-06-11 16:08:00,16.0,0,0,0,,0,0,,,0,,0,,,,,,,0,0,0,normal
15443082,특번,2026-04-24 19:00:00,19.0,0,0,0,,0,0,,,0,,0,,,,,,,0,0,0,normal
15999010,특번,2026-10-27 04:05:00,4.0,0,0,1,7.78,0,1,0.0,1.0,0,,1,1.0,0.0,,,,,0,0,0,normal
15221000,특번,2026-04-04 04:14:00,4.0,0,0,0,,0,0,,,0,,0,,,,,,,0,0,0,normal
0011950927,00X(국제),2026-03-21 12:32:00,12.0,1,0,0,,0,0,,,0,,1,1.0,0.0,,,,,1,0,0,normal
03180751228,기타,2026-03-06 16:43:00,16.0,0,0,0,,0,0,,,0,,1,1.0,0.0,,,,,0,0,0,normal
060344470,기타,2026-08-10 21:35:00,21.0,0,0,0,,0,1,0.0,1.0,1,16.74,0,,,,,,,0,0,0,normal
15661277,특번,2026-09-10 15:33:00,15.0,0,0,0,,0,1,0.0,1.0,0,,0,,,,,,,0,0,0,normal
18994457,특번,2026-06-08 13:17:00,13.0,0,0,1,4348.55,0,0,,,1,11307.14,1,0.0,0.0,,,,,0,1,1,loan
15221155,특번,2026-03-03 13:04:00,13.0,1,0,0,,0,1,0.0,1.0,0,,0,,,,,,,0,0,0,normal
0708684196,070(인터넷전화),2026-03-28 12:57:00,12.0,0,0,1,620.47,0,0,,,1,1276.5,1,0.0,1.0,,,,,0,0,1,institution
01060596765,010,2026-11-12 02:46:00,2.0,0,1,1,0.13,1,0,,,0,,0,,,,,,,0,0,0,normal
15883388,특번,2026-02-08 03:29:00,3.0,0,0,0,,0,1,0.0,1.0,0,,0,,,,,,,0,0,0,normal
0619930073,기타,2026-12-10 14:07:00,14.0,0,0,0,,0,1,0.0,1.0,0,,0,,,,,,,0,1,0,normal
15999999,특번,2026-01-12 14:23:00,14.0,0,0,0,,0,0,,,1,8.31,0,,,,,,,0,0,0,normal
01031392118,010,2026-01-25 10:35:00,10.0,0,0,0,,1,0,,,1,22.23,0,,,,,,,0,0,0,normal
01074897917,010,2026-11-16 05:23:00,5.0,1,1,1,150.8,1,0,,,0,,1,1.0,0.0,,,,,0,0,0,normal
16449999,특번,2026-03-20 19:11:00,19.0,0,0,0,,0,1,0.0,1.0,0,,1,1.0,0.0,,,,,0,0,0,normal
01092790068,010,2026-07-04 04:25:00,4.0,1,1,1,2.4,1,1,0.0,1.0,0,,0,,,,,,,0,0,0,normal
16574129,특번,2026-11-09 01:24:00,1.0,0,0,0,,0,0,,,1,18.44,1,1.0,0.0,,,,,0,0,0,normal
15662566,특번,2026-02-23 00:05:00,0.0,0,0,0,,0,0,,,0,,1,1.0,0.0,,,,,0,1,0,normal
15443800,특번,2026-12-06 00:53:00,0.0,0,0,0,,0,1,1.0,1.0,0,,0,,,,,,,0,0,0,normal
15669009,특번,2026-03-29 16:12:00,16.0,0,0,1,2.66,0,1,0.0,1.0,0,,0,,,,,,,0,0,0,normal
15446200,특번,2026-03-18 08:15:00,8.0,0,0,0,,0,0,,,0,,0,,,,,,,0,0,0,normal
0423317505,기타,2026-05-26 16:49:00,16.0,0,0,1,12.03,0,1,0.0,1.0,0,,0,,,,,,,0,0,0,normal
15443800,특번,2026-10-14 10:53:00,10.0,0,0,0,,0,1,0.0,1.0,0,,0,,,,,,,0,0,0,normal
15665050,특번,2026-09-14 21:54:00,21.0,0,0,1,88.09,0,1,0.0,1.0,0,,0,,,,,,,0,0,0,normal
16617654,특번,2026-11-11 16:31:00,16.0,0,0,0,,0,1,0.0,1.0,0,,1,1.0,0.0,,,,,0,0,0,normal
16000400,특번,2026-03-15 08:56:00,8.0,0,0,0,,0,1,0.0,1.0,0,,1,1.0,0.0,,,,,0,0,0,normal
0262752275,02(서울 유선),2026-03-08 00:09:00,0.0,0,0,0,,0,1,0.0,1.0,0,,0,,,,,,,0,0,0,normal
01095893674,010,2026-04-30 16:58:00,16.0,0,1,0,,1,0,,,0,,0,,,,,,,0,0,0,normal
15880079,특번,2026-07-13 04:07:00,4.0,1,0,0,,0,0,,,0,,1,1.0,0.0,,,,,0,0,0,normal
15880079,특번,2026-09-03 16:24:00,16.0,1,0,0,,0,1,0.0,1.0,0,,0,,,,,,,0,0,0,normal
15777011,특번,2026-01-07 21:09:00,21.0,1,0,0,,0,1,0.0,1.0,0,,0,,,,,,,0,0,0,normal
15880010,특번,2026-10-24 00:27:00,0.0,0,0,0,,0,1,0.0,1.0,0,,1,1.0,0.0,,,,,0,0,0,normal
01033655861,010,2026-11-22 22:38:00,22.0,0,1,1,66.24,1,0,,,0,,0,,,,,,,0,0,0,normal
15621288,특번,2026-03-23 21:51:00,21.0,0,0,0,,0,1,0.0,1.0,0,,0,,,,,,,0,0,0,normal
15778000,특번,2026-04-25 19:37:00,19.0,1,0,1,21.11,0,1,0.0,1.0,0,,0,,,,,,,0,0,0,normal
01067006208,010,2026-04-10 16:33:00,16.0,1,1,1,33.44,1,1,0.0,1.0,0,,0,,,,,,,0,0,0,normal
01026745861,010,2026-07-07 14:06:00,14.0,0,1,0,,1,0,,,0,,1,1.0,0.0,,,,,0,0,0,normal
16706250,특번,2026-01-25 00:22:00,0.0,1,0,1,4.63,0,1,0.0,1.0,0,,0,,,,,,,0,0,0,normal
15991916,특번,2026-04-05 17:12:00,17.0,0,0,0,,0,1,0.0,1.0,0,,0,,,,,,,0,0,0,normal
0624160113,기타,2026-01-15 04:30:00,4.0,0,0,0,,0,0,,,0,,0,,,,,,,0,0,0,normal
01037508397,010,2026-06-26 08:59:00,8.0,0,1,1,23.6,1,0,,,1,0.97,0,,,,,,,0,0,0,normal
15881900,특번,2026-09-17 10:45:00,10.0,1,0,0,,0,0,,,0,,1,1.0,0.0,,,,,0,0,0,normal
15882588,특번,2026-09-01 00:31:00,0.0,1,0,1,81.42,0,0,,,0,,0,,,,,,,0,0,0,normal
01055453882,010,2026-04-24 10:57:00,10.0,0,1,1,0.35,1,0,,,0,,0,,,,,,,0,0,0,normal
01013571682,010,2026-10-29 12:07:00,12.0,0,0,1,136.82,1,1,0.0,1.0,0,,0,,,,,,,0,0,0,normal
16006200,특번,2026-11-01 12:55:00,12.0,0,0,1,34.0,0,1,0.0,1.0,0,,1,1.0,0.0,,,,,0,0,0,normal
15883388,특번,2026-02-09 14:41:00,14.0,1,0,0,,0,1,1.0,1.0,0,,0,,,,,,,0,0,0,normal
15660123,특번,2026-01-18 00:51:00,0.0,0,0,0,,1,0,,,0,,0,,,,,,,0,0,0,normal
15443030,특번,2026-07-31 14:14:00,14.0,0,0,0,,0,0,,,1,20.42,0,,,,,,,0,0,0,normal
0808221416,기타,2026-02-28 20:59:00,20.0,0,0,0,,0,0,,,0,,0,,,,,,,0,0,0,normal
03180751228,기타,2026-04-11 06:13:00,6.0,1,0,1,18.14,0,1,0.0,1.0,0,,1,1.0,0.0,,,,,0,0,0,normal
15882001,특번,2026-01-18 12:39:00,12.0,1,0,0,,0,1,0.0,1.0,0,,1,1.0,0.0,,,,,0,0,0,normal
01016119540,010,2026-10-05 14:28:00,14.0,0,1,0,,1,1,0.0,0.0,0,,1,1.0,0.0,,,,,0,0,0,normal
16008172,특번,2026-08-10 02:29:00,2.0,0,0,0,,0,0,,,1,6.16,0,,,,,,,0,0,0,normal
15778000,특번,2026-08-24 12:42:00,12.0,0,0,0,,0,0,,,0,,0,,,,,,,0,0,0,normal
01099156686,010,2026-06-19 22:23:00,22.0,0,1,1,27.73,1,0,,,0,,1,1.0,0.0,,,,,0,0,0,normal
01002020304,010,2026-04-19 16:38:00,16.0,0,1,1,181.69,1,1,0.0,1.0,0,,1,1.0,0.0,,,,,0,0,0,normal
18997047,특번,2026-01-24 01:03:00,1.0,0,0,0,,0,1,0.0,1.0,0,,0,,,,,,,0,0,0,normal
15998500,특번,2026-01-27 05:16:00,5.0,1,0,0,,0,1,0.0,1.0,0,,0,,,,,,,0,0,0,normal
01017882247,010,2026-06-25 00:46:00,0.0,0,1,0,,0,0,,,0,,0,,,,,,,0,1,0,normal
15447758,특번,2026-10-27 04:41:00,4.0,0,0,0,,0,0,,,0,,0,,,,,,,0,0,0,normal
16000400,특번,2026-02-08 22:05:00,22.0,0,0,0,,0,1,1.0,1.0,0,,1,1.0,0.0,,,,,0,0,0,normal
0708670769,070(인터넷전화),2026-10-24 08:05:00,8.0,1,0,0,,0,1,0.0,1.0,0,,1,1.0,0.0,,,,,0,0,0,normal
01061832152,010,2026-02-04 01:01:00,1.0,0,1,0,,0,1,0.0,1.0,0,,1,1.0,0.0,,,,,0,0,0,normal
18674009,특번,2026-07-30 03:44:00,3.0,0,0,1,1.71,0,1,0.0,1.0,0,,1,1.0,0.0,,,,,0,0,0,normal
15662566,특번,2026-11-13 13:39:00,13.0,1,0,0,,0,1,0.0,1.0,0,,1,1.0,0.0,,,,,0,0,0,normal
03180219341,기타,2026-06-03 09:32:00,9.0,0,0,0,,0,0,,,1,994.29,0,,,,,,,0,0,0,normal
18997047,특번,2026-11-04 06:08:00,6.0,1,0,0,,0,0,,,0,,0,,,,,,,0,0,0,normal
15990903,특번,2026-12-17 04:43:00,4.0,0,0,0,,0,0,,,0,,1,1.0,0.0,,,,,0,0,0,normal
15664295,특번,2026-05-31 10:46:00,10.0,0,0,0,,0,0,,,1,157.41,0,,,,,,,0,0,0,normal
15882001,특번,2026-06-02 23:43:00,23.0,0,0,0,,0,1,0.0,1.0,0,,1,1.0,0.0,,,,,0,0,0,normal
01075380915,010,2026-07-16 07:05:00,7.0,0,1,0,,1,0,,,0,,0,,,,,,,0,0,0,normal
01096047842,010,2026-02-17 03:45:00,3.0,0,1,1,6.47,1,0,,,0,,1,1.0,0.0,,,,,0,0,0,normal
01012512188,010,2026-05-19 16:05:00,16.0,1,1,0,,1,1,0.0,1.0,0,,0,,,,,,,0,0,0,normal
023370415,02(서울 유선),2026-10-01 09:03:00,9.0,0,0,1,45.47,0,0,,,0,,0,,,,,,,0,0,0,normal
15999010,특번,2026-01-04 11:17:00,11.0,0,0,1,33.57,0,1,0.0,1.0,0,,0,,,,,,,0,0,0,normal
15998888,특번,2026-08-21 18:32:00,18.0,1,0,0,,0,1,0.0,1.0,0,,0,,,,,,,0,0,0,normal
01057676472,010,2026-05-14 14:02:00,14.0,1,1,1,0.14,1,1,0.0,1.0,0,,0,,,,,,,0,0,0,normal
16706250,특번,2026-10-07 08:34:00,8.0,0,0,0,,0,1,0.0,1.0,0,,0,,,,,,,0,0,0,normal
01091990821,010,2026-06-07 23:37:00,23.0,0,1,0,,1,1,0.0,1.0,0,,0,,,,,,,0,0,0,normal
15132465,특번,2026-10-04 18:42:00,18.0,0,0,0,,0,0,,,0,,0,,,,,,,0,0,0,normal
15999010,특번,2026-07-31 08:26:00,8.0,0,0,0,,0,0,,,0,,0,,,,,,,0,0,0,normal
01096480407,010,2026-06-11 05:26:00,5.0,0,1,1,4.37,1,0,,,0,,1,1.0,0.0,,,,,0,1,0,normal
18268709,특번,2026-11-19 11:31:00,11.0,1,0,0,,0,1,0.0,1.0,0,,0,,,,,,,0,0,0,normal
01058418029,010,2026-08-21 15:13:00,15.0,0,1,1,201.9,1,0,,,0,,0,,,,,,,0,0,0,normal
01025978336,010,2026-12-04 18:39:00,18.0,1,1,0,,1,0,,,0,,1,1.0,0.0,,,,,0,0,0,normal
01077129184,010,2026-05-06 19:34:00,19.0,1,1,1,80.29,1,0,,,0,,0,,,,,,,0,0,0,normal
01080878571,010,2026-02-11 01:16:00,1.0,0,1,1,8.5,1,1,1.0,1.0,0,,0,,,,,,,0,0,0,normal
15999999,특번,2026-02-07 09:02:00,9.0,0,0,0,,0,1,0.0,1.0,0,,0,,,,,,,0,0,0,normal
15888585,특번,2026-02-13 13:48:00,13.0,1,0,0,,0,1,0.0,1.0,0,,0,,,,,,,0,0,0,normal
16008172,특번,2026-01-11 07:28:00,7.0,0,0,0,,0,1,1.0,1.0,0,,0,,,,,,,0,0,0,normal
15448000,특번,2026-11-11 10:09:00,10.0,1,0,0,,0,1,0.0,1.0,0,,1,1.0,0.0,,,,,0,0,0,normal
15889999,특번,2026-11-21 11:33:00,11.0,0,0,1,9.04,0,1,1.0,1.0,0,,0,,,,,,,0,0,0,normal
15881900,특번,2026-08-18 10:59:00,10.0,0,0,0,,0,0,,,0,,0,,,,,,,0,1,0,normal
15993333,특번,2026-09-14 05:31:00,5.0,0,0,1,12.69,0,1,0.0,1.0,0,,1,1.0,0.0,,,,,0,0,0,normal
16705989,특번,2026-12-26 21:09:00,21.0,0,0,0,,0,1,1.0,1.0,0,,0,,,,,,,0,0,0,normal
16706250,특번,2026-02-26 15:15:00,15.0,0,0,1,4.1,0,1,0.0,1.0,0,,0,,,,,,,0,0,0,normal
16617654,특번,2026-11-22 16:56:00,16.0,0,0,0,,0,0,,,0,,0,,,,,,,0,0,0,normal
01055494444,010,2026-04-13 14:14:00,14.0,1,1,0,,1,0,,,0,,0,,,,,,,0,0,0,normal
01074916716,010,2026-08-22 10:01:00,10.0,0,1,0,,1,1,0.0,1.0,0,,0,,,,,,,0,0,0,normal
01061624860,010,2026-11-22 23:09:00,23.0,0,1,0,,1,0,,,0,,1,1.0,0.0,,,,,0,0,0,normal
15888377,특번,2026-10-28 23:55:00,23.0,0,0,0,,0,0,,,0,,0,,,,,,,0,0,0,normal
01053868451,010,2026-05-06 08:20:00,8.0,0,1,1,773.17,1,1,0.0,1.0,0,,1,1.0,0.0,,,,,0,0,0,normal
01065055191,010,2026-06-12 02:24:00,2.0,1,1,1,3.0,1,0,,,0,,1,1.0,0.0,,,,,0,0,0,normal
15443800,특번,2026-03-30 11:44:00,11.0,0,0,1,5.88,0,1,0.0,1.0,0,,0,,,,,,,0,0,0,normal
025669998,02(서울 유선),2026-10-02 18:16:00,18.0,0,0,0,,0,1,1.0,1.0,0,,0,,,,,,,0,0,0,normal
01094616222,010,2026-12-06 12:06:00,12.0,1,1,1,8.06,1,0,,,0,,0,,,,,,,0,0,0,normal
01052812735,010,2026-09-10 21:49:00,21.0,1,1,1,22.58,1,1,0.0,1.0,0,,0,,,,,,,0,0,0,normal
15993333,특번,2026-10-27 10:44:00,10.0,0,0,0,,0,1,0.0,1.0,0,,0,,,,,,,0,0,0,normal
01052501916,010,2026-09-24 10:25:00,10.0,0,1,1,6.43,1,1,0.0,1.0,0,,0,,,,,,,0,0,0,normal
01087793889,010,2026-07-15 10:38:00,10.0,1,1,1,48.86,1,1,0.0,1.0,0,,0,,,,,,,0,0,0,normal
0031565366,00X(국제),2026-12-28 06:39:00,6.0,0,0,0,,0,1,0.0,1.0,0,,1,1.0,0.0,,,,,1,0,0,normal
01030107139,010,2026-10-29 22:13:00,22.0,0,1,1,6.39,1,1,0.0,1.0,0,,0,,,,,,,0,0,0,normal
15880010,특번,2026-10-08 23:59:00,23.0,0,0,1,0.8,0,0,,,1,392.1,0,,,,,,,0,0,0,normal
15880079,특번,2026-09-02 16:29:00,16.0,1,0,1,25.37,0,0,,,0,,0,,,,,,,0,0,0,normal
15771000,특번,2026-10-26 22:22:00,22.0,0,0,1,89.21,0,1,0.0,1.0,0,,0,,,,,,,0,0,0,normal
15998000,특번,2026-01-22 11:01:00,11.0,0,0,1,26.77,0,0,,,0,,0,,,,,,,0,0,0,normal
01051315862,010,2026-01-17 22:02:00,22.0,0,1,1,26.76,0,0,,,0,,0,,,,,,,0,0,0,normal
029545763,02(서울 유선),2026-08-03 09:43:00,9.0,0,0,0,,0,1,0.0,1.0,0,,0,,,,,,,0,0,0,normal
01031985967,010,2026-02-19 06:51:00,6.0,0,1,1,20.47,1,0,,,0,,1,1.0,0.0,,,,,0,0,0,normal
15443800,특번,2026-06-30 00:49:00,0.0,1,0,0,,0,1,0.0,1.0,0,,1,1.0,0.0,,,,,0,0,0,normal
15881599,특번,2026-02-01 14:16:00,14.0,1,0,0,,0,1,0.0,1.0,0,,0,,,,,,,0,0,0,normal
15880079,특번,2026-07-10 13:56:00,13.0,0,0,0,,0,0,,,0,,0,,,,,,,0,0,0,normal
18498194,특번,2026-04-11 22:29:00,22.0,0,0,0,,0,0,,,1,46.1,0,,,,,,,0,0,0,normal
15881500,특번,2026-02-27 16:48:00,16.0,0,0,0,,0,1,0.0,1.0,0,,0,,,,,,,0,0,0,normal
0706947629,070(인터넷전화),2026-05-23 16:03:00,16.0,0,0,0,,0,1,0.0,1.0,0,,0,,,,,,,0,0,0,normal
15777011,특번,2026-08-02 13:40:00,13.0,1,0,0,,0,1,0.0,1.0,0,,0,,,,,,,0,0,0,normal
01059484910,010,2026-05-05 08:01:00,8.0,0,1,0,,1,0,,,0,,0,,,,,,,0,0,0,normal
15881500,특번,2026-10-17 02:50:00,2.0,0,0,0,,0,0,,,0,,1,1.0,0.0,,,,,0,0,0,normal
15448000,특번,2026-04-16 00:12:00,0.0,0,0,0,,0,0,,,0,,0,,,,,,,0,0,0,normal
01048468536,010,2026-10-20 22:43:00,22.0,0,1,1,111.47,1,0,,,0,,1,1.0,0.0,,,,,0,0,0,normal
15440010,특번,2026-05-23 22:48:00,22.0,1,0,1,4.07,0,0,,,0,,0,,,,,,,0,0,0,normal
15882001,특번,2026-09-06 08:32:00,8.0,0,0,1,19.68,0,0,,,0,,0,,,,,,,0,0,0,normal
01038793092,010,2026-09-27 03:47:00,3.0,0,1,0,,1,1,0.0,1.0,0,,1,1.0,0.0,,,,,0,0,0,normal
15660123,특번,2026-10-02 04:56:00,4.0,0,0,0,,0,0,,,0,,1,1.0,0.0,,,,,0,0,0,normal
15883651,특번,2026-07-15 05:54:00,5.0,0,0,0,,0,1,0.0,1.0,1,2.48,0,,,,,,,0,0,0,normal
15888801,특번,2026-02-24 12:13:00,12.0,1,0,0,,0,0,,,0,,0,,,,,,,0,0,0,normal
18514358,특번,2026-01-31 03:58:00,3.0,1,0,0,,0,0,,,0,,1,1.0,0.0,,,,,0,0,0,normal
0267700284,02(서울 유선),2026-04-30 12:37:00,12.0,0,0,0,,0,1,0.0,1.0,0,,0,,,,,,,0,0,0,normal
15991916,특번,2026-06-13 14:45:00,14.0,0,0,0,,0,0,,,0,,1,1.0,0.0,,,,,0,0,0,normal
01099785652,010,2026-08-19 04:10:00,4.0,1,1,1,24.55,1,1,0.0,1.0,0,,0,,,,,,,0,0,0,normal
15446200,특번,2026-01-31 09:21:00,9.0,1,0,0,,0,1,0.0,1.0,0,,0,,,,,,,0,0,0,normal
01079970292,010,2026-11-17 12:02:00,12.0,0,1,0,,1,0,,,0,,0,,,,,,,0,0,0,normal
01090854030,010,2026-05-22 18:56:00,18.0,0,1,1,41.29,1,1,0.0,1.0,0,,0,,,,,,,0,0,0,normal
15888000,특번,2026-04-21 10:19:00,10.0,1,0,0,,0,0,,,0,,0,,,,,,,0,0,0,normal
15443002,특번,2026-09-05 18:00:00,18.0,0,0,0,,0,0,,,1,59.81,0,,,,,,,0,0,0,normal
15440080,특번,2026-12-21 10:48:00,10.0,1,0,0,,0,1,0.0,1.0,0,,1,1.0,0.0,,,,,0,0,0,normal
01086421511,010,2026-04-08 07:17:00,7.0,1,0,1,3.58,1,1,0.0,1.0,0,,0,,,,,,,0,0,0,normal
15664295,특번,2026-07-23 02:30:00,2.0,0,0,0,,0,1,0.0,1.0,0,,1,1.0,0.0,,,,,0,0,0,normal
01083097690,010,2026-08-04 16:20:00,16.0,1,1,1,13.39,1,0,,,0,,0,,,,,,,0,0,0,normal
15771000,특번,2026-03-14 14:28:00,14.0,0,0,0,,0,0,,,0,,0,,,,,,,0,0,0,normal
07031451,070(인터넷전화),2026-09-01 00:15:00,0.0,0,0,0,,0,0,,,1,99.41,0,,,,,,,0,0,0,normal
15998000,특번,2026-10-08 01:11:00,1.0,0,0,0,,0,1,0.0,1.0,1,60.5,0,,,,,,,0,0,0,normal
01097893074,010,2026-10-27 21:45:00,21.0,0,1,1,155.64,1,1,1.0,1.0,0,,0,,,,,,,0,0,0,normal
01039744088,010,2026-02-08 21:36:00,21.0,1,1,1,657.54,1,0,,,0,,0,,,,,,,0,0,0,normal
01058693806,010,2026-11-01 20:07:00,20.0,1,1,1,1.48,1,1,0.0,1.0,0,,1,1.0,0.0,,,,,0,0,0,normal
01089862206,010,2026-11-02 16:07:00,16.0,0,1,1,31.94,1,1,0.0,1.0,0,,0,,,,,,,0,0,0,normal
15221000,특번,2026-01-21 23:59:00,23.0,1,0,0,,0,0,,,0,,0,,,,,,,0,0,0,normal
16663060,특번,2026-07-08 08:17:00,8.0,1,0,0,,0,1,0.0,1.0,0,,0,,,,,,,0,0,0,normal
15443082,특번,2026-05-16 15:10:00,15.0,0,0,0,,0,0,,,0,,0,,,,,,,0,0,0,normal
15888585,특번,2026-07-09 11:38:00,11.0,1,0,0,,0,0,,,0,,1,1.0,0.0,,,,,0,0,0,normal
01001625851,010,2026-09-16 00:40:00,0.0,0,1,1,738.84,1,1,0.0,1.0,0,,0,,,,,,,0,0,0,normal
16008585,특번,2026-01-04 13:31:00,13.0,1,0,1,38.56,0,0,,,0,,0,,,,,,,0,0,0,normal
023370415,02(서울 유선),2026-06-08 05:32:00,5.0,0,0,0,,0,1,0.0,1.0,0,,0,,,,,,,0,0,0,normal
025669998,02(서울 유선),2026-10-23 19:53:00,19.0,0,0,0,,0,1,0.0,1.0,0,,0,,,,,,,0,0,0,normal
18653704,특번,2026-02-01 17:38:00,17.0,0,0,1,382.04,0,1,1.0,0.0,1,2773.05,1,0.0,1.0,,,,,0,1,1,institution
15886565,특번,2026-09-04 19:43:00,19.0,1,0,0,,0,0,,,0,,0,,,,,,,0,0,0,normal
16449999,특번,2026-02-01 02:20:00,2.0,1,1,0,,0,1,1.0,1.0,0,,1,1.0,0.0,,,,,0,0,0,normal
08059660,기타,2026-03-21 12:35:00,12.0,0,0,0,,0,0,,,0,,0,,,,,,,0,0,0,normal
07095911,070(인터넷전화),2026-07-11 17:23:00,17.0,0,0,0,,0,1,0.0,1.0,0,,0,,,,,,,0,0,0,normal
023370415,02(서울 유선),2026-04-13 14:30:00,14.0,1,0,0,,0,0,,,0,,0,,,,,,,0,0,0,normal
15221000,특번,2026-12-19 06:05:00,6.0,1,0,0,,0,0,,,0,,0,,,,,,,0,0,0,normal
01010458474,010,2026-05-26 06:25:00,6.0,1,1,1,38.9,1,1,0.0,1.0,0,,0,,,,,,,0,0,0,normal
15440010,특번,2026-01-05 05:30:00,5.0,1,0,0,,0,0,,,0,,0,,,,,,,0,0,0,normal
01001521738,010,2026-03-22 07:48:00,7.0,0,1,0,,1,1,0.0,1.0,0,,0,,,,,,,0,0,0,normal
15881900,특번,2026-02-11 05:57:00,5.0,0,0,0,,0,0,,,0,,0,,,,,,,0,1,0,normal
15998500,특번,2026-02-11 21:30:00,21.0,0,0,0,,0,0,,,0,,1,1.0,0.0,,,,,0,0,0,normal
15771000,특번,2026-02-07 05:08:00,5.0,0,1,0,,0,1,0.0,1.0,0,,1,1.0,0.0,,,,,0,0,0,normal
01085732788,010,2026-03-03 03:29:00,3.0,0,1,1,1.83,1,1,0.0,1.0,0,,1,1.0,0.0,,,,,0,0,0,normal
15883388,특번,2026-11-26 23:29:00,23.0,1,0,0,,0,0,,,0,,0,,,,,,,0,0,0,normal
18997047,특번,2026-06-02 18:54:00,18.0,0,0,0,,0,1,0.0,1.0,0,,1,1.0,0.0,,,,,0,0,0,normal
15884477,특번,2026-10-06 15:25:00,15.0,1,0,0,,0,1,0.0,1.0,0,,1,1.0,0.0,,,,,0,0,0,normal
01091805526,010,2026-11-03 11:07:00,11.0,0,1,0,,1,0,,,1,7.4,1,1.0,0.0,,,,,0,0,0,normal
004888392375,00X(국제),2026-01-04 18:56:00,18.0,1,0,0,,0,1,0.0,1.0,0,,0,,,,,,,1,0,0,normal
01069510636,010,2026-03-23 12:52:00,12.0,1,1,0,,1,1,0.0,1.0,0,,1,1.0,0.0,,,,,0,1,0,normal
01039449493,010,2026-01-04 14:29:00,14.0,0,1,1,395.29,1,1,0.0,1.0,0,,1,1.0,0.0,,,,,0,0,0,normal
15669009,특번,2026-04-17 02:35:00,2.0,1,0,0,,0,0,,,0,,1,1.0,0.0,,,,,0,0,0,normal
01047292842,010,2026-05-08 16:37:00,16.0,1,1,1,29.31,1,1,0.0,1.0,0,,1,1.0,0.0,,,,,0,0,0,normal
01087017999,010,2026-05-18 11:16:00,11.0,0,1,1,66.11,1,1,0.0,1.0,0,,1,1.0,0.0,,,,,0,0,0,normal
18997047,특번,2026-07-28 09:40:00,9.0,0,0,0,,0,1,0.0,1.0,1,1491.15,0,,,,,,,0,0,0,normal
15441077,특번,2026-01-23 03:49:00,3.0,1,0,0,,0,1,0.0,1.0,0,,1,1.0,0.0,,,,,0,0,0,normal
15440080,특번,2026-02-10 15:00:00,15.0,0,0,1,261.74,0,1,0.0,1.0,1,45.41,0,,,,,,,0,0,0,normal
15221155,특번,2026-08-21 22:28:00,22.0,1,0,0,,0,0,,,0,,0,,,,,,,0,0,0,normal
15887270,특번,2026-08-07 16:28:00,16.0,1,0,0,,0,1,0.0,1.0,0,,0,,,,,,,0,0,0,normal
01027694730,010,2026-04-14 00:49:00,0.0,0,1,1,334.75,1,1,0.0,1.0,0,,1,1.0,1.0,,,,,0,0,0,normal
15771000,특번,2026-10-11 21:27:00,21.0,0,0,0,,0,1,0.0,1.0,1,4.32,1,1.0,0.0,,,,,0,0,0,normal
01079293625,010,2026-08-06 23:17:00,23.0,1,1,1,24.4,0,1,0.0,1.0,0,,0,,,,,,,0,0,0,normal
16008585,특번,2026-09-12 14:59:00,14.0,1,0,1,8.51,0,1,0.0,1.0,0,,0,,,,,,,0,0,0,normal
15991111,특번,2026-09-07 04:23:00,4.0,0,0,1,343.57,0,0,,,0,,0,,,,,,,0,0,0,normal
15888000,특번,2026-04-18 09:30:00,9.0,0,0,0,,0,1,0.0,1.0,0,,0,,,,,,,0,0,0,normal
01078457362,010,2026-09-13 17:31:00,17.0,1,1,1,1.55,1,1,0.0,1.0,0,,0,,,,,,,0,0,0,normal
15883570,특번,2026-01-16 01:09:00,1.0,0,0,0,,0,1,0.0,1.0,0,,0,,,,,,,0,0,0,normal
15991916,특번,2026-06-10 14:50:00,14.0,0,0,0,,0,0,,,0,,1,1.0,0.0,,,,,0,0,0,normal
01057142241,010,2026-01-12 02:37:00,2.0,1,1,1,22.61,1,1,0.0,1.0,0,,0,,,,,,,0,0,0,normal
01007629696,010,2026-08-17 06:44:00,6.0,0,1,1,21.53,1,0,,,1,1.33,1,1.0,0.0,,,,,0,0,0,normal
16006200,특번,2026-04-20 12:46:00,12.0,0,0,0,,0,1,0.0,1.0,0,,0,,,,,,,0,0,0,normal
15441120,특번,2026-02-09 13:50:00,13.0,0,0,0,,0,0,,,0,,0,,,,,,,0,0,0,normal
025532180,02(서울 유선),2026-03-11 06:02:00,6.0,0,0,1,3.84,0,1,0.0,1.0,0,,1,1.0,0.0,,,,,0,0,0,normal
01007983342,010,2026-06-28 11:12:00,11.0,0,1,0,,1,1,0.0,1.0,0,,0,,,,,,,0,0,0,normal
15778000,특번,2026-05-04 17:29:00,17.0,1,0,0,,0,0,,,0,,1,1.0,0.0,,,,,0,0,0,normal
15888377,특번,2026-09-15 22:58:00,22.0,0,0,1,175.96,0,0,,,0,,0,,,,,,,0,0,0,normal
01058115744,010,2026-10-13 17:41:00,17.0,1,1,0,,1,1,0.0,1.0,0,,1,1.0,0.0,,,,,0,0,0,normal
0425505963,기타,2026-03-19 11:13:00,11.0,0,0,0,,0,1,0.0,1.0,0,,0,,,,,,,0,0,0,normal
16663060,특번,2026-02-24 14:00:00,14.0,1,0,0,,0,1,0.0,1.0,0,,0,,,,,,,0,0,0,normal
15446399,특번,2026-09-10 13:24:00,13.0,1,0,0,,0,0,,,0,,0,,,,,,,0,0,0,normal
16995342,특번,2026-01-22 06:20:00,6.0,0,0,0,,0,0,,,0,,1,1.0,0.0,,,,,0,0,0,normal
15888585,특번,2026-10-22 04:54:00,4.0,0,0,0,,0,1,1.0,1.0,0,,0,,,,,,,0,0,0,normal
15443082,특번,2026-05-16 17:59:00,17.0,0,0,0,,0,0,,,0,,0,,,,,,,0,0,0,normal
16617654,특번,2026-09-12 19:35:00,19.0,0,0,1,32.55,0,0,,,0,,0,,,,,,,0,0,0,normal
15778000,특번,2026-06-30 19:05:00,19.0,0,0,0,,0,0,,,0,,0,,,,,,,0,0,0,normal
07023430980,070(인터넷전화),2026-08-17 08:38:00,8.0,0,0,0,,0,1,0.0,1.0,1,36.94,0,,,,,,,0,0,0,normal
01049303646,010,2026-12-05 12:09:00,12.0,1,1,1,2514.78,1,1,0.0,1.0,0,,1,1.0,0.0,,,,,0,0,0,normal
0624160113,기타,2026-04-10 22:55:00,22.0,0,0,0,,0,0,,,0,,1,1.0,0.0,,,,,0,0,0,normal
15665050,특번,2026-07-17 22:19:00,22.0,1,0,0,,0,1,0.0,1.0,0,,0,,,,,,,0,0,0,normal
18116688,특번,2026-05-12 22:29:00,22.0,0,0,1,2.47,0,1,0.0,1.0,1,0.12,1,1.0,0.0,,,,,0,0,0,normal
0624160113,기타,2026-08-30 17:39:00,17.0,0,0,0,,0,0,,,0,,1,1.0,0.0,,,,,0,0,0,normal
15887270,특번,2026-06-26 16:15:00,16.0,0,0,1,0.9,0,0,,,0,,0,,,,,,,0,0,0,normal
08018923,기타,2026-02-09 02:32:00,2.0,0,0,0,,0,0,,,0,,0,,,,,,,0,0,0,normal
01031839021,010,2026-08-26 20:24:00,20.0,1,1,1,13.22,1,0,,,0,,1,1.0,0.0,,,,,0,0,0,normal
01052166746,010,2026-12-15 05:56:00,5.0,1,1,1,112.42,1,1,0.0,1.0,0,,0,,,,,,,0,0,0,normal
0019887230755,00X(국제),2026-12-11 16:37:00,16.0,1,0,0,,0,0,,,0,,1,1.0,0.0,,,,,1,1,0,normal
15886200,특번,2026-02-16 09:23:00,9.0,0,0,0,,0,0,,,0,,1,1.0,0.0,,,,,0,0,0,normal
05580154150,기타,2026-10-18 12:25:00,12.0,0,0,1,35.64,0,1,0.0,1.0,0,,0,,,,,,,0,0,0,normal
15993333,특번,2026-09-04 18:12:00,18.0,0,0,0,,0,1,0.0,1.0,0,,0,,,,,,,0,0,0,normal
16663060,특번,2026-10-07 06:58:00,6.0,0,0,0,,0,1,0.0,1.0,1,71.13,1,1.0,0.0,,,,,0,0,0,normal
06012275304,기타,2026-10-07 07:26:00,7.0,0,0,0,,0,0,,,1,270.26,0,,,,,,,0,0,0,normal
01030772629,010,2026-04-17 23:04:00,23.0,0,1,1,20.51,1,0,,,0,,1,1.0,0.0,,,,,0,0,0,normal
01060084380,010,2026-01-18 17:45:00,17.0,1,1,1,497.34,1,0,,,0,,1,1.0,0.0,,,,,0,0,0,normal
070045596,070(인터넷전화),2026-08-26 01:25:00,1.0,0,0,0,,0,0,,,0,,0,,,,,,,0,0,0,normal
15880037,특번,2026-06-30 12:28:00,12.0,1,0,0,,0,1,0.0,1.0,0,,1,1.0,0.0,,,,,0,0,0,normal
01037331074,010,2026-11-15 21:29:00,21.0,0,1,1,25.65,0,0,,,0,,0,,,,,,,0,0,0,normal
15662566,특번,2026-03-05 17:27:00,17.0,0,0,0,,0,1,0.0,1.0,1,1088.71,1,1.0,0.0,,,,,0,0,0,normal
01009617981,010,2026-11-20 09:16:00,9.0,0,1,0,,1,1,0.0,1.0,1,303.88,0,,,,,,,0,0,0,normal
15778000,특번,2026-08-11 12:46:00,12.0,0,0,1,5.78,0,1,0.0,1.0,1,26.52,1,1.0,0.0,,,,,0,0,0,normal
0269640101,02(서울 유선),2026-02-16 09:56:00,9.0,0,0,0,,0,0,,,1,5378.52,0,,,,,,,0,1,1,loan
01054962595,010,2026-01-10 18:46:00,,0,0,1,8411.11,0,1,1.0,0.0,0,,1,0.0,0.0,,,,,0,0,1,etc
15993333,특번,2026-06-19 08:26:00,8.0,0,0,1,33.26,0,0,,,0,,0,,,,,,,0,0,0,normal
01059551072,010,2026-08-28 09:37:00,9.0,1,1,0,,1,1,0.0,1.0,0,,0,,,,,,,0,0,0,normal
0099391426520,00X(국제),2026-03-29 21:29:00,21.0,1,0,0,,0,0,,,0,,1,1.0,0.0,,,,,1,0,0,normal
15888000,특번,2026-05-28 13:51:00,13.0,0,0,0,,0,1,0.0,1.0,0,,1,1.0,0.0,,,,,0,0,0,normal
15999000,특번,2026-09-07 16:02:00,16.0,1,0,0,,0,1,0.0,1.0,0,,0,,,,,,,0,0,0,normal
01076212679,010,2026-11-06 23:43:00,23.0,0,1,0,,1,1,0.0,1.0,1,21.94,0,,,,,,,0,0,0,normal
01077533594,010,2026-02-02 10:06:00,10.0,0,1,0,,1,0,,,0,,0,,,,,,,0,0,0,normal
15777011,특번,2026-01-07 01:46:00,1.0,0,0,0,,0,1,0.0,1.0,0,,0,,,,,,,0,0,0,normal
15441077,특번,2026-09-17 18:25:00,18.0,0,0,0,,0,0,,,0,,0,,,,,,,0,0,0,normal
0709756792,070(인터넷전화),2026-04-11 20:51:00,20.0,0,0,0,,0,0,,,0,,0,,,,,,,0,0,0,normal
15446399,특번,2026-08-01 13:27:00,13.0,0,0,0,,0,1,1.0,1.0,1,17.23,0,,,,,,,0,0,0,normal
01085854973,010,2026-06-29 12:14:00,12.0,0,1,0,,1,0,,,0,,0,,,,,,,0,0,0,normal
01002387288,010,2026-01-23 13:57:00,13.0,0,1,0,,1,0,,,0,,0,,,,,,,0,0,0,normal
15223000,특번,2026-02-02 12:53:00,12.0,1,0,0,,0,0,,,0,,1,1.0,0.0,,,,,0,0,0,normal
07022066,070(인터넷전화),2026-11-16 17:00:00,17.0,0,0,1,0.24,0,0,,,0,,0,,,,,,,0,0,0,normal
01094047891,010,2026-05-28 12:31:00,12.0,0,1,1,142.5,1,0,,,0,,0,,,,,,,0,0,0,normal
021658202,02(서울 유선),2026-11-16 01:37:00,1.0,0,0,0,,0,1,0.0,1.0,0,,0,,,,,,,0,0,0,normal
0423317505,기타,2026-06-27 05:08:00,5.0,0,0,0,,0,0,,,0,,1,1.0,0.0,,,,,0,0,0,normal
0262752275,02(서울 유선),2026-03-31 06:59:00,6.0,0,0,0,,0,0,,,1,11.88,0,,,,,,,0,0,0,normal
15771000,특번,2026-09-02 11:02:00,11.0,0,0,0,,0,1,0.0,1.0,0,,0,,,,,,,0,0,0,normal
000569476192,00X(국제),2026-12-04 09:21:00,9.0,1,0,0,,0,0,,,0,,0,,,,,,,1,0,0,normal
15883500,특번,2026-09-22 00:17:00,0.0,1,1,0,,0,1,0.0,1.0,0,,0,,,,,,,0,0,0,normal
00710539259,00X(국제),2026-02-10 03:42:00,3.0,1,0,1,19.39,0,0,,,0,,1,1.0,0.0,,,,,1,0,0,normal
15883570,특번,2026-08-25 15:37:00,15.0,1,0,0,,0,0,,,0,,0,,,,,,,0,0,0,normal
15884477,특번,2026-03-19 05:14:00,5.0,1,0,0,,0,0,,,0,,1,1.0,0.0,,,,,0,0,0,normal
003251218082,00X(국제),2026-05-01 21:00:00,21.0,0,0,0,,0,0,,,0,,1,1.0,0.0,,,,,1,0,0,normal
15881599,특번,2026-08-21 22:34:00,22.0,0,0,0,,0,1,1.0,1.0,0,,0,,,,,,,0,0,0,normal
01094574051,010,2026-01-15 14:35:00,14.0,0,0,1,4358.82,0,0,,,1,5131.99,0,,,,,,,0,1,1,institution
15888801,특번,2026-11-04 17:43:00,17.0,0,0,0,,0,1,0.0,1.0,0,,0,,,,,,,0,0,0,normal
15223000,특번,2026-11-17 06:17:00,6.0,0,0,0,,0,1,0.0,1.0,0,,0,,,,,,,0,0,0,normal
15447758,특번,2026-12-24 05:01:00,5.0,0,0,0,,0,1,0.0,1.0,0,,0,,,,,,,0,0,0,normal
15777011,특번,2026-09-10 05:10:00,5.0,0,0,0,,0,0,,,0,,0,,,,,,,0,0,0,normal
01008271721,010,2026-11-29 21:34:00,21.0,1,1,0,,1,0,,,0,,0,,,,,,,0,0,0,normal
15771000,특번,2026-03-04 01:56:00,1.0,0,0,1,186.49,0,0,,,0,,0,,,,,,,0,0,0,normal
01076102965,010,2026-07-11 21:39:00,21.0,0,1,0,,1,1,0.0,1.0,0,,0,,,,,,,0,0,0,normal
01034855002,010,2026-07-01 18:42:00,18.0,1,1,1,0.08,1,0,,,0,,0,,,,,,,0,0,0,normal
0423317505,기타,2026-10-07 23:08:00,23.0,1,0,0,,0,1,0.0,1.0,0,,0,,,,,,,0,0,0,normal
01009875546,010,2026-12-30 01:31:00,1.0,1,1,1,3.83,1,1,0.0,0.0,0,,0,,,,,,,0,0,0,normal
16000400,특번,2026-08-09 14:05:00,14.0,1,0,0,,0,0,,,0,,0,,,,,,,0,0,0,normal
15661277,특번,2026-07-09 23:03:00,23.0,0,0,0,,1,1,0.0,1.0,0,,0,,,,,,,0,0,0,normal
01040543934,010,2026-10-02 05:36:00,5.0,1,1,1,0.54,1,0,,,0,,1,1.0,0.0,,,,,0,0,0,normal
01032605904,010,2026-12-05 02:42:00,2.0,0,1,1,114.31,1,0,,,0,,0,,,,,,,0,0,0,normal
15883651,특번,2026-05-27 11:19:00,11.0,0,0,0,,0,1,0.0,1.0,0,,0,,,,,,,0,0,0,normal
15990011,특번,2026-07-10 03:59:00,3.0,0,0,0,,0,0,,,0,,1,1.0,0.0,,,,,0,0,0,normal
01018156054,010,2026-04-29 02:36:00,2.0,0,1,1,37.16,1,0,,,0,,1,1.0,0.0,,,,,0,0,0,normal
15991916,특번,2026-04-20 22:19:00,22.0,0,0,0,,0,1,0.0,1.0,0,,1,1.0,0.0,,,,,0,0,0,normal
01061493316,010,2026-06-06 23:41:00,23.0,0,1,1,33.16,1,0,,,0,,0,,,,,,,0,0,0,normal
01047439742,010,2026-04-04 14:19:00,14.0,0,1,1,4.0,1,1,0.0,1.0,1,2.2,0,,,,,,,0,0,0,normal
16006200,특번,2026-11-02 03:35:00,3.0,0,0,0,,0,0,,,0,,1,1.0,0.0,,,,,0,0,0,normal
15233586,특번,2026-03-14 13:42:00,13.0,0,0,0,,0,1,1.0,1.0,1,1202.47,1,0.0,1.0,,,,,0,0,1,institution
01031984105,010,2026-01-21 00:02:00,0.0,0,1,1,6.76,1,0,,,0,,0,,,,,,,0,0,0,normal
15990903,특번,2026-08-16 21:39:00,21.0,1,0,0,,0,0,,,0,,1,1.0,0.0,,,,,0,0,0,normal
16000400,특번,2026-01-06 20:14:00,20.0,0,0,0,,0,1,0.0,1.0,0,,1,1.0,0.0,,,,,0,0,0,normal
0636800756,기타,2026-09-25 14:53:00,14.0,0,0,0,,0,1,0.0,1.0,0,,0,,,,,,,0,0,0,normal
07081626671,070(인터넷전화),2026-07-17 05:17:00,5.0,0,0,0,,0,1,0.0,1.0,0,,1,1.0,0.0,,,,,0,0,0,normal
15444200,특번,2026-11-25 03:18:00,3.0,0,0,0,,0,0,,,1,39.38,0,,,,,,,0,0,0,normal
15888000,특번,2026-01-06 19:16:00,19.0,0,0,0,,0,1,0.0,1.0,0,,0,,,,,,,0,0,0,normal
15441077,특번,2026-09-11 05:36:00,5.0,1,0,0,,0,1,0.0,1.0,0,,1,1.0,0.0,,,,,0,0,0,normal
15440080,특번,2026-09-13 01:06:00,1.0,0,0,0,,0,1,0.0,1.0,1,37.74,1,1.0,0.0,,,,,0,0,0,normal
01022124954,010,2026-05-22 23:39:00,23.0,1,1,1,52.47,1,1,0.0,1.0,0,,0,,,,,,,0,1,0,normal
01005392220,010,2026-09-29 04:49:00,4.0,0,1,1,17.02,1,1,1.0,1.0,0,,0,,,,,,,0,0,0,normal
01032809997,010,2026-01-18 19:10:00,19.0,0,1,0,,1,1,0.0,1.0,0,,0,,,,,,,0,0,0,normal
025669998,02(서울 유선),2026-01-30 14:27:00,14.0,1,0,0,,0,0,,,0,,1,1.0,0.0,,,,,0,0,0,normal
03180219341,기타,2026-08-27 22:21:00,22.0,0,0,1,3.08,0,1,0.0,1.0,0,,0,,,,,,,0,0,0,normal
15777011,특번,2026-04-27 21:33:00,21.0,0,0,0,,0,0,,,1,223.22,0,,,,,,,0,0,0,normal
0423317505,기타,2026-11-17 21:53:00,21.0,0,0,0,,0,0,,,1,4.94,0,,,,,,,0,0,0,normal
15888585,특번,2026-02-23 04:44:00,4.0,0,0,0,,0,0,,,0,,0,,,,,,,0,0,0,normal
15991111,특번,2026-08-23 19:44:00,19.0,1,0,0,,0,1,0.0,1.0,0,,1,1.0,0.0,,,,,0,0,0,normal
15888377,특번,2026-12-13 21:53:00,21.0,0,0,0,,0,0,,,1,5.86,0,,,,,,,0,0,0,normal
15887270,특번,2026-10-18 20:13:00,20.0,1,0,0,,0,1,0.0,1.0,0,,1,1.0,0.0,,,,,0,0,0,normal
15888000,특번,2026-05-30 17:31:00,17.0,0,0,0,,0,1,0.0,1.0,0,,1,1.0,0.0,,,,,0,0,0,normal
01093635680,010,2026-12-30 04:42:00,4.0,0,1,0,,1,1,0.0,1.0,0,,0,,,,,,,0,0,0,normal
15443800,특번,2026-08-30 23:11:00,23.0,0,0,0,,0,1,0.0,1.0,0,,0,,,,,,,0,0,0,normal
16446000,특번,2026-05-04 05:51:00,5.0,0,0,0,,0,0,,,0,,0,,,,,,,0,0,0,normal
15665050,특번,2026-02-17 00:03:00,0.0,1,0,0,,0,1,0.0,1.0,0,,1,1.0,0.0,,,,,0,0,0,normal
01081602237,010,2026-12-25 13:32:00,13.0,0,1,1,26.65,1,1,0.0,1.0,0,,0,,,,,,,0,0,0,normal
15881599,특번,2026-09-22 18:39:00,18.0,0,0,0,,0,1,0.0,1.0,0,,0,,,,,,,0,0,0,normal
15441120,특번,2026-09-27 08:46:00,8.0,0,0,0,,0,1,0.0,1.0,0,,0,,,,,,,0,0,0,normal
026833728,02(서울 유선),2026-12-10 14:33:00,14.0,1,0,0,,0,0,,,0,,0,,,,,,,0,0,0,normal
06005583,기타,2026-02-27 00:01:00,0.0,0,0,1,32.68,0,1,0.0,1.0,0,,1,1.0,0.0,,,,,0,0,0,normal
15998500,특번,2026-10-07 10:25:00,10.0,0,0,0,,0,1,1.0,1.0,0,,1,1.0,0.0,,,,,0,0,0,normal
15888801,특번,2026-02-13 18:28:00,18.0,0,0,0,,0,1,0.0,0.0,0,,0,,,,,,,0,0,0,normal
15882001,특번,2026-02-14 23:18:00,23.0,0,0,0,,0,0,,,0,,0,,,,,,,0,0,0,normal
01019093757,010,2026-12-06 05:45:00,5.0,1,1,0,,0,0,,,0,,0,,,,,,,0,0,0,normal
16663060,특번,2026-07-28 04:36:00,4.0,1,0,0,,0,0,,,0,,0,,,,,,,0,0,0,normal
16449999,특번,2026-03-14 14:54:00,14.0,0,0,0,,0,0,,,1,2.79,1,1.0,0.0,,,,,0,1,0,normal
01015825084,010,2026-06-04 23:59:00,23.0,0,1,1,3.09,1,0,,,0,,0,,,,,,,0,0,0,normal
15669009,특번,2026-11-01 00:42:00,0.0,0,0,0,,0,0,,,1,26.98,0,,,,,,,0,0,0,normal
18997047,특번,2026-07-14 03:30:00,3.0,0,0,0,,0,0,,,0,,1,1.0,0.0,,,,,0,0,0,normal
15881515,특번,2026-10-12 05:41:00,5.0,0,0,1,3.98,0,1,0.0,1.0,0,,1,1.0,0.0,,,,,0,0,0,normal
0220269955,02(서울 유선),2026-10-23 16:59:00,16.0,0,0,0,,0,0,,,0,,0,,,,,,,0,0,0,normal
16006200,특번,2026-10-20 08:18:00,8.0,0,0,1,8.07,0,0,,,0,,0,,,,,,,0,0,0,normal
01096829245,010,2026-02-13 20:28:00,20.0,0,1,1,230.92,1,1,0.0,1.0,0,,0,,,,,,,0,0,0,normal
15881599,특번,2026-07-21 19:27:00,19.0,0,0,0,,0,0,,,0,,0,,,,,,,0,0,0,normal
15998000,특번,2026-12-04 04:05:00,4.0,1,0,0,,0,0,,,0,,0,,,,,,,0,0,0,normal
060038469,기타,2026-03-21 01:36:00,1.0,0,0,1,12.32,0,1,0.0,0.0,0,,1,1.0,0.0,,,,,0,0,0,normal
01060639818,010,2026-01-05 02:18:00,2.0,0,1,0,,1,1,0.0,1.0,0,,0,,,,,,,0,0,0,normal
15444200,특번,2026-03-07 22:06:00,22.0,0,0,0,,0,0,,,1,35.52,0,,,,,,,0,0,0,normal
15888801,특번,2026-06-02 06:33:00,6.0,0,0,0,,0,1,0.0,1.0,0,,0,,,,,,,0,0,0,normal
15888377,특번,2026-04-26 06:44:00,6.0,0,0,0,,0,0,,,0,,1,1.0,0.0,,,,,0,0,0,normal
15998000,특번,2026-11-23 13:47:00,13.0,0,0,0,,0,0,,,0,,0,,,,,,,0,0,0,normal
01020663267,010,2026-06-20 04:12:00,4.0,0,0,1,57.36,0,0,,,0,,0,,,,,,,0,0,0,normal
01030035275,010,2026-03-13 08:00:00,8.0,0,1,1,82.07,1,0,,,0,,0,,,,,,,0,0,0,normal
01056088041,010,2026-01-28 11:40:00,11.0,1,1,0,,1,0,,,0,,1,1.0,0.0,,,,,0,0,0,normal
18116688,특번,2026-03-31 11:03:00,11.0,0,0,0,,0,1,0.0,1.0,0,,0,,,,,,,0,0,0,normal
15440010,특번,2026-09-01 01:33:00,1.0,0,0,0,,0,0,,,0,,0,,,,,,,0,0,0,normal
16617654,특번,2026-10-26 07:28:00,7.0,0,0,0,,0,1,0.0,1.0,0,,1,1.0,0.0,,,,,0,0,0,normal
01018301008,010,2026-07-17 16:39:00,16.0,1,1,0,,1,1,1.0,1.0,0,,0,,,,,,,0,0,0,normal
16706250,특번,2026-07-22 06:50:00,6.0,1,0,0,,0,0,,,0,,0,,,,,,,0,0,0,normal
01058062745,010,2026-10-18 02:06:00,2.0,0,1,1,274.95,1,1,0.0,1.0,1,20.27,1,1.0,0.0,,,,,0,1,0,normal
15441077,특번,2026-08-01 22:55:00,22.0,0,0,0,,0,1,0.0,1.0,0,,1,1.0,0.0,,,,,0,0,0,normal
0238292361,02(서울 유선),2026-11-02 02:08:00,2.0,1,0,0,,0,0,,,0,,1,1.0,0.0,,,,,0,0,0,normal
15778000,특번,2026-01-14 20:35:00,20.0,0,0,0,,0,0,,,1,0.22,0,,,,,,,0,0,0,normal
15888377,특번,2026-12-23 06:46:00,6.0,0,0,0,,0,0,,,0,,0,,,,,,,0,0,0,normal
16006200,특번,2026-05-29 10:03:00,10.0,0,0,0,,0,1,0.0,0.0,1,4.05,0,,,,,,,0,0,0,normal
15221704,특번,2026-06-28 15:07:00,15.0,0,0,0,,0,1,0.0,1.0,0,,0,,,,,,,0,0,0,normal
15664295,특번,2026-03-29 12:45:00,12.0,0,0,0,,0,0,,,0,,1,1.0,0.0,,,,,0,0,0,normal
15447758,특번,2026-06-03 14:37:00,14.0,0,0,0,,0,1,0.0,1.0,0,,0,,,,,,,0,0,0,normal
01059741451,010,2026-12-24 20:51:00,20.0,0,1,0,,1,0,,,0,,0,,,,,,,0,0,0,normal
01044661651,010,2026-12-11 09:48:00,9.0,1,1,1,0.82,1,1,0.0,1.0,0,,1,1.0,0.0,,,,,0,0,0,normal
15662566,특번,2026-10-29 08:55:00,8.0,1,0,1,6.39,0,1,0.0,1.0,0,,0,,,,,,,0,0,0,normal
15664295,특번,2026-05-02 13:05:00,13.0,1,0,0,,0,0,,,0,,1,1.0,0.0,,,,,0,0,0,normal
01042326634,010,2026-06-23 13:02:00,13.0,0,0,1,3191.6,0,0,,,0,,1,0.0,1.0,,,,,0,1,1,acquaintance
01016279706,010,2026-10-04 11:55:00,11.0,1,1,1,50.49,1,1,0.0,1.0,0,,0,,,,,,,0,0,0,normal
15669009,특번,2026-09-02 03:37:00,3.0,1,0,0,,0,0,,,0,,1,1.0,0.0,,,,,0,1,0,normal
01060376811,010,2026-11-18 07:56:00,7.0,1,1,1,1.24,1,1,0.0,1.0,0,,1,1.0,0.0,,,,,0,0,0,normal
15887270,특번,2026-12-11 14:40:00,14.0,0,0,0,,0,0,,,1,90.33,0,,,,,,,0,0,0,normal
15882588,특번,2026-05-21 15:11:00,15.0,0,0,0,,0,1,0.0,1.0,0,,0,,,,,,,0,1,0,normal
15998500,특번,2026-03-31 15:09:00,15.0,0,0,0,,0,0,,,0,,1,1.0,0.0,,,,,0,0,0,normal
15884477,특번,2026-03-02 03:52:00,3.0,1,0,0,,0,0,,,0,,0,,,,,,,0,0,0,normal
01006953517,010,2026-02-28 10:30:00,10.0,0,1,1,2.9,1,1,0.0,1.0,0,,0,,,,,,,0,0,0,normal
15661277,특번,2026-03-15 00:17:00,0.0,0,0,0,,0,0,,,0,,0,,,,,,,0,0,0,normal
15661277,특번,2026-11-24 08:44:00,8.0,0,0,1,55.77,0,1,0.0,1.0,0,,0,,,,,,,0,0,0,normal
01053746678,010,2026-09-08 03:40:00,3.0,1,1,1,24.73,1,1,0.0,1.0,0,,0,,,,,,,0,0,0,normal
01082498980,010,2026-01-03 01:50:00,1.0,1,1,1,4.59,1,1,0.0,0.0,0,,0,,,,,,,0,0,0,normal
024135961,02(서울 유선),2026-12-31 03:31:00,3.0,0,0,0,,0,1,0.0,1.0,0,,0,,,,,,,0,0,0,normal
15888377,특번,2026-06-30 01:24:00,1.0,0,0,1,8.77,0,1,0.0,1.0,0,,0,,,,,,,0,0,0,normal
01089265401,010,2026-10-14 20:44:00,20.0,0,1,1,117.16,1,1,0.0,1.0,1,20.58,0,,,,,,,0,0,0,normal
15447758,특번,2026-02-21 04:46:00,4.0,0,0,0,,0,0,,,0,,0,,,,,,,0,0,0,normal
01021215481,010,2026-09-29 05:43:00,5.0,0,1,1,1622.16,1,1,1.0,1.0,1,66.29,0,,,,,,,0,0,0,normal
16006200,특번,2026-08-16 23:23:00,23.0,1,0,0,,0,0,,,0,,0,,,,,,,0,0,0,normal
01016397505,010,2026-11-16 19:04:00,19.0,1,1,1,213.41,1,1,1.0,1.0,0,,0,,,,,,,0,0,0,normal
024353849,02(서울 유선),2026-08-18 10:18:00,10.0,1,0,0,,0,0,,,0,,1,1.0,0.0,,,,,0,0,0,normal
15884477,특번,2026-04-13 13:05:00,13.0,0,0,1,33.06,1,0,,,1,4.5,0,,,,,,,0,0,0,normal
15881599,특번,2026-07-01 18:32:00,18.0,0,0,0,,0,0,,,0,,0,,,,,,,0,0,0,normal
0423317505,기타,2026-02-06 09:28:00,9.0,0,0,1,32.08,0,1,0.0,0.0,1,8.63,0,,,,,,,0,0,0,normal
16008172,특번,2026-04-22 14:15:00,14.0,0,0,0,,0,0,,,0,,1,1.0,0.0,,,,,0,0,0,normal
15998000,특번,2026-09-18 06:43:00,6.0,0,0,0,,0,1,0.0,1.0,0,,1,1.0,0.0,,,,,0,0,0,normal
15881599,특번,2026-12-15 22:32:00,22.0,0,0,1,31.11,0,0,,,0,,1,1.0,0.0,,,,,0,1,0,normal
01021998982,010,2026-06-10 00:54:00,0.0,1,1,1,4.46,1,0,,,0,,1,1.0,0.0,,,,,0,0,0,normal
0301529821,기타,2026-12-29 09:04:00,9.0,0,0,0,,0,0,,,0,,0,,,,,,,0,0,0,normal
01019836915,010,2026-11-19 07:55:00,7.0,0,1,1,1.02,1,1,0.0,1.0,1,12.88,0,,,,,,,0,0,0,normal
15221704,특번,2026-06-28 11:14:00,11.0,0,0,0,,0,1,0.0,1.0,0,,1,1.0,0.0,,,,,0,0,0,normal
07045340107,070(인터넷전화),2026-07-31 03:40:00,3.0,0,0,0,,0,0,,,1,205.15,0,,,,,,,0,0,0,normal
01090949044,010,2026-07-09 15:01:00,15.0,0,1,1,18.01,1,1,0.0,1.0,1,10.92,1,1.0,0.0,,,,,0,0,0,normal
0423317505,기타,2026-04-09 15:46:00,15.0,1,0,0,,0,1,0.0,1.0,0,,0,,,,,,,0,0,0,normal
01042716186,010,2026-04-28 00:31:00,0.0,1,1,1,260.88,1,0,,,0,,1,1.0,0.0,,,,,0,0,0,normal
01084734479,010,2026-05-20 09:35:00,9.0,0,1,1,2011.02,1,1,0.0,1.0,0,,0,,,,,,,0,0,0,normal
15882001,특번,2026-03-12 00:53:00,0.0,0,0,0,,0,1,0.0,1.0,0,,0,,,,,,,0,0,0,normal
01072662925,010,2026-01-15 04:07:00,4.0,0,1,0,,1,0,,,0,,0,,,,,,,0,0,0,normal
01048511688,010,2026-06-12 05:40:00,5.0,0,1,1,2.06,1,1,0.0,1.0,0,,0,,,,,,,0,0,0,normal
0808221416,기타,2026-01-05 10:56:00,10.0,0,0,1,125.71,0,0,,,1,41.12,0,,,,,,,0,0,0,normal
04150378280,기타,2026-06-16 07:21:00,7.0,0,0,0,,0,0,,,1,63.0,0,,,,,,,0,0,0,normal
15998000,특번,2026-02-24 19:40:00,19.0,0,1,0,,0,0,,,0,,1,1.0,0.0,,,,,0,0,0,normal
15669009,특번,2026-03-07 14:37:00,14.0,0,0,0,,0,1,0.0,1.0,0,,0,,,,,,,0,0,0,normal
16613000,특번,2026-10-29 14:55:00,14.0,0,0,0,,0,1,0.0,1.0,0,,1,1.0,0.0,,,,,0,0,0,normal
0527755795,기타,2026-12-30 00:39:00,0.0,0,0,0,,0,1,1.0,1.0,0,,0,,,,,,,0,0,0,normal
16227236,특번,2026-04-27 02:28:00,2.0,0,0,0,,0,1,0.0,1.0,0,,1,1.0,0.0,,,,,0,0,0,normal
15440080,특번,2026-03-08 13:58:00,13.0,1,0,0,,0,1,0.0,1.0,0,,0,,,,,,,0,0,0,normal
15444200,특번,2026-11-19 07:43:00,7.0,1,0,0,,0,0,,,0,,1,1.0,0.0,,,,,0,0,0,normal
15990011,특번,2026-08-07 23:00:00,23.0,0,0,0,,0,0,,,1,388.58,0,,,,,,,0,0,0,normal
15993333,특번,2026-12-21 03:21:00,3.0,0,0,0,,0,1,0.0,1.0,0,,0,,,,,,,0,0,0,normal
15662566,특번,2026-10-12 18:37:00,18.0,0,0,0,,0,1,0.0,1.0,0,,0,,,,,,,0,0,0,normal
15446200,특번,2026-05-20 08:46:00,8.0,0,0,0,,0,0,,,0,,0,,,,,,,0,0,0,normal
01007530877,010,2026-04-17 05:31:00,5.0,0,1,0,,1,1,0.0,1.0,0,,0,,,,,,,0,0,0,normal
01008640355,010,2026-06-26 09:36:00,9.0,0,1,0,,1,0,,,0,,1,1.0,0.0,,,,,0,0,0,normal
01094019655,010,2026-11-14 18:32:00,18.0,0,1,1,4.52,1,0,,,1,72.94,0,,,,,,,0,0,0,normal
070077997,070(인터넷전화),2026-08-22 08:38:00,8.0,0,0,0,,0,0,,,0,,0,,,,,,,0,0,0,normal
15883500,특번,2026-05-10 22:43:00,22.0,1,0,1,16.81,0,0,,,0,,0,,,,,,,0,0,0,normal
01022380137,010,2026-01-24 07:02:00,7.0,0,1,1,1877.63,1,0,,,0,,1,1.0,0.0,,,,,0,0,0,normal
16706250,특번,2026-04-20 03:59:00,3.0,1,0,0,,0,0,,,0,,0,,,,,,,0,0,0,normal
15880037,특번,2026-06-05 22:21:00,22.0,1,0,0,,1,1,0.0,1.0,0,,0,,,,,,,0,0,0,normal
0274659239,02(서울 유선),2026-10-30 10:48:00,10.0,1,0,0,,0,1,1.0,1.0,0,,1,1.0,0.0,,,,,0,0,0,normal
01085587235,010,2026-12-19 18:02:00,18.0,0,1,1,2.93,1,1,0.0,1.0,0,,1,1.0,0.0,,,,,0,0,0,normal
16613000,특번,2026-01-25 08:56:00,8.0,0,0,0,,1,0,,,0,,0,,,,,,,0,0,0,normal
15446399,특번,2026-06-13 14:07:00,14.0,0,0,0,,0,1,0.0,1.0,0,,0,,,,,,,0,0,0,normal
01091708517,010,2026-06-23 22:56:00,22.0,1,1,1,21.79,1,1,0.0,1.0,0,,0,,,,,,,0,0,0,normal
01038069847,010,2026-12-11 14:19:00,14.0,1,1,1,18.9,1,1,0.0,1.0,0,,0,,,,,,,0,0,0,normal
15999000,특번,2026-07-30 22:06:00,22.0,0,1,1,13.49,0,0,,,0,,0,,,,,,,0,0,0,normal
01015911753,010,2026-06-21 15:45:00,15.0,0,1,1,10.43,1,0,,,0,,0,,,,,,,0,0,0,normal
15221704,특번,2026-01-06 09:44:00,9.0,0,0,0,,0,0,,,0,,1,1.0,0.0,,,,,0,0,0,normal
15443800,특번,2026-09-25 07:14:00,7.0,1,0,0,,0,0,,,0,,0,,,,,,,0,0,0,normal
15446200,특번,2026-10-09 12:33:00,12.0,0,0,0,,0,0,,,1,353.06,1,1.0,0.0,,,,,0,1,0,normal
15660123,특번,2026-05-12 14:36:00,14.0,0,0,0,,0,1,0.0,1.0,0,,0,,,,,,,0,0,0,normal
15991916,특번,2026-03-16 23:17:00,23.0,0,0,0,,0,0,,,1,229.41,0,,,,,,,0,0,0,normal
01067940601,010,2026-08-17 23:07:00,23.0,1,1,1,10.54,1,0,,,0,,0,,,,,,,0,0,0,normal
01063146249,010,2026-03-16 07:42:00,7.0,0,1,1,654.64,1,1,1.0,1.0,0,,1,1.0,0.0,,,,,0,0,0,normal
16888114,특번,2026-12-25 22:52:00,22.0,1,0,0,,0,1,0.0,1.0,0,,0,,,,,,,0,0,0,normal
0502423839,기타,2026-11-24 08:06:00,8.0,0,0,1,56.64,0,0,,,0,,0,,,,,,,0,0,0,normal
01073664096,010,2026-01-05 20:47:00,20.0,0,1,1,547.51,1,0,,,1,32.31,0,,,,,,,0,0,0,normal
01019312108,010,2026-04-01 13:20:00,13.0,0,1,1,5.5,0,0,,,0,,0,,,,,,,0,1,0,normal
01029439852,010,2026-08-02 14:32:00,14.0,0,1,1,37.38,1,0,,,0,,0,,,,,,,0,0,0,normal
05221996832,기타,2026-12-17 03:34:00,3.0,1,0,0,,0,0,,,0,,0,,,,,,,0,0,0,normal
01033356942,010,2026-01-15 12:11:00,12.0,0,1,1,694.04,1,1,0.0,1.0,0,,0,,,,,,,0,0,0,normal
01067924157,010,2026-03-01 13:29:00,13.0,0,1,0,,1,0,,,0,,0,,,,,,,0,0,0,normal
15990903,특번,2026-07-22 18:11:00,18.0,1,0,0,,0,0,,,0,,0,,,,,,,0,0,0,normal
01071509688,010,2026-05-21 13:28:00,13.0,1,1,0,,1,1,0.0,1.0,0,,0,,,,,,,0,0,0,normal
15660123,특번,2026-09-07 03:45:00,3.0,0,0,0,,0,0,,,0,,0,,,,,,,0,0,0,normal
0069245051490,00X(국제),2026-04-25 16:22:00,16.0,0,0,1,2153.86,0,0,,,1,3502.77,0,,,,,,,1,0,1,institution
0709959465,070(인터넷전화),2026-04-29 04:02:00,4.0,0,0,0,,0,0,,,0,,0,,,,,,,0,0,0,normal
15888585,특번,2026-04-21 03:49:00,3.0,0,0,0,,0,0,,,1,1.08,0,,,,,,,0,0,0,normal
01073722575,010,2026-07-10 07:18:00,7.0,0,1,1,2.65,1,0,,,0,,0,,,,,,,0,0,0,normal
15446200,특번,2026-07-27 13:47:00,13.0,0,0,0,,0,0,,,0,,1,1.0,0.0,,,,,0,0,0,normal
16000400,특번,2026-12-26 00:40:00,0.0,1,0,0,,0,0,,,0,,0,,,,,,,0,0,0,normal
15443030,특번,2026-10-30 15:33:00,15.0,1,0,0,,0,1,0.0,1.0,0,,0,,,,,,,0,0,0,normal
01023013011,010,2026-06-27 20:44:00,20.0,0,1,1,74.42,1,1,0.0,1.0,0,,1,1.0,0.0,,,,,0,0,0,normal
01074072480,010,2026-03-21 03:57:00,3.0,0,1,1,34.73,1,0,,,0,,0,,,,,,,0,0,0,normal
16445425,특번,2026-01-29 03:51:00,3.0,0,0,0,,0,1,0.0,1.0,1,2.53,1,1.0,0.0,,,,,0,0,0,normal
01084855793,010,2026-06-13 07:27:00,7.0,1,1,1,0.47,1,1,0.0,1.0,0,,0,,,,,,,0,0,0,normal
15221000,특번,2026-12-19 06:15:00,6.0,0,0,0,,0,1,0.0,1.0,0,,0,,,,,,,0,0,0,normal
07028296824,070(인터넷전화),2026-08-06 19:58:00,19.0,1,0,0,,0,1,0.0,1.0,0,,0,,,,,,,0,0,0,normal
01076434939,010,2026-07-28 15:34:00,15.0,0,1,0,,1,0,,,0,,0,,,,,,,0,0,0,normal
00686025922,00X(국제),2026-04-16 07:11:00,7.0,0,0,0,,0,0,,,0,,0,,,,,,,1,0,0,normal
0223597710,02(서울 유선),2026-02-04 18:17:00,18.0,0,0,0,,0,0,,,0,,0,,,,,,,0,0,0,normal
01040307559,010,2026-07-26 16:04:00,16.0,0,1,1,11.39,1,1,0.0,1.0,0,,0,,,,,,,0,0,0,normal
023370415,02(서울 유선),2026-11-16 18:21:00,18.0,1,0,0,,0,1,0.0,1.0,0,,1,1.0,0.0,,,,,0,0,0,normal
01084099126,010,2026-02-26 13:37:00,13.0,0,1,1,0.17,1,0,,,1,5.21,0,,,,,,,0,0,0,normal
15885000,특번,2026-11-22 00:14:00,0.0,1,0,0,,0,1,0.0,1.0,0,,1,1.0,0.0,,,,,0,0,0,normal
18116688,특번,2026-03-11 00:37:00,0.0,1,0,0,,0,0,,,0,,0,,,,,,,0,0,0,normal
15990903,특번,2026-11-29 00:46:00,0.0,0,0,0,,0,1,0.0,1.0,1,17.45,0,,,,,,,0,0,0,normal
01077157368,010,2026-08-30 07:51:00,7.0,0,1,1,48.65,1,1,0.0,1.0,1,10.56,0,,,,,,,0,0,0,normal
15662566,특번,2026-08-15 10:59:00,10.0,0,0,0,,0,0,,,1,203.84,1,1.0,0.0,,,,,0,0,0,normal
16705989,특번,2026-03-27 23:12:00,23.0,0,0,0,,0,0,,,0,,1,1.0,0.0,,,,,0,0,0,normal
15448000,특번,2026-02-10 14:32:00,14.0,0,0,0,,0,1,0.0,1.0,0,,0,,,,,,,0,0,0,normal
01069552862,010,2026-01-20 12:10:00,12.0,0,1,0,,1,0,,,0,,0,,,,,,,0,0,0,normal
01085966521,010,2026-10-05 08:27:00,8.0,1,1,1,1.1,1,0,,,0,,0,,,,,,,0,0,0,normal
15888000,특번,2026-06-24 03:32:00,3.0,1,0,0,,0,0,,,0,,0,,,,,,,0,0,0,normal
15880079,특번,2026-06-11 11:27:00,11.0,0,0,0,,0,0,,,0,,0,,,,,,,0,0,0,normal
07088700,070(인터넷전화),2026-04-24 06:23:00,6.0,0,0,0,,0,1,0.0,1.0,0,,0,,,,,,,0,0,0,normal
01086377364,010,2026-04-16 20:52:00,20.0,0,1,0,,1,0,,,1,11.27,0,,,,,,,0,0,0,normal
15440080,특번,2026-05-08 18:04:00,18.0,0,0,0,,0,0,,,1,2.21,0,,,,,,,0,0,0,normal
15998888,특번,2026-12-20 04:37:00,4.0,0,0,0,,0,1,0.0,1.0,0,,1,1.0,0.0,,,,,0,0,0,normal
060182736,기타,2026-05-08 06:07:00,6.0,0,0,0,,0,0,,,0,,0,,,,,,,0,0,0,normal
18140693,특번,2026-11-21 17:56:00,17.0,0,0,0,,0,0,,,0,,0,,,,,,,0,0,0,normal
022395978,02(서울 유선),2026-03-13 16:45:00,16.0,0,0,0,,0,1,0.0,1.0,1,97.28,1,1.0,0.0,,,,,0,0,0,normal
01063890124,010,2026-07-28 12:12:00,12.0,1,1,0,,1,0,,,0,,0,,,,,,,0,0,0,normal
15991916,특번,2026-07-17 06:31:00,6.0,1,0,0,,0,0,,,0,,0,,,,,,,0,0,0,normal
0301245229,기타,2026-04-23 18:07:00,18.0,0,0,1,119.19,0,0,,,0,,0,,,,,,,0,0,0,normal
15991916,특번,2026-11-25 04:12:00,4.0,0,0,0,,0,1,0.0,1.0,1,9.18,0,,,,,,,0,0,0,normal
01000102221,010,2026-05-04 06:16:00,6.0,1,1,0,,1,0,,,0,,0,,,,,,,0,0,0,normal
15771000,특번,2026-07-05 06:02:00,6.0,1,0,0,,0,0,,,0,,0,,,,,,,0,0,0,normal
15440080,특번,2026-07-18 01:55:00,1.0,0,0,0,,0,0,,,0,,1,1.0,0.0,,,,,0,0,0,normal
15991111,특번,2026-11-20 22:42:00,22.0,1,0,1,3.39,0,1,1.0,1.0,0,,0,,,,,,,0,0,0,normal
01057207980,010,2026-07-05 22:17:00,22.0,1,1,0,,1,0,,,0,,0,,,,,,,0,0,0,normal
07024238,070(인터넷전화),2026-05-23 00:36:00,0.0,0,0,1,10.05,0,1,0.0,1.0,0,,0,,,,,,,0,0,0,normal
15777011,특번,2026-10-12 05:48:00,5.0,0,0,0,,0,1,0.0,1.0,0,,0,,,,,,,0,0,0,normal
15999010,특번,2026-10-12 04:35:00,4.0,0,0,0,,0,0,,,0,,0,,,,,,,0,0,0,normal
16004000,특번,2026-10-01 06:06:00,6.0,0,0,1,32.17,0,0,,,0,,0,,,,,,,0,0,0,normal
01090744329,010,2026-12-20 03:37:00,3.0,0,1,0,,1,0,,,0,,1,1.0,0.0,,,,,0,0,0,normal
15884477,특번,2026-10-22 19:39:00,19.0,0,0,0,,0,1,0.0,1.0,0,,0,,,,,,,0,0,0,normal
16446000,특번,2026-01-23 02:07:00,2.0,0,0,0,,0,0,,,1,7.14,1,1.0,0.0,,,,,0,0,0,normal
15441120,특번,2026-05-31 20:27:00,20.0,0,0,0,,0,1,0.0,1.0,0,,0,,,,,,,0,0,0,normal
01061065151,010,2026-06-07 19:21:00,19.0,0,1,1,14.76,1,1,0.0,1.0,0,,1,1.0,0.0,,,,,0,0,0,normal
16446000,특번,2026-06-16 09:30:00,9.0,0,0,0,,0,1,0.0,1.0,1,89.51,0,,,,,,,0,0,0,normal
01083040775,010,2026-03-31 22:21:00,22.0,0,1,0,,1,0,,,0,,1,1.0,0.0,,,,,0,0,0,normal
15885000,특번,2026-11-23 05:20:00,5.0,0,0,0,,0,1,0.0,1.0,0,,1,1.0,0.0,,,,,0,0,0,normal
15669009,특번,2026-12-02 04:23:00,4.0,0,0,0,,0,0,,,0,,0,,,,,,,0,0,0,normal
15441120,특번,2026-10-22 09:22:00,9.0,0,0,0,,0,0,,,0,,1,1.0,0.0,,,,,0,0,0,normal
15881599,특번,2026-02-09 22:07:00,22.0,0,0,0,,0,1,0.0,1.0,0,,0,,,,,,,0,0,0,normal
01044979925,010,2026-03-25 16:09:00,16.0,1,1,1,451.25,1,1,0.0,1.0,0,,1,1.0,0.0,,,,,0,0,0,normal
15998000,특번,2026-07-10 02:02:00,2.0,0,0,0,,0,0,,,0,,0,,,,,,,0,0,0,normal
01082389256,010,2026-09-06 12:11:00,12.0,0,1,0,,1,0,,,0,,0,,,,,,,0,0,0,normal
0624160113,기타,2026-05-31 18:45:00,18.0,0,0,0,,0,1,0.0,1.0,0,,1,1.0,0.0,,,,,0,0,0,normal
01076282559,010,2026-08-12 19:07:00,19.0,1,1,0,,1,0,,,0,,0,,,,,,,0,0,0,normal
01064081067,010,2026-08-15 10:39:00,10.0,0,0,0,,0,0,,,1,1250.03,0,,,,,,,0,1,1,institution
15221155,특번,2026-12-12 09:10:00,9.0,0,0,1,138.52,0,1,1.0,1.0,0,,0,,,,,,,0,0,0,normal
15666000,특번,2026-08-07 06:35:00,6.0,1,0,1,14.14,0,1,0.0,1.0,0,,1,1.0,0.0,,,,,0,0,0,normal
15990011,특번,2026-01-23 23:39:00,23.0,1,0,0,,0,1,0.0,1.0,0,,0,,,,,,,0,0,0,normal
15883570,특번,2026-03-12 07:59:00,7.0,1,1,0,,0,1,0.0,1.0,0,,1,1.0,0.0,,,,,0,0,0,normal
16228735,특번,2026-03-20 13:05:00,13.0,0,0,0,,0,0,,,1,37.74,0,,,,,,,0,0,0,normal
16006200,특번,2026-09-10 01:40:00,1.0,0,0,1,23.47,0,1,0.0,1.0,0,,0,,,,,,,0,0,0,normal
15441077,특번,2026-03-24 14:59:00,14.0,0,0,0,,0,0,,,0,,1,1.0,0.0,,,,,0,0,0,normal
15999000,특번,2026-03-09 18:13:00,18.0,0,0,0,,0,1,0.0,1.0,0,,0,,,,,,,0,0,0,normal
01007895677,010,2026-11-11 22:35:00,22.0,0,1,1,3.5,1,1,0.0,1.0,1,1.11,0,,,,,,,0,0,0,normal
01006821223,010,2026-09-12 08:31:00,8.0,0,0,1,0.98,1,1,0.0,1.0,0,,0,,,,,,,0,0,0,normal
15440010,특번,2026-10-31 07:09:00,7.0,1,0,0,,0,0,,,0,,0,,,,,,,0,0,0,normal
01039615976,010,2026-07-07 09:54:00,9.0,1,1,0,,1,1,1.0,1.0,0,,0,,,,,,,0,0,0,normal
01096053026,010,2026-02-23 15:31:00,15.0,1,1,1,1.32,1,1,0.0,1.0,0,,0,,,,,,,0,0,0,normal
01034809854,010,2026-07-07 10:35:00,10.0,1,1,1,789.59,0,0,,,0,,0,,,,,,,0,0,0,normal
15778000,특번,2026-05-21 05:39:00,5.0,0,0,0,,0,1,0.0,1.0,0,,0,,,,,,,0,0,0,normal
15443800,특번,2026-11-04 10:13:00,10.0,0,0,0,,0,0,,,0,,0,,,,,,,0,0,0,normal
01072828401,010,2026-05-03 04:08:00,4.0,0,1,1,7.62,1,0,,,1,4.23,0,,,,,,,0,0,0,normal
01012995704,010,2026-11-21 20:25:00,20.0,0,1,0,,1,0,,,0,,1,1.0,0.0,,,,,0,0,0,normal
16006200,특번,2026-09-17 16:25:00,16.0,0,0,0,,0,0,,,0,,0,,,,,,,0,0,0,normal
0808221416,기타,2026-05-08 01:37:00,1.0,1,0,1,69.45,0,1,0.0,1.0,0,,0,,,,,,,0,0,0,normal
15881515,특번,2026-08-15 00:14:00,0.0,0,0,0,,0,1,0.0,1.0,0,,1,1.0,0.0,,,,,0,0,0,normal
15991916,특번,2026-05-11 06:46:00,6.0,0,0,0,,0,1,0.0,1.0,1,13.09,0,,,,,,,0,0,0,normal
15884477,특번,2026-04-17 20:35:00,20.0,1,0,0,,0,0,,,0,,0,,,,,,,0,0,0,normal
16663060,특번,2026-03-25 01:49:00,1.0,1,0,0,,0,1,0.0,1.0,0,,0,,,,,,,0,0,0,normal
01042424066,010,2026-05-10 09:05:00,9.0,0,1,1,38.22,1,0,,,0,,0,,,,,,,0,0,0,normal
0262752275,02(서울 유선),2026-01-26 04:04:00,4.0,0,0,0,,0,1,0.0,1.0,0,,1,1.0,0.0,,,,,0,0,0,normal
15999010,특번,2026-04-10 02:43:00,2.0,1,0,0,,0,0,,,0,,0,,,,,,,0,0,0,normal
15887270,특번,2026-01-19 14:57:00,14.0,0,0,0,,0,0,,,1,46.28,1,1.0,0.0,,,,,0,1,0,normal
027573494,02(서울 유선),2026-05-22 18:09:00,18.0,0,0,0,,0,0,,,0,,0,,,,,,,0,0,0,normal
16445425,특번,2026-07-14 04:19:00,4.0,0,0,0,,0,0,,,0,,0,,,,,,,0,0,0,normal
15880079,특번,2026-09-12 04:47:00,4.0,1,0,0,,0,0,,,0,,1,1.0,0.0,,,,,0,0,0,normal
15883570,특번,2026-11-11 06:59:00,6.0,1,0,0,,0,1,0.0,1.0,0,,0,,,,,,,0,0,0,normal
18586804,특번,2026-05-18 17:22:00,17.0,0,1,0,,0,0,,,0,,0,,,,,,,0,0,0,normal
01033602869,010,2026-01-17 20:54:00,20.0,1,1,0,,1,0,,,0,,0,,,,,,,0,0,0,normal
01076674001,010,2026-08-07 09:23:00,9.0,0,1,0,,1,0,,,0,,0,,,,,,,0,0,0,normal
01073946248,010,2026-12-27 16:10:00,16.0,1,1,0,,1,0,,,0,,0,,,,,,,0,0,0,normal
01077733168,010,2026-01-25 14:10:00,14.0,1,1,1,389.62,1,1,0.0,1.0,0,,1,1.0,0.0,,,,,0,0,0,normal
03180219341,기타,2026-09-19 07:07:00,7.0,0,0,0,,0,0,,,1,49.23,1,1.0,0.0,,,,,0,0,0,normal
15881599,특번,2026-01-16 12:58:00,12.0,0,0,0,,0,0,,,0,,0,,,,,,,0,0,0,normal
15446399,특번,2026-07-19 11:10:00,11.0,1,0,0,,0,0,,,0,,0,,,,,,,0,0,0,normal
15993333,특번,2026-03-22 04:56:00,4.0,0,0,1,26.97,0,1,1.0,1.0,0,,0,,,,,,,0,0,0,normal
01054247026,010,2026-03-20 16:40:00,16.0,0,1,1,27.44,1,0,,,0,,1,1.0,0.0,,,,,0,0,0,normal
16612207,특번,2026-11-08 01:24:00,1.0,0,0,0,,0,0,,,1,27.97,0,,,,,,,0,0,0,normal
01088605053,010,2026-12-25 12:53:00,12.0,1,0,0,,1,0,,,0,,1,1.0,0.0,,,,,0,0,0,normal
15447758,특번,2026-11-22 02:24:00,2.0,0,0,0,,0,1,0.0,1.0,0,,0,,,,,,,0,0,0,normal
15448527,특번,2026-09-08 04:22:00,4.0,1,0,0,,0,0,,,0,,0,,,,,,,0,0,0,normal
18997047,특번,2026-11-05 10:30:00,10.0,1,0,0,,0,1,0.0,1.0,0,,1,1.0,0.0,,,,,0,0,0,normal
15661277,특번,2026-08-02 11:39:00,11.0,1,0,0,,0,0,,,0,,1,1.0,0.0,,,,,0,0,0,normal
16705989,특번,2026-02-16 19:38:00,19.0,0,0,0,,0,0,,,0,,0,,,,,,,0,0,0,normal
15888801,특번,2026-09-16 02:48:00,2.0,0,0,0,,0,1,0.0,1.0,0,,0,,,,,,,0,0,0,normal
15882001,특번,2026-08-26 08:51:00,8.0,0,0,0,,0,1,0.0,1.0,0,,0,,,,,,,0,0,0,normal
15883500,특번,2026-12-05 19:39:00,19.0,0,0,0,,0,1,0.0,1.0,0,,0,,,,,,,0,0,0,normal
01090347317,010,2026-08-26 20:51:00,20.0,0,1,1,44.95,1,0,,,1,76.91,1,1.0,0.0,,,,,0,0,0,normal
01025520328,010,2026-10-26 02:53:00,2.0,0,1,0,,1,0,,,0,,0,,,,,,,0,0,0,normal
16008172,특번,2026-06-19 05:19:00,5.0,0,0,0,,0,1,0.0,1.0,0,,0,,,,,,,0,0,0,normal
16449999,특번,2026-10-02 01:55:00,1.0,0,0,0,,0,0,,,0,,0,,,,,,,0,0,0,normal
01099005366,010,2026-06-02 02:11:00,2.0,0,1,0,,1,1,0.0,1.0,0,,0,,,,,,,0,0,0,normal
15883651,특번,2026-02-10 09:35:00,9.0,0,0,0,,0,0,,,0,,1,1.0,0.0,,,,,0,0,0,normal
007250583334,00X(국제),2026-05-28 07:34:00,7.0,1,0,1,420.3,0,1,0.0,1.0,0,,1,1.0,0.0,,,,,1,0,0,normal
0262752275,02(서울 유선),2026-03-16 06:21:00,6.0,1,0,0,,0,1,0.0,1.0,0,,1,1.0,0.0,,,,,0,0,0,normal
15669009,특번,2026-02-17 02:15:00,2.0,0,0,0,,0,0,,,0,,0,,,,,,,0,0,0,normal
025669998,02(서울 유선),2026-04-18 16:59:00,16.0,0,0,0,,0,0,,,1,55.16,0,,,,,,,0,0,0,normal
15885050,특번,2026-06-19 19:44:00,19.0,0,0,0,,0,0,,,0,,0,,,,,,,0,0,0,normal
070817454,070(인터넷전화),2026-09-15 18:11:00,18.0,0,0,0,,0,0,,,0,,0,,,,,,,0,0,0,normal
01000504556,010,2026-04-17 00:00:00,0.0,0,1,1,3.51,1,0,,,0,,0,,,,,,,0,0,0,normal
16706250,특번,2026-02-02 18:33:00,18.0,0,0,0,,0,1,0.0,1.0,1,125.68,1,1.0,0.0,,,,,0,0,0,normal
16008172,특번,2026-12-14 15:53:00,15.0,0,0,0,,0,0,,,1,6.35,1,1.0,0.0,,,,,0,0,0,normal
01057890355,010,2026-01-09 03:16:00,3.0,1,1,0,,1,0,,,0,,0,,,,,,,0,0,0,normal
01075171352,010,2026-08-05 07:42:00,7.0,0,1,1,24.17,1,0,,,0,,0,,,,,,,0,0,0,normal
15444200,특번,2026-04-30 13:02:00,13.0,1,0,1,4.9,0,0,,,0,,1,1.0,0.0,,,,,0,0,0,normal
01009305776,010,2026-03-05 04:49:00,4.0,0,1,1,1.26,1,1,0.0,1.0,0,,0,,,,,,,0,0,0,normal
01037360014,010,2026-08-23 12:12:00,12.0,0,1,0,,1,1,0.0,1.0,1,28.82,0,,,,,,,0,0,0,normal
15440010,특번,2026-09-15 17:28:00,17.0,1,0,0,,0,1,0.0,1.0,0,,0,,,,,,,0,0,0,normal
15883651,특번,2026-04-05 17:36:00,17.0,1,0,1,71.82,0,0,,,0,,1,1.0,0.0,,,,,0,0,0,normal
01018715503,010,2026-05-22 08:28:00,8.0,0,1,0,,1,1,0.0,1.0,1,70.19,0,,,,,,,0,0,0,normal
15888801,특번,2026-05-13 00:34:00,0.0,0,0,0,,0,0,,,1,258.71,0,,,,,,,0,0,0,normal
15664295,특번,2026-12-29 14:50:00,14.0,0,0,0,,0,1,1.0,1.0,0,,0,,,,,,,0,0,0,normal
01067908213,010,2026-09-27 17:45:00,17.0,1,1,1,3.06,1,1,0.0,1.0,0,,0,,,,,,,0,0,0,normal
01011035358,010,2026-06-21 09:47:00,9.0,1,1,1,1.64,1,1,0.0,1.0,0,,0,,,,,,,0,0,0,normal
01055824301,010,2026-12-09 02:54:00,2.0,0,1,1,175.94,1,0,,,0,,0,,,,,,,0,0,0,normal
01095110967,010,2026-01-23 11:05:00,11.0,1,1,1,32.52,1,0,,,0,,0,,,,,,,0,0,0,normal
01032510715,010,2026-09-17 14:11:00,14.0,0,1,1,915.88,1,0,,,0,,1,1.0,0.0,,,,,0,0,0,normal
0635424873,기타,2026-10-28 01:00:00,1.0,0,0,0,,0,0,,,0,,1,1.0,0.0,,,,,0,0,0,normal
15661277,특번,2026-07-22 04:37:00,4.0,0,0,0,,0,0,,,1,251.8,1,1.0,0.0,,,,,0,0,0,normal
15223000,특번,2026-12-19 08:17:00,8.0,0,0,0,,0,1,0.0,1.0,0,,1,1.0,0.0,,,,,0,0,0,normal
080851552,기타,2026-12-05 21:47:00,21.0,0,0,0,,0,1,0.0,1.0,1,10.7,0,,,,,,,0,0,0,normal
15664295,특번,2026-09-23 15:22:00,15.0,0,0,0,,0,1,0.0,1.0,1,4.14,0,,,,,,,0,0,0,normal
15221704,특번,2026-09-27 09:07:00,9.0,0,0,0,,0,1,0.0,1.0,0,,0,,,,,,,0,0,0,normal
15887000,특번,2026-08-04 13:03:00,13.0,0,0,0,,0,0,,,0,,1,1.0,0.0,,,,,0,0,0,normal
15887000,특번,2026-12-11 04:31:00,4.0,0,0,1,1.8,0,1,0.0,1.0,1,241.35,0,,,,,,,0,0,0,normal
15441120,특번,2026-07-06 04:16:00,4.0,0,0,0,,0,0,,,1,586.88,1,1.0,0.0,,,,,0,0,0,normal
01032957378,010,2026-06-01 16:31:00,16.0,1,1,1,12.42,1,1,0.0,1.0,0,,0,,,,,,,0,0,0,normal
01098394541,010,2026-10-06 01:28:00,1.0,0,1,1,6.15,1,0,,,0,,0,,,,,,,0,0,0,normal
15669009,특번,2026-05-23 10:18:00,10.0,0,0,0,,0,0,,,1,0.95,0,,,,,,,0,0,0,normal
16008172,특번,2026-10-24 00:39:00,0.0,0,0,0,,0,1,0.0,1.0,1,3.94,1,1.0,0.0,,,,,0,0,0,normal
0091039348100,00X(국제),2026-06-26 11:58:00,11.0,0,0,0,,0,1,0.0,1.0,1,26.02,0,,,,,,,1,0,0,normal
15440080,특번,2026-01-06 11:10:00,11.0,0,0,0,,0,1,1.0,1.0,0,,0,,,,,,,0,0,0,normal
01054336062,010,2026-01-05 03:45:00,3.0,0,1,1,3.94,0,0,,,0,,0,,,,,,,0,0,0,normal
01099667637,010,2026-04-30 08:12:00,8.0,1,1,1,0.25,1,1,0.0,1.0,0,,0,,,,,,,0,0,0,normal
15778000,특번,2026-11-22 03:39:00,3.0,0,0,0,,0,0,,,0,,1,1.0,0.0,,,,,0,0,0,normal
16000400,특번,2026-11-01 19:56:00,19.0,0,0,0,,0,1,1.0,1.0,0,,0,,,,,,,0,0,0,normal
15887000,특번,2026-03-19 17:43:00,17.0,0,0,0,,0,0,,,1,212.62,0,,,,,,,0,0,0,normal
15660123,특번,2026-04-02 14:14:00,14.0,0,0,1,15.02,0,1,0.0,1.0,0,,1,1.0,0.0,,,,,0,0,0,normal
01018644822,010,2026-03-29 13:23:00,13.0,0,1,1,47.44,1,0,,,0,,0,,,,,,,0,0,0,normal
15999010,특번,2026-03-07 13:06:00,13.0,0,0,0,,0,0,,,0,,0,,,,,,,0,0,0,normal
01029044282,010,2026-06-23 10:39:00,10.0,1,1,1,50.99,1,0,,,0,,0,,,,,,,0,0,0,normal
01003207427,010,2026-11-14 19:09:00,19.0,0,1,1,559.51,1,0,,,0,,1,1.0,0.0,,,,,0,0,0,normal
15660123,특번,2026-11-10 21:40:00,21.0,1,0,0,,0,1,1.0,1.0,0,,1,1.0,0.0,,,,,0,1,0,normal
0038129465760,00X(국제),2026-04-09 18:47:00,18.0,0,0,0,,0,0,,,1,3.52,0,,,,,,,1,0,0,normal
15999010,특번,2026-10-21 23:55:00,23.0,0,0,0,,0,0,,,0,,0,,,,,,,0,0,0,normal
15888377,특번,2026-04-04 04:03:00,4.0,0,0,1,9.85,0,1,0.0,1.0,0,,0,,,,,,,0,0,0,normal
15448527,특번,2026-08-25 02:06:00,2.0,0,0,1,7.52,0,0,,,0,,0,,,,,,,0,0,0,normal
03180219341,기타,2026-11-17 01:45:00,1.0,0,0,0,,0,1,0.0,1.0,0,,1,1.0,0.0,,,,,0,0,0,normal
15441077,특번,2026-05-31 19:10:00,19.0,1,0,0,,0,0,,,0,,0,,,,,,,0,0,0,normal
15990903,특번,2026-08-17 01:19:00,1.0,0,0,0,,0,0,,,0,,1,1.0,0.0,,,,,0,0,0,normal
0262752275,02(서울 유선),2026-02-18 15:35:00,15.0,0,0,1,8.02,0,0,,,0,,1,1.0,0.0,,,,,0,0,0,normal
0250395186,02(서울 유선),2026-08-24 22:28:00,22.0,0,0,0,,0,0,,,0,,1,1.0,0.0,,,,,0,0,0,normal
00786804288789,00X(국제),2026-04-28 19:44:00,19.0,0,0,0,,0,1,0.0,1.0,0,,0,,,,,,,1,0,0,normal
15880037,특번,2026-12-01 20:07:00,20.0,1,0,0,,0,0,,,0,,0,,,,,,,0,0,0,normal
15661277,특번,2026-02-02 04:58:00,4.0,0,0,0,,0,1,0.0,1.0,0,,0,,,,,,,0,0,0,normal
01017645177,010,2026-01-30 05:10:00,5.0,0,1,1,47.4,1,1,0.0,1.0,0,,0,,,,,,,0,0,0,normal
15883651,특번,2026-05-15 12:25:00,12.0,0,0,0,,0,1,0.0,1.0,0,,0,,,,,,,0,0,0,normal
01041917395,010,2026-06-16 18:20:00,18.0,0,1,0,,1,0,,,0,,0,,,,,,,0,0,0,normal
15880079,특번,2026-11-20 21:48:00,21.0,0,0,0,,0,1,0.0,1.0,1,32.86,0,,,,,,,0,0,0,normal
01071888069,010,2026-09-09 12:07:00,12.0,0,1,1,288.75,0,1,0.0,0.0,0,,0,,,,,,,0,0,0,normal
01090933207,010,2026-10-17 17:08:00,17.0,1,1,1,34.28,1,1,0.0,1.0,0,,0,,,,,,,0,0,0,normal
0809526068,기타,2026-05-14 22:18:00,22.0,1,0,0,,0,1,0.0,1.0,0,,1,1.0,0.0,,,,,0,0,0,normal
01070312073,010,2026-09-06 23:21:00,23.0,0,1,1,15.82,1,1,0.0,1.0,1,79.65,0,,,,,,,0,0,0,normal
01019268900,010,2026-12-31 11:26:00,11.0,1,1,1,566.36,1,0,,,0,,0,,,,,,,0,0,0,normal
0213474125,02(서울 유선),2026-06-14 05:34:00,5.0,1,0,0,,0,0,,,0,,1,1.0,0.0,,,,,0,0,0,normal
15880037,특번,2026-06-13 16:35:00,16.0,0,0,0,,0,1,0.0,1.0,0,,0,,,,,,,0,0,0,normal
16705989,특번,2026-04-18 11:44:00,11.0,0,0,0,,0,0,,,0,,0,,,,,,,0,0,0,normal
0423317505,기타,2026-10-10 03:53:00,3.0,0,0,0,,0,1,0.0,1.0,1,24.78,1,1.0,0.0,,,,,0,0,0,normal
15999000,특번,2026-11-15 08:44:00,8.0,1,0,0,,0,0,,,0,,1,1.0,0.0,,,,,0,0,0,normal
15883500,특번,2026-05-18 14:28:00,14.0,1,0,1,5.07,0,0,,,0,,1,1.0,0.0,,,,,0,0,0,normal
16004000,특번,2026-12-18 07:44:00,7.0,0,0,0,,0,0,,,0,,0,,,,,,,0,0,0,normal
15446200,특번,2026-01-28 13:44:00,13.0,0,0,0,,0,0,,,1,145.69,0,,,,,,,0,0,0,normal
15661277,특번,2026-05-08 22:34:00,22.0,0,0,0,,0,0,,,1,1.35,0,,,,,,,0,0,0,normal
18116688,특번,2026-10-09 07:41:00,7.0,0,0,0,,0,1,0.0,1.0,0,,0,,,,,,,0,0,0,normal
01032700046,010,2026-10-30 01:13:00,1.0,0,1,1,11.21,1,0,,,1,4.63,0,,,,,,,0,0,0,normal
01087715892,010,2026-12-25 17:38:00,17.0,0,1,1,151.37,1,1,0.0,1.0,0,,0,,,,,,,0,0,0,normal
16008585,특번,2026-02-13 14:28:00,14.0,0,0,0,,0,1,0.0,1.0,0,,1,1.0,0.0,,,,,0,0,0,normal
15881500,특번,2026-05-24 19:46:00,19.0,0,0,0,,0,0,,,0,,0,,,,,,,0,0,0,normal
15441077,특번,2026-06-30 07:44:00,7.0,0,0,0,,0,1,0.0,1.0,0,,1,1.0,0.0,,,,,0,0,0,normal
15999010,특번,2026-04-11 15:38:00,15.0,0,0,1,11.99,0,0,,,0,,0,,,,,,,0,0,0,normal
01056864296,010,2026-03-31 20:40:00,20.0,1,1,0,,1,0,,,0,,0,,,,,,,0,0,0,normal
15984742,특번,2026-04-28 16:26:00,16.0,0,0,0,,0,1,0.0,1.0,1,350.31,1,1.0,0.0,,,,,0,0,0,normal
16613000,특번,2026-04-16 09:10:00,9.0,0,0,0,,0,0,,,0,,1,1.0,0.0,,,,,0,0,0,normal
01006951657,010,2026-03-09 22:34:00,22.0,0,1,0,,1,1,0.0,1.0,0,,0,,,,,,,0,0,0,normal
15888801,특번,2026-04-21 16:41:00,16.0,0,0,0,,0,0,,,0,,0,,,,,,,0,0,0,normal
01014163356,010,2026-09-15 02:48:00,2.0,0,1,1,5.28,1,0,,,0,,1,1.0,0.0,,,,,0,0,0,normal
01060225255,010,2026-05-28 04:53:00,4.0,1,1,1,26.79,1,0,,,0,,0,,,,,,,0,0,0,normal
01008272359,010,2026-01-23 19:24:00,19.0,1,1,0,,1,0,,,0,,0,,,,,,,0,0,0,normal
01003489905,010,2026-10-26 08:14:00,8.0,1,1,0,,0,1,0.0,1.0,0,,0,,,,,,,0,0,0,normal
15447758,특번,2026-09-24 06:57:00,6.0,0,0,0,,0,1,1.0,1.0,0,,0,,,,,,,0,0,0,normal
01077245992,010,2026-03-16 22:52:00,22.0,0,1,1,1.54,1,1,0.0,1.0,0,,1,1.0,0.0,,,,,0,0,0,normal
15887270,특번,2026-11-03 20:59:00,20.0,0,1,0,,0,0,,,0,,1,1.0,0.0,,,,,0,0,0,normal
03180751228,기타,2026-11-08 18:36:00,18.0,0,0,1,27.6,0,1,0.0,1.0,0,,0,,,,,,,0,0,0,normal
15778000,특번,2026-11-30 09:00:00,9.0,0,0,0,,0,0,,,0,,0,,,,,,,0,0,0,normal
16202593,특번,2026-10-19 19:24:00,19.0,0,0,0,,0,0,,,0,,1,1.0,0.0,,,,,0,0,0,normal
01058788702,010,2026-04-08 05:39:00,5.0,0,1,0,,1,0,,,0,,0,,,,,,,0,0,0,normal
15993333,특번,2026-02-22 19:46:00,19.0,0,0,1,0.62,0,0,,,1,105.11,1,1.0,0.0,,,,,0,0,0,normal
01022166095,010,2026-05-08 04:55:00,4.0,0,0,1,18.83,1,0,,,1,6.71,0,,,,,,,0,0,0,normal
15223000,특번,2026-02-24 16:12:00,16.0,1,0,0,,0,1,0.0,1.0,0,,0,,,,,,,0,0,0,normal
15440010,특번,2026-01-10 20:53:00,20.0,0,0,1,528.62,0,0,,,0,,0,,,,,,,0,0,0,normal
15664295,특번,2026-05-22 16:19:00,16.0,0,0,1,11.54,0,1,0.0,1.0,1,359.64,0,,,,,,,0,0,0,normal
01069498359,010,2026-01-08 05:34:00,5.0,0,1,0,,1,1,0.0,1.0,0,,0,,,,,,,0,0,0,normal
01080104194,010,2026-08-28 21:10:00,21.0,0,1,0,,1,0,,,0,,0,,,,,,,0,0,0,normal
15773419,특번,2026-07-09 08:25:00,8.0,1,0,1,10.58,0,0,,,0,,0,,,,,,,0,0,0,normal
15221155,특번,2026-09-30 06:50:00,6.0,0,0,0,,0,1,0.0,1.0,0,,0,,,,,,,0,0,0,normal
0423317505,기타,2026-08-13 20:30:00,20.0,0,0,0,,0,0,,,0,,0,,,,,,,0,0,0,normal
15998000,특번,2026-05-11 15:58:00,15.0,0,0,1,11.53,0,1,0.0,1.0,0,,1,1.0,0.0,,,,,0,0,0,normal
01033898881,010,2026-10-31 21:39:00,21.0,0,1,0,,1,0,,,0,,0,,,,,,,0,0,0,normal
15880037,특번,2026-09-01 01:41:00,1.0,0,0,0,,0,0,,,0,,1,1.0,0.0,,,,,0,0,0,normal
01011526218,010,2026-03-09 19:07:00,19.0,0,1,0,,0,1,0.0,1.0,0,,1,1.0,0.0,,,,,0,0,0,normal
15885050,특번,2026-12-22 18:06:00,18.0,0,0,0,,0,0,,,1,1.42,1,1.0,0.0,,,,,0,0,0,normal
18000678,특번,2026-06-05 04:15:00,4.0,1,0,0,,0,1,0.0,1.0,0,,0,,,,,,,0,0,0,normal
16613000,특번,2026-12-08 04:44:00,4.0,0,0,1,10.99,0,0,,,0,,0,,,,,,,0,0,0,normal
15998000,특번,2026-12-23 10:34:00,10.0,1,0,0,,0,1,0.0,1.0,0,,1,1.0,0.0,,,,,0,0,0,normal
0808221416,기타,2026-10-25 06:00:00,6.0,0,0,0,,0,1,0.0,1.0,0,,0,,,,,,,0,0,0,normal
15881500,특번,2026-09-29 03:33:00,3.0,0,0,1,9.71,0,1,0.0,1.0,0,,0,,,,,,,0,0,0,normal
16006200,특번,2026-03-23 07:02:00,7.0,0,0,0,,0,1,0.0,1.0,0,,0,,,,,,,0,0,0,normal
16449999,특번,2026-01-02 09:39:00,9.0,0,0,0,,0,0,,,0,,0,,,,,,,0,0,0,normal
01099149371,010,2026-03-09 21:36:00,21.0,0,1,1,32.7,1,0,,,0,,0,,,,,,,0,0,0,normal
16042121,특번,2026-01-18 09:18:00,9.0,0,0,1,2010.89,0,1,1.0,0.0,1,1085.04,1,0.0,0.0,,,,,0,1,1,institution
15887270,특번,2026-02-06 01:03:00,1.0,0,0,1,2.4,0,0,,,0,,1,1.0,0.0,,,,,0,0,0,normal
15990011,특번,2026-02-02 09:09:00,9.0,0,0,0,,0,1,0.0,1.0,0,,0,,,,,,,0,0,0,normal
01020500800,010,2026-01-27 11:47:00,11.0,0,1,1,1.36,1,1,0.0,1.0,1,12.2,0,,,,,,,0,0,0,normal
0081809788754,00X(국제),2026-05-23 00:17:00,0.0,1,0,0,,0,0,,,0,,0,,,,,,,1,0,0,normal
01039692619,010,2026-04-04 00:36:00,0.0,0,1,1,0.28,1,0,,,0,,1,1.0,0.0,,,,,0,0,0,normal
0511483793,기타,2026-10-20 09:50:00,9.0,1,0,0,,0,0,,,0,,0,,,,,,,0,0,0,normal
01045018961,010,2026-10-18 10:33:00,10.0,0,1,1,4.4,1,1,0.0,1.0,0,,0,,,,,,,0,0,0,normal
16705989,특번,2026-01-02 22:09:00,22.0,1,0,0,,0,0,,,0,,0,,,,,,,0,0,0,normal
025669998,02(서울 유선),2026-12-19 07:36:00,7.0,0,0,1,11.76,0,1,0.0,1.0,0,,0,,,,,,,0,0,0,normal
15888585,특번,2026-05-17 10:59:00,10.0,1,0,0,,0,0,,,0,,0,,,,,,,0,0,0,normal
16445425,특번,2026-04-29 04:00:00,4.0,0,0,0,,0,0,,,1,161.6,1,1.0,0.0,,,,,0,0,0,normal
023370415,02(서울 유선),2026-06-30 09:08:00,9.0,0,0,0,,0,1,0.0,1.0,1,18.98,0,,,,,,,0,0,0,normal
15888585,특번,2026-06-08 04:09:00,4.0,1,0,0,,0,1,0.0,1.0,0,,1,1.0,0.0,,,,,0,0,0,normal
01067647583,010,2026-06-27 08:25:00,8.0,0,1,1,124.35,1,1,0.0,1.0,1,3.88,0,,,,,,,0,0,0,normal
03180219341,기타,2026-03-01 20:45:00,20.0,0,0,0,,0,1,0.0,1.0,0,,0,,,,,,,0,0,0,normal
15881515,특번,2026-01-12 22:13:00,22.0,1,0,0,,0,0,,,0,,0,,,,,,,0,0,0,normal
16705989,특번,2026-03-04 21:04:00,21.0,1,0,1,104.45,1,0,,,0,,0,,,,,,,0,0,0,normal
0262752275,02(서울 유선),2026-02-14 04:42:00,4.0,0,0,0,,0,0,,,0,,0,,,,,,,0,0,0,normal
16888114,특번,2026-07-03 10:37:00,10.0,0,0,0,,0,1,0.0,1.0,1,1.01,0,,,,,,,0,0,0,normal
15221000,특번,2026-05-27 06:08:00,6.0,0,0,0,,0,0,,,0,,0,,,,,,,0,0,0,normal
0624160113,기타,2026-05-14 05:06:00,5.0,1,0,0,,0,0,,,0,,0,,,,,,,0,0,0,normal
01061275156,010,2026-04-04 05:58:00,5.0,1,1,1,20.11,1,1,0.0,1.0,0,,0,,,,,,,0,0,0,normal
01099313656,010,2026-08-25 02:24:00,2.0,0,1,1,28.54,1,1,1.0,1.0,1,9.8,0,,,,,,,0,0,0,normal
01029657724,010,2026-05-07 07:45:00,7.0,1,1,1,5.78,1,1,0.0,1.0,0,,0,,,,,,,0,0,0,normal
0556108030,기타,2026-10-20 03:14:00,3.0,0,0,1,28.27,0,0,,,0,,1,1.0,0.0,,,,,0,0,0,normal
01015082486,010,2026-03-07 09:55:00,9.0,0,1,1,149.54,1,0,,,0,,0,,,,,,,0,0,0,normal
15778000,특번,2026-07-29 20:24:00,20.0,0,0,0,,0,0,,,1,17.92,0,,,,,,,0,0,0,normal
16446000,특번,2026-10-06 19:04:00,19.0,0,0,0,,0,0,,,0,,0,,,,,,,0,0,0,normal
01017774905,010,2026-02-01 22:16:00,22.0,1,1,0,,0,0,,,0,,0,,,,,,,0,0,0,normal
15662566,특번,2026-10-23 09:22:00,9.0,0,0,0,,0,1,0.0,1.0,0,,0,,,,,,,0,0,0,normal
0220269955,02(서울 유선),2026-10-14 21:40:00,21.0,1,0,0,,0,1,0.0,1.0,0,,0,,,,,,,0,0,0,normal
0624160113,기타,2026-09-30 13:54:00,13.0,0,0,0,,0,0,,,1,6.14,0,,,,,,,0,0,0,normal
00614550129,00X(국제),2026-01-12 12:47:00,12.0,0,0,0,,0,0,,,0,,0,,,,,,,1,0,0,normal
16008172,특번,2026-01-01 20:06:00,20.0,0,0,0,,0,1,0.0,1.0,0,,1,1.0,0.0,,,,,0,0,0,normal
01053255441,010,2026-03-21 15:28:00,15.0,0,1,1,38.61,1,0,,,1,79.58,0,,,,,,,0,0,0,normal
15441077,특번,2026-05-29 04:15:00,4.0,1,0,0,,0,0,,,0,,0,,,,,,,0,0,0,normal
01086068289,010,2026-11-25 06:55:00,6.0,1,1,1,1.67,1,1,0.0,1.0,0,,0,,,,,,,0,0,0,normal
01096839028,010,2026-04-27 09:12:00,9.0,0,1,1,0.72,1,0,,,1,251.39,1,1.0,0.0,,,,,0,0,0,normal
15880010,특번,2026-10-30 17:04:00,17.0,0,0,1,13.21,0,0,,,0,,0,,,,,,,0,0,0,normal
15223000,특번,2026-03-23 22:51:00,22.0,0,0,0,,0,0,,,0,,0,,,,,,,0,0,0,normal
01015758427,010,2026-11-05 03:10:00,3.0,0,1,0,,0,0,,,0,,0,,,,,,,0,0,0,normal
15881599,특번,2026-11-20 19:17:00,19.0,1,0,0,,0,0,,,0,,0,,,,,,,0,0,0,normal
01028639420,010,2026-03-08 00:02:00,0.0,1,1,0,,1,1,0.0,1.0,0,,1,1.0,0.0,,,,,0,0,0,normal
023370415,02(서울 유선),2026-08-14 19:07:00,19.0,0,0,0,,0,1,0.0,1.0,0,,0,,,,,,,0,0,0,normal
01057846221,010,2026-07-28 13:21:00,13.0,0,0,0,,0,0,,,1,411.38,1,0.0,0.0,,,,,0,0,1,acquaintance
01082824649,010,2026-03-28 16:02:00,16.0,0,1,1,16.45,1,0,,,1,567.53,1,1.0,0.0,,,,,0,0,0,normal
16000400,특번,2026-04-30 11:21:00,11.0,1,1,0,,0,0,,,0,,0,,,,,,,0,0,0,normal
15881515,특번,2026-06-25 03:24:00,3.0,0,0,0,,0,1,0.0,1.0,0,,1,1.0,0.0,,,,,0,0,0,normal
16888114,특번,2026-10-04 10:30:00,10.0,0,0,0,,0,0,,,0,,0,,,,,,,0,0,0,normal
01038801531,010,2026-09-15 04:02:00,4.0,1,1,1,31.65,1,0,,,0,,0,,,,,,,0,0,0,normal
15669009,특번,2026-06-12 16:37:00,16.0,0,1,0,,0,1,0.0,1.0,1,54.77,1,1.0,0.0,,,,,0,0,0,normal
01003127722,010,2026-02-01 09:29:00,9.0,0,1,1,215.0,1,0,,,0,,1,1.0,0.0,,,,,0,0,0,normal
16449999,특번,2026-06-30 18:17:00,18.0,0,0,0,,0,1,0.0,1.0,0,,1,1.0,0.0,,,,,0,0,0,normal
16613000,특번,2026-07-25 09:55:00,9.0,0,0,1,110.13,0,0,,,0,,0,,,,,,,0,0,0,normal
01060023028,010,2026-11-11 09:09:00,9.0,1,1,1,57.81,0,0,,,0,,0,,,,,,,0,0,0,normal
03180751228,기타,2026-05-19 12:08:00,12.0,0,0,0,,0,0,,,1,110.29,0,,,,,,,0,0,0,normal
01042168268,010,2026-04-02 17:03:00,17.0,0,1,1,30.65,1,1,0.0,1.0,0,,0,,,,,,,0,0,0,normal
15998888,특번,2026-10-16 08:30:00,8.0,0,0,0,,0,1,0.0,1.0,1,1.81,0,,,,,,,0,0,0,normal
15446399,특번,2026-01-18 14:31:00,14.0,1,0,0,,0,0,,,0,,0,,,,,,,0,0,0,normal
16288151,특번,2026-05-19 14:49:00,14.0,0,0,0,,0,0,,,1,2.99,0,,,,,,,0,0,0,normal
0014056502,00X(국제),2026-09-14 06:41:00,6.0,0,0,0,,0,0,,,0,,0,,,,,,,1,0,0,normal
01087163881,010,2026-09-02 11:05:00,11.0,0,0,0,,0,0,,,0,,1,0.0,0.0,,,,,0,0,1,loan
01007844246,010,2026-12-08 00:04:00,0.0,0,0,1,382.17,1,0,,,0,,0,,,,,,,0,0,0,normal
15666000,특번,2026-01-30 17:15:00,17.0,0,0,0,,0,1,0.0,1.0,0,,0,,,,,,,0,0,0,normal
16663060,특번,2026-12-17 11:38:00,11.0,1,0,0,,0,0,,,0,,0,,,,,,,0,0,0,normal
15441077,특번,2026-03-26 12:48:00,12.0,0,0,0,,0,1,0.0,1.0,1,62.17,0,,,,,,,0,0,0,normal
15991916,특번,2026-09-29 10:25:00,10.0,0,0,1,22.42,0,1,1.0,1.0,0,,0,,,,,,,0,0,0,normal
15440010,특번,2026-11-29 18:27:00,18.0,0,0,0,,0,1,0.0,1.0,0,,0,,,,,,,0,0,0,normal
15666000,특번,2026-07-13 12:30:00,12.0,1,0,1,91.36,0,0,,,0,,1,1.0,0.0,,,,,0,1,0,normal
15889999,특번,2026-10-27 08:03:00,8.0,0,0,0,,0,0,,,1,74.34,0,,,,,,,0,0,0,normal
15661277,특번,2026-07-01 22:29:00,22.0,0,0,1,0.58,0,0,,,0,,1,1.0,0.0,,,,,0,0,0,normal
15991916,특번,2026-03-14 23:05:00,23.0,0,0,0,,0,1,0.0,1.0,0,,0,,,,,,,0,0,0,normal
01090921370,010,2026-03-23 22:49:00,22.0,0,1,1,122.17,1,1,0.0,1.0,0,,0,,,,,,,0,0,0,normal
15882588,특번,2026-05-16 06:27:00,6.0,0,0,0,,0,0,,,0,,1,1.0,0.0,,,,,0,0,0,normal
01079218316,010,2026-01-28 08:03:00,8.0,0,1,1,11.27,1,0,,,0,,0,,,,,,,0,0,0,normal
01052076435,010,2026-06-07 10:14:00,10.0,0,1,1,110.69,1,0,,,0,,0,,,,,,,0,0,0,normal
028321870,02(서울 유선),2026-06-24 00:15:00,0.0,0,0,0,,0,0,,,0,,1,1.0,0.0,,,,,0,0,0,normal
01055588599,010,2026-03-13 11:52:00,11.0,1,1,0,,1,1,0.0,1.0,0,,0,,,,,,,0,0,0,normal
15884477,특번,2026-08-10 17:18:00,17.0,0,1,0,,0,0,,,1,38.84,0,,,,,,,0,0,0,normal
01075081053,010,2026-08-29 15:05:00,15.0,0,0,0,,1,1,0.0,1.0,0,,1,1.0,0.0,,,,,0,0,0,normal
0096405377351,00X(국제),2026-09-25 11:38:00,11.0,0,0,0,,0,1,0.0,1.0,0,,0,,,,,,,1,0,0,normal
15886565,특번,2026-10-20 08:14:00,8.0,0,0,0,,0,0,,,0,,0,,,,,,,0,0,0,normal
15221704,특번,2026-03-24 03:17:00,3.0,0,0,0,,0,1,0.0,1.0,1,9.73,0,,,,,,,0,0,0,normal
15999010,특번,2026-08-11 22:42:00,22.0,0,0,0,,0,1,0.0,1.0,0,,1,1.0,0.0,,,,,0,0,0,normal
15665050,특번,2026-08-28 13:13:00,13.0,0,0,0,,0,0,,,0,,0,,,,,,,0,0,0,normal
15886200,특번,2026-04-29 08:36:00,8.0,0,0,0,,1,1,0.0,1.0,1,304.37,0,,,,,,,0,0,0,normal
01060677871,010,2026-05-04 14:33:00,14.0,0,1,1,55.31,1,0,,,0,,1,1.0,0.0,,,,,0,0,0,normal
15881515,특번,2026-10-18 20:36:00,20.0,0,0,1,20.12,0,0,,,0,,0,,,,,,,0,0,0,normal
15998888,특번,2026-12-14 08:07:00,8.0,1,0,0,,0,0,,,0,,0,,,,,,,0,0,0,normal
15991900,특번,2026-09-08 07:17:00,7.0,1,0,0,,0,0,,,0,,1,1.0,0.0,,,,,0,0,0,normal
01009897173,010,2026-06-10 13:00:00,13.0,0,1,0,,1,1,0.0,1.0,0,,1,1.0,0.0,,,,,0,0,0,normal
025270116,02(서울 유선),2026-10-31 12:50:00,12.0,0,0,0,,0,0,,,1,5.24,0,,,,,,,0,0,0,normal
18116688,특번,2026-03-12 01:36:00,1.0,0,0,0,,0,0,,,0,,0,,,,,,,0,0,0,normal
16446000,특번,2026-09-17 05:31:00,5.0,0,0,0,,0,1,0.0,1.0,0,,0,,,,,,,0,0,0,normal
15885050,특번,2026-03-06 23:25:00,23.0,1,0,0,,0,0,,,0,,0,,,,,,,0,0,0,normal
01092444507,010,2026-11-13 08:48:00,8.0,1,1,0,,1,0,,,0,,0,,,,,,,0,0,0,normal
15993333,특번,2026-09-20 21:15:00,21.0,0,0,0,,0,0,,,0,,1,1.0,0.0,,,,,0,0,0,normal
15880079,특번,2026-02-18 05:37:00,5.0,0,0,0,,0,0,,,0,,0,,,,,,,0,0,0,normal
15880079,특번,2026-01-30 19:43:00,19.0,1,0,0,,0,1,0.0,1.0,0,,0,,,,,,,0,0,0,normal
070165514,070(인터넷전화),2026-11-12 18:27:00,18.0,0,1,1,48.34,0,0,,,0,,0,,,,,,,0,0,0,normal
01074858048,010,2026-05-11 08:03:00,8.0,1,1,1,0.13,1,1,0.0,1.0,0,,0,,,,,,,0,0,0,normal
15446200,특번,2026-02-23 19:54:00,19.0,0,0,0,,0,1,0.0,1.0,0,,1,1.0,0.0,,,,,0,0,0,normal
01082810592,010,2026-09-11 05:11:00,5.0,0,1,1,166.08,1,1,0.0,1.0,0,,0,,,,,,,0,0,0,normal
15881599,특번,2026-06-29 13:52:00,13.0,0,0,1,311.75,0,1,0.0,1.0,0,,0,,,,,,,0,0,0,normal
025669998,02(서울 유선),2026-06-21 16:50:00,16.0,0,0,0,,0,0,,,1,8.17,1,1.0,0.0,,,,,0,0,0,normal
15223000,특번,2026-06-14 19:34:00,19.0,0,0,0,,0,1,0.0,1.0,0,,0,,,,,,,0,0,0,normal
15990903,특번,2026-12-07 13:42:00,13.0,0,0,0,,0,1,0.0,1.0,0,,0,,,,,,,0,0,0,normal
15778000,특번,2026-11-28 07:40:00,7.0,1,0,0,,0,0,,,0,,0,,,,,,,0,0,0,normal
01000051553,010,2026-04-20 15:58:00,15.0,1,1,1,4.28,1,0,,,0,,0,,,,,,,0,0,0,normal
15777011,특번,2026-03-19 19:24:00,19.0,1,0,0,,0,0,,,0,,1,1.0,0.0,,,,,0,0,0,normal
01014354563,010,2026-10-16 09:29:00,9.0,1,1,0,,1,0,,,0,,0,,,,,,,0,0,0,normal
15887000,특번,2026-03-16 10:18:00,10.0,0,0,0,,0,0,,,0,,0,,,,,,,0,0,0,normal
15441077,특번,2026-10-18 08:04:00,8.0,0,0,0,,0,0,,,0,,1,1.0,0.0,,,,,0,0,0,normal
15669009,특번,2026-12-12 09:55:00,9.0,1,0,0,,0,1,0.0,1.0,0,,1,1.0,0.0,,,,,0,0,0,normal
01069442110,010,2026-10-26 17:44:00,17.0,0,1,0,,1,1,0.0,1.0,0,,0,,,,,,,0,0,0,normal
15888585,특번,2026-01-26 10:12:00,10.0,0,0,0,,0,0,,,0,,0,,,,,,,0,0,0,normal
01089105482,010,2026-08-29 21:05:00,21.0,0,1,1,3.04,1,1,0.0,1.0,0,,0,,,,,,,0,1,0,normal
01072233206,010,2026-02-27 01:35:00,1.0,1,0,1,201.14,1,1,0.0,1.0,0,,1,1.0,0.0,,,,,0,0,0,normal
01094472724,010,2026-09-16 04:21:00,4.0,0,1,1,27.72,1,0,,,1,2.54,0,,,,,,,0,0,0,normal
01022292538,010,2026-07-07 07:43:00,7.0,0,1,1,549.49,1,1,0.0,1.0,1,60.82,0,,,,,,,0,0,0,normal
18116688,특번,2026-03-18 00:57:00,0.0,0,0,0,,0,0,,,0,,1,1.0,0.0,,,,,0,0,0,normal
15990011,특번,2026-12-28 01:28:00,1.0,0,0,0,,0,0,,,1,4.53,1,1.0,0.0,,,,,0,0,0,normal
01082689334,010,2026-11-14 23:10:00,23.0,1,1,1,35.88,1,1,0.0,1.0,0,,0,,,,,,,0,0,0,normal
15778000,특번,2026-11-18 09:26:00,9.0,0,0,0,,0,0,,,0,,0,,,,,,,0,0,0,normal
15881111,특번,2026-02-16 18:28:00,18.0,0,0,1,41.31,0,1,0.0,1.0,1,340.69,0,,,,,,,0,0,0,normal
15990903,특번,2026-12-15 20:29:00,20.0,0,0,0,,0,0,,,0,,0,,,,,,,0,0,0,normal
15884477,특번,2026-10-31 21:49:00,21.0,0,0,0,,0,1,0.0,1.0,1,29.4,0,,,,,,,0,0,0,normal
15883651,특번,2026-07-30 03:24:00,3.0,0,0,0,,0,0,,,0,,0,,,,,,,0,0,0,normal
16888114,특번,2026-08-26 03:45:00,3.0,0,0,0,,0,1,0.0,1.0,1,216.93,0,,,,,,,0,0,0,normal
01024915289,010,2026-06-13 17:27:00,17.0,0,1,0,,1,0,,,0,,0,,,,,,,0,0,0,normal
01064445816,010,2026-08-08 21:28:00,21.0,0,1,0,,1,0,,,0,,0,,,,,,,0,0,0,normal
15446399,특번,2026-02-28 10:59:00,10.0,0,0,0,,0,1,1.0,1.0,0,,0,,,,,,,0,0,0,normal
0800537729,기타,2026-01-05 01:10:00,1.0,0,0,0,,0,1,0.0,1.0,0,,0,,,,,,,0,0,0,normal
03180751228,기타,2026-11-08 22:17:00,22.0,1,0,0,,0,0,,,0,,0,,,,,,,0,0,0,normal
15884477,특번,2026-12-13 05:58:00,5.0,0,0,0,,0,0,,,0,,1,1.0,0.0,,,,,0,0,0,normal
15446399,특번,2026-03-24 18:09:00,18.0,1,0,0,,0,1,0.0,1.0,0,,0,,,,,,,0,0,0,normal
15999999,특번,2026-11-29 14:46:00,14.0,0,0,0,,0,1,0.0,1.0,0,,0,,,,,,,0,0,0,normal
15888585,특번,2026-10-29 04:55:00,4.0,1,0,1,94.11,0,0,,,0,,1,1.0,0.0,,,,,0,0,0,normal
01036077633,010,2026-10-05 01:48:00,1.0,0,0,1,25.92,1,0,,,1,3.98,0,,,,,,,0,0,0,normal
16006200,특번,2026-12-17 13:09:00,13.0,1,0,0,,0,1,0.0,1.0,0,,0,,,,,,,0,0,0,normal
01080084755,010,2026-09-20 01:52:00,1.0,0,1,1,0.75,1,1,0.0,1.0,1,231.21,0,,,,,,,0,0,0,normal
15446399,특번,2026-10-19 04:24:00,4.0,0,0,0,,0,1,0.0,1.0,1,60.53,0,,,,,,,0,0,0,normal
01069934105,010,2026-09-06 01:16:00,1.0,0,1,1,6.75,1,1,1.0,1.0,0,,0,,,,,,,0,0,0,normal
15881900,특번,2026-07-26 06:00:00,6.0,1,0,0,,0,1,0.0,1.0,0,,1,1.0,0.0,,,,,0,0,0,normal
15991111,특번,2026-11-12 03:00:00,3.0,1,0,0,,0,0,,,0,,1,1.0,0.0,,,,,0,0,0,normal
15886565,특번,2026-09-20 07:35:00,7.0,0,0,0,,0,1,0.0,1.0,0,,0,,,,,,,0,0,0,normal
0271639172,02(서울 유선),2026-12-08 08:54:00,8.0,0,0,0,,0,1,0.0,1.0,0,,1,1.0,0.0,,,,,0,0,0,normal
15441120,특번,2026-04-27 15:18:00,15.0,0,0,0,,0,1,0.0,1.0,0,,1,1.0,0.0,,,,,0,0,0,normal
15223000,특번,2026-11-17 14:04:00,14.0,1,0,0,,0,1,0.0,1.0,0,,0,,,,,,,0,0,0,normal
18000678,특번,2026-11-02 09:54:00,9.0,0,0,0,,0,0,,,0,,0,,,,,,,0,0,0,normal
16445425,특번,2026-11-20 04:07:00,4.0,0,0,0,,0,0,,,0,,1,1.0,0.0,,,,,0,0,0,normal
15991900,특번,2026-02-13 14:44:00,14.0,1,0,1,9.79,0,0,,,0,,0,,,,,,,0,0,0,normal
15881900,특번,2026-01-17 02:29:00,2.0,0,0,0,,0,0,,,1,1.74,1,1.0,0.0,,,,,0,0,0,normal
18000678,특번,2026-06-09 00:51:00,0.0,0,0,0,,0,1,0.0,1.0,0,,0,,,,,,,0,0,0,normal
16446000,특번,2026-06-27 04:31:00,4.0,0,0,1,16.01,0,1,0.0,1.0,0,,0,,,,,,,0,0,0,normal
15880037,특번,2026-02-08 09:37:00,9.0,0,0,0,,0,1,1.0,1.0,0,,0,,,,,,,0,0,0,normal
0446708716,기타,2026-08-17 03:28:00,3.0,0,0,1,41.58,0,0,,,0,,1,1.0,0.0,,,,,0,0,0,normal
01058348359,010,2026-02-17 15:20:00,15.0,1,1,0,,1,0,,,0,,0,,,,,,,0,0,0,normal
01035294930,010,2026-12-25 01:24:00,1.0,1,1,0,,1,0,,,0,,0,,,,,,,0,0,0,normal
18244079,특번,2026-05-27 03:29:00,3.0,0,0,1,15.13,1,1,0.0,1.0,0,,1,1.0,0.0,,,,,0,0,0,normal
01032495193,010,2026-09-30 11:37:00,11.0,0,1,1,8.46,1,1,0.0,1.0,0,,0,,,,,,,0,0,0,normal
01066171014,010,2026-12-09 08:42:00,8.0,1,1,0,,1,0,,,0,,0,,,,,,,0,0,0,normal
15221704,특번,2026-05-01 10:29:00,10.0,0,0,0,,0,1,0.0,1.0,0,,0,,,,,,,0,0,0,normal
16613000,특번,2026-03-17 08:06:00,8.0,1,0,1,1.95,0,1,0.0,1.0,0,,0,,,,,,,0,0,0,normal
01059133531,010,2026-09-29 20:36:00,20.0,0,1,1,0.84,1,1,0.0,1.0,0,,1,1.0,0.0,,,,,0,0,0,normal
01024275090,010,2026-03-16 01:57:00,1.0,0,1,0,,1,0,,,0,,1,1.0,0.0,,,,,0,0,0,normal
03180219341,기타,2026-03-03 06:57:00,6.0,0,0,1,248.03,0,1,0.0,1.0,1,69.29,1,1.0,0.0,,,,,0,0,0,normal
15443030,특번,2026-06-14 08:10:00,8.0,1,0,0,,0,0,,,0,,0,,,,,,,0,0,0,normal
15880037,특번,2026-01-21 23:12:00,23.0,0,0,0,,0,1,0.0,1.0,0,,0,,,,,,,0,0,0,normal
01045752754,010,2026-05-11 11:26:00,11.0,1,1,1,0.71,1,0,,,0,,0,,,,,,,0,0,0,normal
01016461526,010,2026-09-02 05:18:00,5.0,0,1,1,6.84,1,0,,,0,,0,,,,,,,0,0,0,normal
07061624293,070(인터넷전화),2026-06-04 19:28:00,19.0,0,0,0,,0,0,,,0,,1,1.0,0.0,,,,,0,0,0,normal
16445425,특번,2026-03-13 18:13:00,18.0,0,0,0,,0,0,,,1,121.41,0,,,,,,,0,0,0,normal
01012432921,010,2026-05-09 23:51:00,23.0,1,1,1,11.71,1,0,,,0,,0,,,,,,,0,0,0,normal
01038405887,010,2026-01-05 17:52:00,17.0,0,0,1,5.76,1,1,0.0,1.0,0,,1,1.0,0.0,,,,,0,0,0,normal
15883651,특번,2026-07-14 10:26:00,10.0,1,0,0,,0,0,,,0,,1,1.0,0.0,,,,,0,0,0,normal
01022094705,010,2026-07-07 04:05:00,4.0,1,1,1,124.64,1,1,0.0,1.0,0,,0,,,,,,,0,1,0,normal
15884477,특번,2026-12-03 18:10:00,18.0,0,0,1,141.56,0,0,,,0,,1,1.0,0.0,,,,,0,0,0,normal
01085206334,010,2026-10-24 19:37:00,19.0,0,1,1,7.04,1,0,,,0,,0,,,,,,,0,0,0,normal
00948706056641,00X(국제),2026-12-06 18:11:00,18.0,0,0,0,,0,1,0.0,1.0,0,,0,,,,,,,1,0,0,normal
15613637,특번,2026-08-26 12:19:00,12.0,0,0,0,,0,0,,,0,,0,,,,,,,0,0,0,normal
01020959284,010,2026-12-12 09:01:00,9.0,1,1,1,18.07,1,1,0.0,1.0,0,,1,1.0,0.0,,,,,0,0,0,normal
15669009,특번,2026-04-08 05:45:00,5.0,0,0,1,12.82,0,1,0.0,1.0,0,,0,,,,,,,0,0,0,normal
01032714635,010,2026-09-07 22:20:00,22.0,0,1,1,11.45,1,0,,,0,,0,,,,,,,0,0,0,normal
15882001,특번,2026-08-23 19:38:00,19.0,0,0,0,,0,0,,,1,89.59,1,1.0,0.0,,,,,0,0,0,normal
16613000,특번,2026-04-25 13:45:00,13.0,0,0,1,326.84,0,1,0.0,1.0,0,,0,,,,,,,0,0,0,normal
16008172,특번,2026-08-12 11:28:00,11.0,0,0,0,,0,0,,,0,,0,,,,,,,0,0,0,normal
01064582954,010,2026-10-21 09:19:00,9.0,1,1,1,38.91,0,1,0.0,1.0,0,,0,,,,,,,0,0,0,normal
025669998,02(서울 유선),2026-04-23 01:17:00,1.0,1,0,0,,0,0,,,0,,0,,,,,,,0,0,0,normal
15723184,특번,2026-06-04 00:31:00,0.0,0,0,0,,0,0,,,0,,0,,,,,,,0,0,0,normal
01035097913,010,2026-09-02 09:55:00,9.0,0,1,1,63.74,1,0,,,0,,0,,,,,,,0,0,0,normal
15884477,특번,2026-02-14 06:26:00,6.0,1,0,0,,0,0,,,0,,0,,,,,,,0,0,0,normal
15888000,특번,2026-08-12 20:06:00,20.0,0,0,0,,0,0,,,1,246.54,1,1.0,0.0,,,,,0,0,0,normal
15883651,특번,2026-02-24 10:36:00,10.0,0,0,0,,0,0,,,0,,0,,,,,,,0,0,0,normal
18116688,특번,2026-08-30 06:57:00,6.0,0,0,0,,0,0,,,0,,1,1.0,0.0,,,,,0,0,0,normal
01045958295,010,2026-10-17 17:10:00,17.0,1,1,0,,1,0,,,0,,0,,,,,,,0,0,0,normal
01015718409,010,2026-02-14 08:19:00,8.0,1,1,1,25.43,1,0,,,0,,1,1.0,0.0,,,,,0,0,0,normal
01000953656,010,2026-12-09 05:39:00,5.0,0,1,1,111.48,1,0,,,1,45.29,1,1.0,0.0,,,,,0,0,0,normal
15441120,특번,2026-05-03 23:09:00,23.0,1,0,0,,0,1,0.0,1.0,0,,1,1.0,0.0,,,,,0,0,0,normal
03180751228,기타,2026-10-07 08:18:00,8.0,1,0,0,,0,1,0.0,1.0,0,,1,1.0,0.0,,,,,0,0,0,normal
01064394534,010,2026-12-25 22:04:00,22.0,0,1,1,620.88,1,1,0.0,1.0,0,,0,,,,,,,0,0,0,normal
01095418520,010,2026-06-04 10:35:00,10.0,0,1,0,,1,0,,,1,245.52,1,1.0,0.0,,,,,0,0,0,normal
01003957286,010,2026-06-25 21:02:00,21.0,0,0,0,,1,0,,,1,28.76,0,,,,,,,0,0,0,normal
15443800,특번,2026-04-05 05:48:00,5.0,0,0,0,,0,0,,,1,12.22,0,,,,,,,0,0,0,normal
01033868608,010,2026-06-19 22:37:00,22.0,1,1,0,,1,0,,,0,,0,,,,,,,0,0,0,normal
15999999,특번,2026-08-22 20:32:00,20.0,0,0,0,,0,0,,,1,4.82,0,,,,,,,0,0,0,normal
15661277,특번,2026-04-03 02:43:00,2.0,0,0,0,,0,0,,,1,6.23,0,,,,,,,0,0,0,normal
030105185079,기타,2026-12-18 06:49:00,6.0,1,0,1,6.75,0,1,0.0,1.0,0,,0,,,,,,,0,0,0,normal
16004000,특번,2026-06-03 03:11:00,3.0,0,1,0,,0,1,0.0,1.0,0,,0,,,,,,,0,0,0,normal
15887270,특번,2026-06-24 04:26:00,4.0,1,0,1,43.26,0,1,0.0,1.0,0,,0,,,,,,,0,0,0,normal
15773419,특번,2026-03-29 22:43:00,22.0,1,0,0,,0,0,,,0,,1,1.0,0.0,,,,,0,0,0,normal
0262752275,02(서울 유선),2026-04-18 07:14:00,7.0,0,0,0,,0,1,0.0,1.0,0,,0,,,,,,,0,0,0,normal
0706120140,070(인터넷전화),2026-11-27 04:14:00,4.0,0,0,1,59.71,0,1,1.0,1.0,0,,1,1.0,0.0,,,,,0,0,0,normal
01001683113,010,2026-09-01 19:46:00,19.0,1,1,0,,1,1,1.0,1.0,0,,1,1.0,0.0,,,,,0,0,0,normal
16446000,특번,2026-03-05 22:13:00,22.0,1,0,0,,0,1,0.0,1.0,0,,0,,,,,,,0,0,0,normal
15885000,특번,2026-08-29 10:09:00,10.0,0,0,0,,0,0,,,1,26.74,0,,,,,,,0,0,0,normal
15661277,특번,2026-12-04 06:45:00,6.0,0,0,0,,0,0,,,0,,1,1.0,0.0,,,,,0,0,0,normal
15883570,특번,2026-05-09 03:26:00,3.0,0,0,1,93.37,0,0,,,0,,0,,,,,,,0,0,0,normal
01054051556,010,2026-12-19 16:32:00,16.0,1,1,1,0.3,1,1,0.0,1.0,0,,0,,,,,,,0,0,0,normal
15881599,특번,2026-12-21 11:34:00,11.0,1,0,0,,0,0,,,0,,0,,,,,,,0,0,0,normal
15669009,특번,2026-04-02 08:15:00,8.0,0,0,0,,0,1,0.0,1.0,0,,0,,,,,,,0,0,0,normal
15885000,특번,2026-12-18 03:17:00,3.0,1,0,0,,0,0,,,0,,1,1.0,0.0,,,,,0,0,0,normal
0006841160,00X(국제),2026-04-30 20:24:00,20.0,0,0,1,5.7,0,1,0.0,1.0,0,,0,,,,,,,1,0,0,normal
01060869822,010,2026-03-14 21:38:00,21.0,0,1,0,,1,1,0.0,1.0,0,,0,,,,,,,0,0,0,normal
15448527,특번,2026-02-28 00:05:00,0.0,1,0,1,2.48,0,0,,,0,,1,1.0,0.0,,,,,0,0,0,normal
15991111,특번,2026-12-18 06:32:00,6.0,0,0,0,,0,1,0.0,1.0,0,,0,,,,,,,0,0,0,normal
15443000,특번,2026-03-25 06:56:00,6.0,0,0,0,,0,1,0.0,1.0,0,,0,,,,,,,0,0,0,normal
16663060,특번,2026-07-28 20:54:00,20.0,0,0,0,,0,1,0.0,0.0,0,,0,,,,,,,0,0,0,normal
01067870323,010,2026-03-23 13:59:00,13.0,0,1,0,,1,0,,,0,,0,,,,,,,0,0,0,normal
01042561962,010,2026-06-25 19:09:00,19.0,1,1,1,1.32,1,0,,,0,,0,,,,,,,0,0,0,normal
01069508526,010,2026-03-01 14:55:00,14.0,1,1,1,273.08,1,0,,,0,,1,1.0,0.0,,,,,0,0,0,normal
070132181,070(인터넷전화),2026-10-02 12:21:00,12.0,1,0,0,,0,0,,,0,,0,,,,,,,0,0,0,normal
01074471639,010,2026-04-22 01:03:00,1.0,1,1,1,28.84,1,0,,,0,,0,,,,,,,0,0,0,normal
15883388,특번,2026-05-22 06:40:00,6.0,0,0,0,,0,1,0.0,1.0,0,,0,,,,,,,0,0,0,normal
15880037,특번,2026-11-08 12:17:00,12.0,0,0,0,,0,1,0.0,1.0,0,,0,,,,,,,0,0,0,normal
023370415,02(서울 유선),2026-07-02 18:06:00,18.0,0,0,1,19.59,0,1,0.0,1.0,0,,0,,,,,,,0,0,0,normal
15990903,특번,2026-07-02 18:56:00,18.0,0,0,0,,0,1,0.0,1.0,0,,0,,,,,,,0,0,0,normal
01021925967,010,2026-01-29 17:10:00,17.0,0,1,1,212.21,1,0,,,0,,0,,,,,,,0,0,0,normal
0418855555,기타,2026-02-05 21:55:00,21.0,0,0,0,,0,0,,,0,,0,,,,,,,0,0,0,normal
15887000,특번,2026-06-12 01:03:00,1.0,0,0,0,,0,1,1.0,1.0,0,,1,1.0,0.0,,,,,0,0,0,normal
01008091257,010,2026-06-15 22:35:00,22.0,0,1,1,8.15,1,0,,,0,,1,1.0,0.0,,,,,0,0,0,normal
15716874,특번,2026-12-24 07:25:00,7.0,0,0,0,,0,0,,,1,0.75,1,1.0,0.0,,,,,0,0,0,normal
15888585,특번,2026-02-01 03:00:00,3.0,0,0,0,,0,0,,,0,,0,,,,,,,0,1,0,normal
15888585,특번,2026-04-21 08:20:00,8.0,0,0,0,,0,0,,,0,,0,,,,,,,0,0,0,normal
01059532593,010,2026-06-22 14:11:00,14.0,1,1,0,,1,1,0.0,1.0,0,,1,1.0,0.0,,,,,0,0,0,normal
16705989,특번,2026-12-24 07:14:00,7.0,0,0,0,,0,1,0.0,1.0,0,,0,,,,,,,0,0,0,normal
06066334,기타,2026-02-13 00:51:00,0.0,0,0,0,,0,0,,,0,,0,,,,,,,0,0,0,normal
15881500,특번,2026-05-15 17:54:00,17.0,0,0,0,,0,0,,,0,,0,,,,,,,0,0,0,normal
07002929,070(인터넷전화),2026-09-11 14:04:00,14.0,0,0,0,,0,0,,,0,,1,1.0,0.0,,,,,0,0,0,normal
15888377,특번,2026-08-26 00:08:00,0.0,1,0,1,2.16,0,1,0.0,1.0,0,,1,1.0,0.0,,,,,0,0,0,normal
01003889113,010,2026-04-04 14:24:00,14.0,1,1,1,1.12,1,0,,,0,,0,,,,,,,0,0,0,normal
01018444902,010,2026-08-24 05:13:00,5.0,0,1,1,266.21,1,1,0.0,1.0,0,,0,,,,,,,0,0,0,normal
0220269955,02(서울 유선),2026-09-21 14:28:00,14.0,0,0,0,,0,1,0.0,1.0,0,,0,,,,,,,0,0,0,normal
15669009,특번,2026-12-16 03:40:00,3.0,1,0,0,,0,0,,,0,,0,,,,,,,0,0,0,normal
15886565,특번,2026-09-29 11:17:00,11.0,0,0,0,,0,0,,,1,50.7,0,,,,,,,0,0,0,normal
03180751228,기타,2026-12-04 04:55:00,4.0,1,0,0,,0,1,0.0,1.0,0,,0,,,,,,,0,0,0,normal
01030428973,010,2026-03-01 06:42:00,6.0,1,1,1,3.97,1,0,,,0,,0,,,,,,,0,0,0,normal
16006200,특번,2026-10-13 22:02:00,22.0,1,0,0,,0,1,0.0,1.0,0,,0,,,,,,,0,0,0,normal
01022276158,010,2026-07-05 07:10:00,7.0,1,1,0,,1,0,,,0,,0,,,,,,,0,0,0,normal
01090944675,010,2026-01-16 17:30:00,17.0,1,0,0,,1,1,0.0,1.0,0,,0,,,,,,,0,0,0,normal
0220269955,02(서울 유선),2026-01-02 19:28:00,19.0,0,0,0,,0,0,,,0,,0,,,,,,,0,0,0,normal
01052361416,010,2026-06-20 01:40:00,1.0,1,1,1,16.31,1,1,1.0,1.0,0,,0,,,,,,,0,0,0,normal
16996708,특번,2026-01-03 19:14:00,19.0,0,0,0,,0,1,0.0,1.0,0,,0,,,,,,,0,0,0,normal
15443030,특번,2026-06-28 04:59:00,4.0,0,0,1,252.28,0,1,0.0,1.0,0,,1,1.0,0.0,,,,,0,0,0,normal
0609791030,기타,2026-06-02 17:07:00,17.0,0,0,0,,0,0,,,0,,1,1.0,0.0,,,,,0,0,0,normal
15881515,특번,2026-02-23 21:47:00,21.0,0,0,1,35.37,0,0,,,0,,0,,,,,,,0,0,0,normal
01091401693,010,2026-06-15 23:46:00,23.0,1,1,1,231.18,1,0,,,0,,1,1.0,0.0,,,,,0,0,0,normal
01097621188,010,2026-01-15 18:28:00,18.0,0,1,0,,1,0,,,1,183.78,1,1.0,0.0,,,,,0,0,0,normal
15999010,특번,2026-05-18 16:39:00,16.0,1,0,1,24.43,0,1,1.0,1.0,0,,0,,,,,,,0,0,0,normal
15771000,특번,2026-03-09 11:37:00,11.0,1,0,0,,0,1,0.0,1.0,0,,0,,,,,,,0,0,0,normal
01016466632,010,2026-11-14 02:17:00,2.0,0,1,1,0.68,1,0,,,0,,0,,,,,,,0,0,0,normal
01034865796,010,2026-03-23 20:51:00,20.0,0,1,1,6.04,1,1,0.0,1.0,0,,0,,,,,,,0,0,0,normal
01089757842,010,2026-06-16 16:35:00,16.0,0,1,1,352.27,1,0,,,0,,1,1.0,0.0,,,,,0,0,0,normal
0013354733702,00X(국제),2026-08-23 04:34:00,4.0,0,0,0,,0,1,0.0,1.0,1,337.05,0,,,,,,,1,0,0,normal
07052643797,070(인터넷전화),2026-12-25 01:04:00,1.0,1,0,1,61.34,0,0,,,0,,0,,,,,,,0,0,0,normal
15887000,특번,2026-04-28 05:22:00,5.0,0,0,0,,0,1,1.0,1.0,0,,1,1.0,0.0,,,,,0,0,0,normal
01074654214,010,2026-02-15 10:17:00,10.0,0,1,0,,1,1,0.0,1.0,0,,0,,,,,,,0,0,0,normal
023370415,02(서울 유선),2026-09-22 09:03:00,9.0,0,0,0,,0,1,0.0,1.0,0,,0,,,,,,,0,0,0,normal
0703577778,070(인터넷전화),2026-09-21 17:45:00,17.0,0,0,0,,0,1,1.0,1.0,0,,0,,,,,,,0,0,0,normal
01087135566,010,2026-11-11 14:12:00,14.0,1,0,0,,1,0,,,0,,0,,,,,,,0,0,0,normal
15880010,특번,2026-12-04 20:33:00,20.0,0,0,0,,0,0,,,0,,0,,,,,,,0,0,0,normal
025669998,02(서울 유선),2026-07-10 02:55:00,2.0,1,0,0,,0,0,,,0,,0,,,,,,,0,0,0,normal
01068467194,010,2026-11-28 12:57:00,12.0,1,0,1,1193.2,1,0,,,0,,1,1.0,0.0,,,,,0,0,0,normal
15882001,특번,2026-02-20 16:28:00,16.0,0,0,0,,0,1,0.0,1.0,0,,1,1.0,0.0,,,,,0,0,0,normal
0808221416,기타,2026-07-23 03:15:00,3.0,1,0,0,,0,1,0.0,1.0,0,,0,,,,,,,0,0,0,normal
15999999,특번,2026-07-23 00:49:00,0.0,0,0,0,,0,0,,,1,2.82,1,1.0,0.0,,,,,0,0,0,normal
15889999,특번,2026-08-03 22:15:00,22.0,0,0,0,,0,0,,,0,,1,1.0,0.0,,,,,0,0,0,normal
15880037,특번,2026-09-16 19:05:00,19.0,1,0,0,,0,0,,,0,,0,,,,,,,0,0,0,normal
01022271117,010,2026-09-28 03:33:00,3.0,1,1,0,,1,1,0.0,1.0,0,,1,1.0,0.0,,,,,0,0,0,normal
15665050,특번,2026-01-22 13:41:00,13.0,0,0,0,,0,1,0.0,1.0,1,167.02,0,,,,,,,0,0,0,normal
15221000,특번,2026-09-10 04:17:00,4.0,0,0,0,,0,1,0.0,1.0,0,,0,,,,,,,0,0,0,normal
15880010,특번,2026-11-13 18:28:00,18.0,0,0,0,,0,0,,,0,,0,,,,,,,0,0,0,normal
15998500,특번,2026-12-30 19:18:00,19.0,0,0,0,,0,1,0.0,1.0,0,,0,,,,,,,0,0,0,normal
15773419,특번,2026-06-19 01:31:00,1.0,0,0,0,,0,0,,,1,5.14,1,1.0,0.0,,,,,0,0,0,normal
15888801,특번,2026-12-18 12:19:00,12.0,1,0,0,,0,0,,,0,,0,,,,,,,0,0,0,normal
15223000,특번,2026-02-01 10:16:00,10.0,0,0,0,,0,0,,,0,,1,1.0,0.0,,,,,0,0,0,normal
15885050,특번,2026-02-14 15:50:00,15.0,0,0,0,,0,1,0.0,1.0,0,,0,,,,,,,0,0,0,normal
15443800,특번,2026-05-29 17:21:00,17.0,0,0,0,,0,1,0.0,1.0,1,129.0,0,,,,,,,0,0,0,normal
15221704,특번,2026-12-04 06:39:00,6.0,0,0,0,,0,0,,,0,,1,1.0,0.0,,,,,0,0,0,normal
15664295,특번,2026-04-19 11:19:00,11.0,0,0,1,27.85,0,0,,,0,,0,,,,,,,0,0,0,normal
15881599,특번,2026-07-07 23:54:00,23.0,0,0,0,,0,1,0.0,1.0,1,114.21,1,1.0,0.0,,,,,0,0,0,normal
01047407482,010,2026-02-23 18:49:00,18.0,0,1,1,4.21,1,1,0.0,1.0,0,,0,,,,,,,0,0,0,normal
15669009,특번,2026-11-26 06:52:00,6.0,0,0,0,,0,1,0.0,1.0,0,,1,1.0,0.0,,,,,0,0,0,normal
01097572031,010,2026-07-28 19:25:00,19.0,1,1,1,1471.35,1,0,,,0,,0,,,,,,,0,0,0,normal
01039407173,010,2026-08-03 21:18:00,21.0,0,1,0,,1,0,,,0,,0,,,,,,,0,0,0,normal
16008585,특번,2026-11-06 20:51:00,20.0,0,0,0,,0,0,,,1,122.92,0,,,,,,,0,0,0,normal
0064207437,00X(국제),2026-08-18 18:51:00,18.0,0,0,0,,0,0,,,0,,0,,,,,,,1,0,0,normal
03180219341,기타,2026-05-21 03:12:00,3.0,0,0,0,,0,0,,,0,,0,,,,,,,0,0,0,normal
15443082,특번,2026-02-09 02:37:00,2.0,0,0,0,,0,0,,,1,38.43,0,,,,,,,0,0,0,normal
15887270,특번,2026-07-28 12:21:00,12.0,0,0,0,,0,1,0.0,1.0,0,,1,1.0,0.0,,,,,0,0,0,normal
01010640797,010,2026-04-26 17:05:00,17.0,0,1,0,,1,0,,,0,,0,,,,,,,0,0,0,normal
15999000,특번,2026-12-05 08:51:00,8.0,1,0,0,,1,1,0.0,1.0,0,,1,1.0,0.0,,,,,0,0,0,normal
15883388,특번,2026-09-15 12:08:00,12.0,1,0,0,,0,0,,,0,,0,,,,,,,0,0,0,normal
03180219341,기타,2026-06-25 19:00:00,19.0,0,0,1,63.27,0,1,0.0,1.0,0,,1,1.0,0.0,,,,,0,0,0,normal
01065743748,010,2026-10-17 04:44:00,4.0,0,0,0,,1,0,,,0,,0,,,,,,,0,0,0,normal
18210758,특번,2026-11-10 16:17:00,16.0,0,0,1,44.55,0,1,0.0,1.0,1,4.21,0,,,,,,,0,0,0,normal
0423317505,기타,2026-07-02 04:33:00,4.0,1,0,0,,0,0,,,0,,1,1.0,0.0,,,,,0,0,0,normal
15441120,특번,2026-09-01 01:37:00,1.0,1,0,0,,0,0,,,0,,0,,,,,,,0,0,0,normal
15881900,특번,2026-02-11 07:16:00,7.0,0,0,1,34.93,0,1,1.0,1.0,0,,0,,,,,,,0,1,0,normal
01061701595,010,2026-02-17 23:18:00,23.0,0,1,1,253.47,1,1,0.0,1.0,0,,0,,,,,,,0,0,0,normal
030798066655,기타,2026-04-18 02:55:00,2.0,0,0,0,,0,1,0.0,1.0,0,,0,,,,,,,0,1,0,normal
01073223224,010,2026-04-13 15:28:00,15.0,0,0,1,2264.06,0,1,1.0,0.0,1,1336.87,1,0.0,1.0,,,,,0,1,1,institution
01042216453,010,2026-04-09 21:15:00,21.0,1,0,1,0.41,1,1,0.0,1.0,0,,0,,,,,,,0,0,0,normal
15882001,특번,2026-07-07 00:23:00,0.0,0,0,0,,0,1,0.0,1.0,0,,0,,,,,,,0,0,0,normal
16888114,특번,2026-03-14 12:42:00,12.0,1,0,1,16.98,0,0,,,0,,0,,,,,,,0,0,0,normal
01043962197,010,2026-10-04 09:28:00,9.0,0,0,0,,1,0,,,1,189.92,0,,,,,,,0,0,0,normal
01065807412,010,2026-01-19 01:28:00,1.0,0,1,1,2.83,1,0,,,1,33.23,0,,,,,,,0,0,0,normal
15221155,특번,2026-04-10 14:33:00,14.0,1,0,1,8.18,0,0,,,0,,0,,,,,,,0,0,0,normal
00423943837542,00X(국제),2026-12-31 18:01:00,18.0,0,0,0,,0,0,,,0,,0,,,,,,,1,0,0,normal
01088011130,010,2026-09-12 21:56:00,21.0,0,1,1,67.8,1,0,,,1,0.82,0,,,,,,,0,0,0,normal
0036576455459,00X(국제),2026-02-12 08:38:00,8.0,0,0,0,,0,0,,,0,,1,1.0,0.0,,,,,1,0,0,normal
15883388,특번,2026-11-23 18:23:00,18.0,0,0,0,,0,0,,,0,,0,,,,,,,0,0,0,normal
01051460745,010,2026-09-08 12:42:00,12.0,0,1,0,,0,1,0.0,1.0,0,,1,1.0,0.0,,,,,0,0,0,normal
15777011,특번,2026-04-01 19:11:00,19.0,0,0,0,,0,0,,,0,,0,,,,,,,0,0,0,normal
15881500,특번,2026-06-10 19:22:00,19.0,0,0,0,,0,1,0.0,1.0,1,20.77,0,,,,,,,0,0,0,normal
01066162523,010,2026-01-24 09:19:00,9.0,1,1,1,146.05,1,1,0.0,1.0,0,,0,,,,,,,0,0,0,normal
070251826,070(인터넷전화),2026-03-14 07:22:00,7.0,1,0,0,,0,1,1.0,1.0,0,,1,1.0,0.0,,,,,0,0,0,normal
16617654,특번,2026-03-17 14:40:00,14.0,0,0,0,,0,1,0.0,1.0,0,,1,1.0,0.0,,,,,0,0,0,normal
15999010,특번,2026-04-27 23:40:00,23.0,0,0,0,,0,0,,,0,,0,,,,,,,0,0,0,normal
15883388,특번,2026-09-15 13:51:00,13.0,1,0,0,,0,0,,,0,,1,1.0,0.0,,,,,0,0,0,normal
01015166955,010,2026-05-26 00:52:00,0.0,0,1,0,,1,1,0.0,1.0,0,,0,,,,,,,0,0,0,normal
16705989,특번,2026-03-29 08:45:00,8.0,0,0,0,,0,0,,,0,,1,1.0,0.0,,,,,0,0,0,normal
15886200,특번,2026-11-29 07:49:00,7.0,0,0,0,,0,0,,,0,,1,1.0,0.0,,,,,0,0,0,normal
01004850220,010,2026-11-01 08:50:00,8.0,0,1,1,31.04,1,1,0.0,1.0,1,1.02,1,1.0,0.0,,,,,0,0,0,normal
00626852728760,00X(국제),2026-06-27 02:14:00,2.0,0,0,0,,0,1,0.0,1.0,0,,1,1.0,0.0,,,,,1,0,0,normal
01050764871,010,2026-12-13 19:43:00,19.0,0,1,1,2.27,1,0,,,0,,0,,,,,,,0,0,0,normal
15882588,특번,2026-01-28 15:08:00,15.0,0,0,0,,0,0,,,0,,1,1.0,0.0,,,,,0,0,0,normal
01077625349,010,2026-04-25 04:04:00,4.0,1,1,1,363.03,1,0,,,0,,1,1.0,0.0,,,,,0,0,0,normal
15221704,특번,2026-06-17 03:45:00,3.0,0,0,0,,0,1,0.0,1.0,0,,1,1.0,0.0,,,,,0,0,0,normal
01090340438,010,2026-07-30 04:52:00,4.0,0,1,0,,1,0,,,1,0.76,0,,,,,,,0,0,0,normal
16445425,특번,2026-02-17 17:44:00,17.0,1,0,0,,0,1,0.0,1.0,0,,1,1.0,0.0,,,,,0,0,0,normal
01001129520,010,2026-12-22 10:12:00,10.0,1,1,0,,1,1,0.0,1.0,0,,0,,,,,,,0,0,0,normal
01077610659,010,2026-05-02 15:22:00,15.0,0,1,1,56.08,1,1,0.0,1.0,0,,0,,,,,,,0,0,0,normal
01026325144,010,2026-02-19 22:41:00,22.0,0,1,0,,1,0,,,1,39.73,0,,,,,,,0,0,0,normal
01095314196,010,2026-03-23 21:57:00,21.0,0,1,1,0.28,1,1,0.0,1.0,0,,0,,,,,,,0,0,0,normal
07012471,070(인터넷전화),2026-02-13 12:14:00,12.0,1,0,0,,0,1,0.0,1.0,0,,1,1.0,0.0,,,,,0,0,0,normal
01071103847,010,2026-03-16 17:34:00,17.0,0,1,1,24.85,1,0,,,1,318.05,0,,,,,,,0,1,0,normal
18565292,특번,2026-11-28 10:00:00,10.0,0,0,1,40.12,0,1,0.0,1.0,0,,0,,,,,,,0,0,0,normal
0012435668303,00X(국제),2026-04-22 21:02:00,21.0,0,0,0,,0,0,,,0,,0,,,,,,,1,0,0,normal
16706250,특번,2026-07-04 12:48:00,12.0,0,0,0,,0,0,,,1,382.61,1,1.0,0.0,,,,,0,0,0,normal
15998000,특번,2026-03-23 07:36:00,7.0,1,0,0,,0,0,,,0,,1,1.0,0.0,,,,,0,0,0,normal
15888377,특번,2026-08-09 10:30:00,10.0,1,1,0,,0,0,,,0,,0,,,,,,,0,0,0,normal
01002053950,010,2026-05-07 21:10:00,21.0,0,1,1,11.15,1,1,0.0,1.0,0,,1,1.0,0.0,,,,,0,0,0,normal
01098042043,010,2026-07-17 12:59:00,12.0,0,1,1,37.07,1,0,,,0,,0,,,,,,,0,1,0,normal
15661277,특번,2026-12-08 13:40:00,13.0,0,0,0,,0,0,,,1,12.46,0,,,,,,,0,0,0,normal
01001769666,010,2026-12-30 18:40:00,18.0,1,1,1,344.03,1,0,,,0,,0,,,,,,,0,0,0,normal
15223000,특번,2026-07-18 12:29:00,12.0,0,0,0,,0,1,0.0,1.0,0,,1,1.0,0.0,,,,,0,0,0,normal
01057081175,010,2026-10-03 02:34:00,2.0,0,1,1,1.4,1,1,0.0,1.0,1,99.15,0,,,,,,,0,0,0,normal
01047119526,010,2026-10-16 23:41:00,23.0,0,1,1,0.97,1,1,0.0,1.0,0,,0,,,,,,,0,0,0,normal
025669998,02(서울 유선),2026-05-15 06:21:00,6.0,0,0,1,8.52,0,0,,,0,,0,,,,,,,0,0,0,normal
01030085789,010,2026-09-12 01:55:00,1.0,1,1,0,,1,1,0.0,1.0,0,,1,1.0,0.0,,,,,0,1,0,normal
16612207,특번,2026-03-10 00:03:00,0.0,1,0,0,,0,1,1.0,1.0,0,,0,,,,,,,0,0,0,normal
16890901,특번,2026-06-09 09:51:00,9.0,0,0,0,,0,0,,,0,,1,1.0,0.0,,,,,0,0,0,normal
16446000,특번,2026-01-29 21:10:00,21.0,1,0,1,11.24,0,0,,,0,,0,,,,,,,0,0,0,normal
15443800,특번,2026-06-06 06:17:00,6.0,0,0,0,,0,0,,,0,,0,,,,,,,0,0,0,normal
16008585,특번,2026-02-28 10:22:00,10.0,0,0,0,,0,1,0.0,1.0,1,15.25,0,,,,,,,0,0,0,normal
01018297168,010,2026-02-28 08:50:00,8.0,1,1,1,251.23,1,1,0.0,1.0,0,,0,,,,,,,0,0,0,normal
15993333,특번,2026-12-18 19:23:00,19.0,0,0,0,,0,0,,,0,,0,,,,,,,0,0,0,normal
16617654,특번,2026-12-26 01:34:00,1.0,0,0,0,,0,0,,,0,,1,1.0,0.0,,,,,0,0,0,normal
07010932,070(인터넷전화),2026-03-30 05:22:00,5.0,0,0,0,,0,1,0.0,1.0,0,,1,1.0,0.0,,,,,0,0,0,normal
01061085570,010,2026-07-23 10:52:00,10.0,0,1,0,,1,0,,,0,,1,1.0,0.0,,,,,0,0,0,normal
15886565,특번,2026-01-16 20:41:00,20.0,0,0,0,,0,1,0.0,1.0,0,,0,,,,,,,0,0,0,normal
01060694347,010,2026-04-08 11:49:00,11.0,0,1,1,36.41,1,0,,,1,74.82,0,,,,,,,0,0,0,normal
16008172,특번,2026-05-09 13:10:00,13.0,0,0,0,,0,1,0.0,1.0,0,,0,,,,,,,0,0,0,normal
18997047,특번,2026-03-08 12:50:00,12.0,0,0,0,,0,1,0.0,1.0,0,,0,,,,,,,0,0,0,normal
03180219341,기타,2026-01-28 12:34:00,12.0,0,0,0,,0,1,0.0,1.0,1,44.35,1,1.0,0.0,,,,,0,0,0,normal
01015596363,010,2026-04-16 01:26:00,1.0,0,1,1,482.64,1,1,0.0,1.0,1,33.96,0,,,,,,,0,0,0,normal
15883651,특번,2026-09-04 15:49:00,15.0,1,0,0,,0,1,0.0,1.0,0,,0,,,,,,,0,0,0,normal
07008009,070(인터넷전화),2026-03-28 17:07:00,17.0,0,0,1,595.29,0,0,,,1,2269.55,0,,,,,,,0,1,1,loan
15221704,특번,2026-09-28 04:36:00,4.0,1,0,0,,0,1,0.0,1.0,0,,0,,,,,,,0,0,0,normal
15443800,특번,2026-08-11 20:19:00,20.0,1,0,0,,0,0,,,0,,0,,,,,,,0,0,0,normal
01056162714,010,2026-03-31 13:31:00,13.0,0,0,1,4114.14,0,0,,,1,3866.18,1,0.0,0.0,,,,,0,0,1,acquaintance
15447758,특번,2026-10-18 12:00:00,12.0,0,0,1,12.21,0,0,,,0,,0,,,,,,,0,0,0,normal
15778000,특번,2026-01-04 19:49:00,19.0,0,0,0,,0,0,,,1,446.93,1,1.0,0.0,,,,,0,0,0,normal
16445425,특번,2026-04-24 00:10:00,0.0,0,0,0,,0,0,,,0,,0,,,,,,,0,0,0,normal
15883388,특번,2026-04-11 22:00:00,22.0,0,0,0,,0,1,0.0,1.0,0,,0,,,,,,,0,0,0,normal
15991900,특번,2026-11-08 17:56:00,17.0,0,0,0,,0,0,,,1,0.53,0,,,,,,,0,0,0,normal
0245904479,02(서울 유선),2026-02-07 02:13:00,2.0,0,0,0,,0,1,0.0,1.0,0,,0,,,,,,,0,0,0,normal
0277313962,02(서울 유선),2026-10-16 17:48:00,17.0,0,0,0,,0,1,0.0,1.0,0,,0,,,,,,,0,0,0,normal
16446000,특번,2026-08-06 03:27:00,3.0,1,0,0,,0,1,0.0,1.0,0,,0,,,,,,,0,0,0,normal
01098887447,010,2026-05-22 08:51:00,8.0,1,1,0,,1,0,,,0,,1,1.0,0.0,,,,,0,0,0,normal
01056342022,010,2026-04-08 07:31:00,7.0,1,1,1,0.62,0,0,,,0,,1,1.0,0.0,,,,,0,0,0,normal
15888801,특번,2026-12-28 19:29:00,19.0,0,0,0,,0,1,0.0,1.0,0,,0,,,,,,,0,0,0,normal
01037021538,010,2026-07-07 10:48:00,10.0,0,1,1,28.84,1,0,,,0,,1,1.0,0.0,,,,,0,0,0,normal
15882588,특번,2026-12-02 04:00:00,4.0,0,0,0,,0,1,0.0,1.0,0,,1,1.0,0.0,,,,,0,0,0,normal
01085802023,010,2026-03-09 02:25:00,2.0,0,1,1,134.1,1,0,,,0,,0,,,,,,,0,0,0,normal
070377459,070(인터넷전화),2026-08-05 16:51:00,16.0,1,0,0,,0,0,,,0,,0,,,,,,,0,0,0,normal
01004882526,010,2026-12-06 21:18:00,21.0,1,1,1,5.74,1,1,0.0,1.0,0,,1,1.0,0.0,,,,,0,0,0,normal
00410657299,00X(국제),2026-11-21 10:17:00,10.0,0,0,0,,0,0,,,1,48.37,0,,,,,,,1,0,0,normal
15244698,특번,2026-07-21 10:08:00,10.0,0,0,1,5.08,0,1,0.0,1.0,0,,1,1.0,0.0,,,,,0,0,0,normal
05283808390,기타,2026-10-17 14:17:00,14.0,1,0,0,,0,0,,,0,,0,,,,,,,0,0,0,normal
15881500,특번,2026-11-05 20:15:00,20.0,0,0,0,,0,1,0.0,1.0,0,,0,,,,,,,0,0,0,normal
023370415,02(서울 유선),2026-01-10 22:59:00,22.0,0,0,0,,0,0,,,0,,0,,,,,,,0,0,0,normal
01003753745,010,2026-02-14 05:49:00,5.0,1,1,1,12.58,1,0,,,0,,0,,,,,,,0,0,0,normal
15883500,특번,2026-10-04 12:31:00,12.0,0,0,0,,0,0,,,0,,0,,,,,,,0,0,0,normal
15885050,특번,2026-11-17 17:56:00,17.0,1,0,0,,0,0,,,0,,0,,,,,,,0,0,0,normal
01058077109,010,2026-03-09 03:57:00,3.0,0,1,1,106.88,1,1,0.0,1.0,0,,0,,,,,,,0,0,0,normal
18242784,특번,2026-02-22 12:26:00,12.0,0,0,0,,0,0,,,0,,1,1.0,0.0,,,,,0,0,0,normal
15886565,특번,2026-06-08 13:59:00,13.0,0,0,0,,0,0,,,0,,0,,,,,,,0,0,0,normal
15448527,특번,2026-07-15 10:13:00,10.0,0,0,0,,0,1,0.0,1.0,1,2.16,0,,,,,,,0,0,0,normal
15223000,특번,2026-05-26 14:02:00,14.0,1,0,1,3.02,0,1,0.0,1.0,0,,0,,,,,,,0,0,0,normal
15889999,특번,2026-02-25 22:14:00,22.0,0,0,0,,0,0,,,0,,0,,,,,,,0,0,0,normal
18997047,특번,2026-01-01 04:37:00,4.0,0,0,0,,0,0,,,1,141.6,0,,,,,,,0,0,0,normal
16000400,특번,2026-06-09 15:16:00,15.0,0,0,0,,0,0,,,0,,0,,,,,,,0,0,0,normal
15778000,특번,2026-07-20 01:26:00,1.0,0,0,0,,0,1,0.0,1.0,0,,0,,,,,,,0,0,0,normal
15308973,특번,2026-12-13 07:42:00,7.0,1,0,0,,0,0,,,0,,0,,,,,,,0,0,0,normal
15882588,특번,2026-05-10 03:25:00,3.0,0,0,0,,0,0,,,0,,1,1.0,0.0,,,,,0,0,0,normal
01031732461,010,2026-09-13 12:38:00,12.0,1,1,1,1.64,1,1,0.0,1.0,0,,0,,,,,,,0,0,0,normal
002275942673,00X(국제),2026-04-08 11:12:00,11.0,0,0,0,,0,1,0.0,0.0,0,,0,,,,,,,1,0,0,normal
15881515,특번,2026-03-15 18:04:00,18.0,0,0,0,,0,0,,,0,,0,,,,,,,0,0,0,normal
01003353004,010,2026-05-12 03:41:00,3.0,0,1,0,,1,0,,,0,,0,,,,,,,0,0,0,normal
0279680785,02(서울 유선),2026-05-03 22:03:00,22.0,0,0,0,,0,1,0.0,1.0,0,,0,,,,,,,0,0,0,normal
01097895893,010,2026-04-18 04:16:00,4.0,0,1,1,23.2,1,0,,,1,0.38,1,1.0,0.0,,,,,0,0,0,normal
01003118609,010,2026-02-15 02:10:00,2.0,0,1,1,13.18,1,0,,,1,28.03,0,,,,,,,0,0,0,normal
01045026944,010,2026-11-28 04:45:00,4.0,0,1,1,42.18,1,0,,,0,,0,,,,,,,0,0,0,normal
01049638256,010,2026-11-18 04:15:00,4.0,0,1,0,,1,1,0.0,1.0,0,,0,,,,,,,0,0,0,normal
01068085884,010,2026-07-10 02:32:00,2.0,1,1,1,18.57,1,0,,,0,,1,1.0,0.0,,,,,0,0,0,normal
15669009,특번,2026-09-14 01:10:00,1.0,1,0,0,,1,0,,,0,,0,,,,,,,0,0,0,normal
15993333,특번,2026-07-03 04:35:00,4.0,0,0,1,249.25,0,1,0.0,1.0,0,,0,,,,,,,0,0,0,normal
16613000,특번,2026-01-01 23:49:00,23.0,1,0,0,,0,1,0.0,1.0,0,,0,,,,,,,0,0,0,normal
15441120,특번,2026-05-28 22:08:00,22.0,0,0,0,,1,0,,,0,,0,,,,,,,0,0,0,normal
08093805846,기타,2026-01-25 05:25:00,5.0,0,0,0,,0,1,0.0,1.0,0,,1,1.0,0.0,,,,,0,0,0,normal
01007354600,010,2026-12-22 05:04:00,5.0,0,1,0,,1,0,,,0,,0,,,,,,,0,0,0,normal
01071277719,010,2026-03-06 07:57:00,7.0,0,1,1,1.37,1,0,,,0,,1,1.0,0.0,,,,,0,0,0,normal
01079296863,010,2026-11-07 20:12:00,20.0,1,1,1,70.04,1,1,0.0,1.0,0,,0,,,,,,,0,1,0,normal
01030152773,010,2026-12-07 21:11:00,21.0,0,1,1,17.72,1,0,,,0,,0,,,,,,,0,0,0,normal
15881900,특번,2026-08-22 03:34:00,3.0,1,0,0,,0,0,,,0,,1,1.0,0.0,,,,,0,0,0,normal
15883388,특번,2026-12-22 10:26:00,10.0,0,0,0,,0,1,0.0,1.0,0,,0,,,,,,,0,0,0,normal
15881500,특번,2026-09-29 20:16:00,20.0,0,0,0,,0,0,,,0,,0,,,,,,,0,0,0,normal
01029825162,010,2026-03-02 06:42:00,6.0,1,1,1,82.24,1,0,,,0,,0,,,,,,,0,0,0,normal
15660123,특번,2026-01-02 21:04:00,21.0,1,0,0,,0,1,0.0,1.0,0,,1,1.0,0.0,,,,,0,0,0,normal
15824225,특번,2026-06-14 04:22:00,4.0,0,0,0,,0,1,0.0,1.0,1,23.74,0,,,,,,,0,0,0,normal
01050762332,010,2026-11-30 18:05:00,18.0,1,1,1,8.41,1,0,,,0,,1,1.0,0.0,,,,,0,0,0,normal
16008585,특번,2026-10-29 21:51:00,21.0,0,0,0,,0,0,,,0,,0,,,,,,,0,0,0,normal
15881515,특번,2026-05-27 13:03:00,13.0,0,0,1,29.63,0,0,,,0,,1,1.0,0.0,,,,,0,0,0,normal
15662566,특번,2026-07-07 03:32:00,3.0,0,0,0,,0,0,,,1,3.1,0,,,,,,,0,0,0,normal
16762609,특번,2026-07-04 17:57:00,17.0,1,0,0,,0,1,0.0,1.0,0,,0,,,,,,,0,0,0,normal
15880079,특번,2026-04-10 17:27:00,17.0,1,1,0,,0,0,,,0,,1,1.0,0.0,,,,,0,0,0,normal
15889999,특번,2026-09-03 07:47:00,7.0,0,0,0,,0,0,,,0,,1,1.0,0.0,,,,,0,0,0,normal
15661277,특번,2026-02-19 11:43:00,11.0,0,0,0,,0,1,0.0,1.0,0,,0,,,,,,,0,0,0,normal
15773419,특번,2026-01-11 20:16:00,20.0,1,0,0,,0,0,,,0,,0,,,,,,,0,0,0,normal
01027280903,010,2026-03-27 16:40:00,16.0,1,1,1,40.5,1,1,0.0,1.0,0,,0,,,,,,,0,0,0,normal
15771000,특번,2026-04-05 06:02:00,6.0,1,0,1,12.73,0,0,,,0,,0,,,,,,,0,0,0,normal
15881900,특번,2026-08-10 15:47:00,15.0,0,0,1,15.47,0,0,,,0,,1,1.0,0.0,,,,,0,0,0,normal
01094337026,010,2026-09-23 08:34:00,8.0,0,1,1,13.34,1,1,1.0,1.0,0,,1,1.0,0.0,,,,,0,0,0,normal
01029907166,010,2026-01-17 07:07:00,7.0,0,1,1,32.01,1,1,0.0,1.0,1,287.09,0,,,,,,,0,1,0,normal
15882001,특번,2026-10-27 14:14:00,14.0,0,0,0,,0,0,,,0,,0,,,,,,,0,0,0,normal
15993333,특번,2026-11-06 19:37:00,19.0,1,0,1,6.57,0,1,0.0,1.0,0,,1,1.0,0.0,,,,,0,0,0,normal
15881515,특번,2026-06-07 12:04:00,12.0,0,0,0,,0,1,1.0,1.0,0,,0,,,,,,,0,0,0,normal
15883570,특번,2026-08-22 03:28:00,3.0,1,0,1,12.05,0,0,,,0,,0,,,,,,,0,0,0,normal
15993333,특번,2026-09-08 14:35:00,14.0,0,0,0,,0,0,,,0,,1,1.0,0.0,,,,,0,0,0,normal
15886200,특번,2026-09-26 20:47:00,20.0,0,0,0,,0,1,0.0,1.0,0,,0,,,,,,,0,0,0,normal
15887000,특번,2026-09-29 11:43:00,11.0,0,0,0,,0,0,,,0,,1,1.0,0.0,,,,,0,0,0,normal
01085766656,010,2026-12-23 11:31:00,11.0,0,1,0,,0,0,,,1,141.71,1,1.0,0.0,,,,,0,0,0,normal
01031852002,010,2026-06-25 02:20:00,2.0,0,1,0,,1,1,0.0,1.0,0,,0,,,,,,,0,0,0,normal
15446200,특번,2026-09-30 22:03:00,22.0,0,0,0,,0,1,0.0,1.0,1,9.47,0,,,,,,,0,0,0,normal
15292724,특번,2026-05-18 15:27:00,15.0,0,0,0,,0,1,0.0,1.0,1,30.04,0,,,,,,,0,0,0,normal
01019740282,010,2026-06-27 16:30:00,16.0,0,1,1,1106.75,1,0,,,1,7.26,1,1.0,0.0,,,,,0,0,0,normal
15887000,특번,2026-09-28 16:30:00,16.0,0,0,0,,0,0,,,0,,0,,,,,,,0,0,0,normal
03180751228,기타,2026-03-04 10:45:00,10.0,0,0,0,,0,1,1.0,1.0,0,,0,,,,,,,0,0,0,normal
15446200,특번,2026-08-16 09:07:00,9.0,1,0,0,,0,0,,,0,,0,,,,,,,0,0,0,normal
023370415,02(서울 유선),2026-06-17 12:11:00,12.0,1,0,0,,0,0,,,0,,1,1.0,0.0,,,,,0,0,0,normal
15998500,특번,2026-08-07 12:54:00,12.0,1,0,0,,0,0,,,0,,0,,,,,,,0,0,0,normal
15888801,특번,2026-03-31 07:51:00,7.0,0,1,0,,0,1,0.0,1.0,0,,1,1.0,0.0,,,,,0,0,0,normal
15447758,특번,2026-11-04 06:24:00,6.0,0,0,0,,0,1,0.0,1.0,1,1244.67,0,,,,,,,0,0,0,normal
01085013813,010,2026-09-25 03:30:00,3.0,1,1,1,161.24,1,1,0.0,1.0,0,,0,,,,,,,0,0,0,normal
16000400,특번,2026-03-06 16:11:00,16.0,0,0,0,,0,1,0.0,1.0,0,,1,1.0,0.0,,,,,0,1,0,normal
01075021885,010,2026-05-16 22:50:00,22.0,0,1,1,703.43,1,1,0.0,1.0,0,,0,,,,,,,0,0,0,normal
15773419,특번,2026-10-11 18:54:00,18.0,1,0,0,,0,1,1.0,1.0,0,,1,1.0,0.0,,,,,0,0,0,normal
15221000,특번,2026-02-14 08:40:00,8.0,0,0,0,,0,0,,,1,167.99,0,,,,,,,0,0,0,normal
15883651,특번,2026-04-09 20:17:00,20.0,1,0,0,,0,1,1.0,1.0,0,,1,1.0,0.0,,,,,0,0,0,normal
15662566,특번,2026-03-16 19:22:00,19.0,0,0,0,,0,0,,,1,30.72,0,,,,,,,0,0,0,normal
15221704,특번,2026-04-20 07:48:00,7.0,0,0,0,,0,0,,,1,131.2,0,,,,,,,0,0,0,normal
15990903,특번,2026-01-20 08:02:00,8.0,0,0,0,,0,0,,,0,,1,1.0,0.0,,,,,0,0,0,normal
15991900,특번,2026-04-16 19:59:00,19.0,1,0,1,104.27,0,0,,,0,,0,,,,,,,0,0,0,normal
15443800,특번,2026-03-19 02:37:00,2.0,1,0,1,15.31,0,0,,,0,,0,,,,,,,0,0,0,normal
15446200,특번,2026-12-05 21:52:00,21.0,0,0,0,,0,1,1.0,1.0,0,,1,1.0,0.0,,,,,0,0,0,normal
15888801,특번,2026-09-14 07:33:00,7.0,0,0,0,,0,0,,,1,5.46,0,,,,,,,0,0,0,normal
18116688,특번,2026-03-07 09:27:00,9.0,0,0,0,,0,0,,,0,,0,,,,,,,0,0,0,normal
16004000,특번,2026-11-16 04:53:00,4.0,0,0,0,,0,1,0.0,1.0,1,760.24,0,,,,,,,0,0,0,normal
15443002,특번,2026-02-24 03:54:00,3.0,0,0,0,,1,0,,,0,,0,,,,,,,0,0,0,normal
01054665905,010,2026-02-17 23:53:00,23.0,0,1,1,1296.23,1,0,,,0,,1,1.0,0.0,,,,,0,0,0,normal
01098068496,010,2026-01-23 04:41:00,4.0,1,1,1,666.71,1,0,,,0,,0,,,,,,,0,0,0,normal
15662566,특번,2026-11-23 05:44:00,5.0,0,0,0,,0,1,0.0,1.0,0,,0,,,,,,,0,0,0,normal
16705989,특번,2026-02-07 08:01:00,8.0,0,0,0,,0,1,1.0,1.0,0,,0,,,,,,,0,0,0,normal
01026163248,010,2026-08-29 08:01:00,8.0,1,0,1,147.98,1,0,,,0,,0,,,,,,,0,0,0,normal
01025639300,010,2026-04-18 16:37:00,16.0,1,1,1,39.55,1,1,0.0,1.0,0,,0,,,,,,,0,0,0,normal
15443002,특번,2026-09-05 07:23:00,7.0,0,0,1,9.82,0,0,,,1,123.56,1,1.0,0.0,,,,,0,0,0,normal
15115196,특번,2026-06-15 03:39:00,3.0,0,0,0,,0,1,0.0,1.0,1,1.23,1,1.0,0.0,,,,,0,1,0,normal
01004557868,010,2026-09-02 08:42:00,8.0,0,1,0,,1,0,,,1,23.97,0,,,,,,,0,0,0,normal
15805980,특번,2026-03-29 11:19:00,11.0,1,0,1,9.24,0,1,0.0,1.0,0,,1,1.0,0.0,,,,,0,0,0,normal
15880037,특번,2026-09-27 04:48:00,4.0,0,0,0,,0,0,,,0,,1,1.0,0.0,,,,,0,0,0,normal
0423317505,기타,2026-06-30 10:26:00,10.0,1,0,0,,0,1,0.0,1.0,0,,0,,,,,,,0,0,0,normal
01005064051,010,2026-03-06 03:49:00,3.0,0,1,1,23.13,1,1,0.0,1.0,0,,1,1.0,0.0,,,,,0,0,0,normal
15443002,특번,2026-10-03 02:29:00,2.0,0,0,0,,0,1,1.0,1.0,0,,0,,,,,,,0,1,0,normal
01074874779,010,2026-06-23 20:35:00,20.0,0,1,1,123.98,0,0,,,0,,0,,,,,,,0,0,0,normal
15880079,특번,2026-10-17 04:35:00,4.0,1,0,0,,0,1,0.0,1.0,0,,0,,,,,,,0,0,0,normal
15221704,특번,2026-11-20 00:03:00,0.0,0,0,0,,0,0,,,0,,0,,,,,,,0,0,0,normal
15448000,특번,2026-02-21 05:10:00,5.0,1,0,0,,0,1,0.0,1.0,0,,0,,,,,,,0,0,0,normal
01034396904,010,2026-08-21 15:03:00,15.0,1,1,0,,1,0,,,0,,0,,,,,,,0,0,0,normal
15999000,특번,2026-03-28 03:42:00,3.0,0,0,0,,0,1,0.0,1.0,0,,0,,,,,,,0,0,0,normal
15887000,특번,2026-03-21 18:52:00,18.0,0,0,0,,1,0,,,0,,0,,,,,,,0,0,0,normal
15888377,특번,2026-12-27 04:01:00,4.0,0,0,0,,0,1,0.0,1.0,0,,1,1.0,0.0,,,,,0,0,0,normal
0291010211,02(서울 유선),2026-06-10 13:22:00,13.0,0,0,0,,0,1,0.0,1.0,0,,1,1.0,0.0,,,,,0,0,0,normal
15889999,특번,2026-08-08 21:32:00,21.0,1,0,1,16.63,0,0,,,0,,0,,,,,,,0,0,0,normal
15441120,특번,2026-11-15 17:03:00,17.0,0,0,0,,0,1,0.0,1.0,1,1.39,0,,,,,,,0,0,0,normal
01097787268,010,2026-09-18 18:48:00,18.0,0,1,0,,0,1,0.0,1.0,0,,0,,,,,,,0,0,0,normal
16613000,특번,2026-02-14 21:52:00,21.0,0,0,0,,0,0,,,0,,0,,,,,,,0,0,0,normal
16706250,특번,2026-10-02 15:06:00,15.0,1,0,1,4.06,0,1,1.0,0.0,0,,0,,,,,,,0,0,0,normal
01042066701,010,2026-08-18 09:40:00,9.0,0,1,1,4.13,1,0,,,0,,1,1.0,0.0,,,,,0,0,0,normal
15221155,특번,2026-02-07 14:07:00,14.0,0,0,1,13.56,0,1,1.0,1.0,0,,0,,,,,,,0,0,0,normal
01085653377,010,2026-12-18 01:29:00,1.0,1,1,1,123.91,1,0,,,0,,0,,,,,,,0,0,0,normal
01055023137,010,2026-08-02 21:41:00,21.0,1,1,1,9.56,1,1,0.0,1.0,0,,0,,,,,,,0,0,0,normal
15883500,특번,2026-03-08 20:08:00,20.0,0,0,0,,0,0,,,0,,0,,,,,,,0,0,0,normal
16663060,특번,2026-04-18 16:41:00,16.0,0,0,0,,0,1,0.0,1.0,0,,1,1.0,0.0,,,,,0,0,0,normal
16705989,특번,2026-10-01 18:23:00,18.0,0,0,0,,0,0,,,1,172.49,0,,,,,,,0,0,0,normal
01061117800,010,2026-10-17 02:17:00,2.0,0,1,1,0.97,0,0,,,0,,1,1.0,0.0,,,,,0,0,0,normal
01062100385,010,2026-07-13 23:23:00,23.0,0,1,1,6.46,1,1,0.0,1.0,0,,1,1.0,0.0,,,,,0,0,0,normal
15883570,특번,2026-05-03 03:18:00,3.0,0,1,0,,0,0,,,0,,1,1.0,0.0,,,,,0,0,0,normal
15882588,특번,2026-04-18 05:14:00,5.0,0,0,1,52.54,0,1,0.0,1.0,0,,0,,,,,,,0,0,0,normal
15998888,특번,2026-11-19 17:22:00,17.0,0,0,0,,0,1,0.0,1.0,0,,1,1.0,0.0,,,,,0,0,0,normal
16004000,특번,2026-04-14 22:37:00,22.0,0,0,0,,0,1,0.0,1.0,0,,1,1.0,0.0,,,,,0,0,0,normal
15881111,특번,2026-04-24 07:43:00,7.0,1,0,0,,0,0,,,0,,0,,,,,,,0,0,0,normal
15883388,특번,2026-12-28 10:41:00,10.0,0,0,0,,0,0,,,0,,0,,,,,,,0,1,0,normal
15881500,특번,2026-06-02 01:38:00,1.0,0,0,0,,0,0,,,0,,0,,,,,,,0,0,0,normal
0029154259,00X(국제),2026-08-15 17:41:00,17.0,1,0,0,,0,1,0.0,1.0,0,,0,,,,,,,1,0,0,normal
16663060,특번,2026-05-13 12:14:00,12.0,1,0,0,,0,1,0.0,1.0,0,,0,,,,,,,0,1,0,normal
15880010,특번,2026-06-03 11:40:00,11.0,0,0,0,,0,1,0.0,1.0,0,,0,,,,,,,0,0,0,normal
16445425,특번,2026-12-30 23:16:00,23.0,1,0,0,,0,0,,,0,,1,1.0,0.0,,,,,0,0,0,normal
15990903,특번,2026-03-07 20:25:00,20.0,0,1,0,,0,0,,,0,,0,,,,,,,0,0,0,normal
15882588,특번,2026-04-26 08:22:00,8.0,0,0,0,,0,1,0.0,1.0,0,,0,,,,,,,0,0,0,normal
15993333,특번,2026-06-07 13:52:00,13.0,1,0,0,,0,0,,,0,,0,,,,,,,0,0,0,normal
15443000,특번,2026-08-11 23:18:00,23.0,1,0,0,,0,0,,,0,,0,,,,,,,0,0,0,normal
16613000,특번,2026-10-14 10:16:00,10.0,1,1,0,,0,0,,,0,,0,,,,,,,0,0,0,normal
01073972961,010,2026-12-21 16:44:00,16.0,0,1,1,221.84,1,1,0.0,1.0,0,,1,1.0,0.0,,,,,0,0,0,normal
15999000,특번,2026-06-25 05:56:00,5.0,0,0,0,,0,0,,,1,26.18,0,,,,,,,0,0,0,normal
15888377,특번,2026-05-23 14:29:00,14.0,0,1,0,,0,1,0.0,1.0,0,,0,,,,,,,0,0,0,normal
01047525534,010,2026-02-21 23:50:00,23.0,0,1,1,67.73,1,0,,,0,,0,,,,,,,0,0,0,normal
01005130057,010,2026-05-16 13:04:00,13.0,0,1,0,,1,1,0.0,1.0,1,24.3,0,,,,,,,0,0,0,normal
16008585,특번,2026-03-16 20:26:00,20.0,0,0,1,95.48,0,0,,,0,,0,,,,,,,0,0,0,normal
01023884969,010,2026-10-18 20:01:00,20.0,0,1,1,118.51,0,0,,,1,4.56,0,,,,,,,0,0,0,normal
01048255442,010,2026-10-14 07:12:00,7.0,0,1,0,,1,0,,,1,0.48,0,,,,,,,0,0,0,normal
15886200,특번,2026-12-28 18:51:00,18.0,1,0,0,,0,1,0.0,1.0,0,,1,1.0,0.0,,,,,0,0,0,normal
01047055491,010,2026-05-07 21:45:00,21.0,1,1,1,446.11,1,1,0.0,1.0,0,,0,,,,,,,0,0,0,normal
15778000,특번,2026-06-28 23:55:00,23.0,0,0,0,,0,1,0.0,1.0,0,,0,,,,,,,0,0,0,normal
15221155,특번,2026-03-13 03:43:00,3.0,0,0,0,,0,1,0.0,1.0,0,,1,1.0,1.0,,,,,0,0,0,normal
16888114,특번,2026-02-12 19:23:00,19.0,1,0,0,,0,1,0.0,1.0,0,,0,,,,,,,0,0,0,normal
16706250,특번,2026-12-23 12:31:00,12.0,1,0,0,,0,1,0.0,1.0,0,,1,1.0,0.0,,,,,0,0,0,normal
01078141277,010,2026-01-18 09:40:00,9.0,0,1,1,274.64,1,0,,,0,,0,,,,,,,0,0,0,normal
01007080631,010,2026-06-24 06:46:00,6.0,0,1,1,99.0,1,0,,,0,,1,1.0,0.0,,,,,0,0,0,normal
01035813979,010,2026-08-30 01:30:00,1.0,0,0,1,50.54,1,1,0.0,1.0,1,6.39,0,,,,,,,0,0,0,normal
15444200,특번,2026-10-01 17:45:00,17.0,1,0,0,,0,1,0.0,1.0,0,,0,,,,,,,0,0,0,normal
01029294286,010,2026-05-02 17:19:00,17.0,0,0,1,3767.86,0,0,,,1,2483.22,1,0.0,1.0,,,,,0,0,1,acquaintance
15999010,특번,2026-06-30 16:12:00,16.0,1,0,0,,0,1,0.0,1.0,0,,1,1.0,0.0,,,,,0,0,0,normal
16188158,특번,2026-10-06 10:45:00,,0,0,0,,0,0,,,0,,1,0.0,0.0,,,,,0,1,1,etc
15441120,특번,2026-10-26 13:16:00,13.0,0,0,0,,0,1,0.0,1.0,0,,0,,,,,,,0,0,0,normal
01027259212,010,2026-09-18 05:37:00,5.0,0,1,1,1.93,1,0,,,0,,0,,,,,,,0,0,0,normal
15221704,특번,2026-04-06 02:31:00,2.0,0,0,0,,0,0,,,0,,0,,,,,,,0,0,0,normal
16613000,특번,2026-12-31 13:32:00,13.0,0,0,0,,0,0,,,0,,0,,,,,,,0,0,0,normal
16004000,특번,2026-03-10 11:53:00,11.0,1,0,0,,0,0,,,0,,0,,,,,,,0,0,0,normal
01023628197,010,2026-02-27 22:37:00,22.0,1,1,1,3084.96,1,1,0.0,1.0,0,,0,,,,,,,0,0,0,normal
15885050,특번,2026-03-23 12:12:00,12.0,0,0,1,4.35,0,0,,,0,,1,1.0,0.0,,,,,0,0,0,normal
01050725532,010,2026-01-10 13:46:00,13.0,0,1,1,233.21,1,0,,,1,43.73,1,1.0,0.0,,,,,0,0,0,normal
01082767742,010,2026-05-31 04:58:00,4.0,0,1,0,,1,1,0.0,1.0,1,193.08,0,,,,,,,0,0,0,normal
15887270,특번,2026-01-02 09:43:00,9.0,0,0,0,,0,1,0.0,1.0,0,,0,,,,,,,0,0,0,normal
18116688,특번,2026-12-21 04:41:00,4.0,1,0,1,6.44,0,1,0.0,1.0,0,,1,1.0,0.0,,,,,0,0,0,normal
01082541768,010,2026-04-13 11:38:00,11.0,1,1,1,310.33,1,0,,,0,,0,,,,,,,0,0,0,normal
16888114,특번,2026-01-22 02:36:00,2.0,0,0,0,,0,1,0.0,1.0,0,,1,1.0,0.0,,,,,0,0,0,normal
0624160113,기타,2026-06-20 01:59:00,1.0,0,0,0,,0,0,,,1,7.63,0,,,,,,,0,0,0,normal
01086453261,010,2026-10-20 18:34:00,18.0,0,1,1,7.88,1,0,,,0,,0,,,,,,,0,0,0,normal
15884477,특번,2026-05-12 13:59:00,13.0,0,0,0,,0,0,,,0,,0,,,,,,,0,0,0,normal
15999010,특번,2026-10-27 17:49:00,17.0,0,0,0,,0,0,,,1,1.82,0,,,,,,,0,0,0,normal
0423317505,기타,2026-09-25 06:20:00,6.0,1,0,0,,0,1,0.0,1.0,0,,0,,,,,,,0,0,0,normal
01024028182,010,2026-04-11 07:45:00,7.0,1,1,0,,1,0,,,0,,1,1.0,0.0,,,,,0,0,0,normal
15662566,특번,2026-09-21 15:27:00,15.0,0,0,1,63.68,0,0,,,1,126.31,1,1.0,0.0,,,,,0,0,0,normal
15880037,특번,2026-10-23 00:14:00,0.0,1,0,0,,0,0,,,0,,0,,,,,,,0,0,0,normal
01061528098,010,2026-08-29 00:58:00,0.0,1,1,0,,1,1,0.0,1.0,0,,1,1.0,0.0,,,,,0,0,0,normal
01055404231,010,2026-10-19 16:09:00,16.0,0,1,0,,1,0,,,0,,0,,,,,,,0,0,0,normal
15990903,특번,2026-07-14 05:12:00,5.0,0,0,0,,0,0,,,0,,0,,,,,,,0,0,0,normal
15664295,특번,2026-09-03 02:56:00,2.0,0,0,1,51.25,0,1,0.0,1.0,0,,0,,,,,,,0,0,0,normal
16006200,특번,2026-01-07 15:45:00,15.0,0,0,0,,0,0,,,0,,0,,,,,,,0,1,0,normal
0423317505,기타,2026-02-24 08:15:00,8.0,0,0,0,,0,0,,,0,,1,1.0,0.0,,,,,0,0,0,normal
15221704,특번,2026-02-28 02:48:00,2.0,1,0,1,1.48,0,1,0.0,1.0,0,,0,,,,,,,0,0,0,normal
16008172,특번,2026-09-04 08:03:00,8.0,0,0,0,,0,1,0.0,1.0,0,,0,,,,,,,0,1,0,normal
025669998,02(서울 유선),2026-08-04 04:20:00,4.0,0,0,0,,0,1,0.0,1.0,0,,0,,,,,,,0,0,0,normal
01069575385,010,2026-02-20 09:11:00,9.0,1,1,0,,1,1,0.0,1.0,0,,1,1.0,0.0,,,,,0,0,0,normal
03180219341,기타,2026-03-20 17:54:00,17.0,0,0,0,,0,0,,,0,,0,,,,,,,0,0,0,normal
15883570,특번,2026-10-23 21:34:00,21.0,0,0,1,9.57,0,1,0.0,1.0,0,,0,,,,,,,0,0,0,normal
15881900,특번,2026-08-06 12:39:00,12.0,0,0,0,,0,1,0.0,1.0,0,,0,,,,,,,0,0,0,normal
01093540357,010,2026-03-01 14:20:00,14.0,0,1,0,,1,1,0.0,1.0,1,51.6,0,,,,,,,0,0,0,normal
15885000,특번,2026-08-08 05:20:00,5.0,0,0,0,,0,0,,,0,,0,,,,,,,0,0,0,normal
01008580623,010,2026-09-26 11:09:00,11.0,0,1,0,,1,1,0.0,1.0,0,,0,,,,,,,0,0,0,normal
01008823846,010,2026-02-07 07:22:00,7.0,1,1,0,,1,0,,,0,,0,,,,,,,0,0,0,normal
15773419,특번,2026-05-06 09:32:00,9.0,1,0,0,,0,0,,,0,,1,1.0,0.0,,,,,0,0,0,normal
15999999,특번,2026-02-12 06:25:00,6.0,1,0,1,110.99,0,0,,,0,,0,,,,,,,0,0,0,normal
16000400,특번,2026-08-22 18:17:00,18.0,0,0,0,,0,1,0.0,1.0,0,,1,1.0,0.0,,,,,0,0,0,normal
01024098866,010,2026-10-21 14:01:00,14.0,0,1,1,919.39,1,0,,,0,,0,,,,,,,0,0,0,normal
01027223972,010,2026-07-25 09:04:00,9.0,0,1,1,237.2,1,1,1.0,1.0,0,,0,,,,,,,0,0,0,normal
0270909743,02(서울 유선),2026-09-14 13:15:00,13.0,0,0,0,,0,0,,,0,,1,1.0,0.0,,,,,0,0,0,normal
01071067287,010,2026-04-12 20:19:00,20.0,1,1,1,3.06,1,1,0.0,1.0,0,,0,,,,,,,0,0,0,normal
15883570,특번,2026-08-30 13:12:00,13.0,1,0,0,,0,1,1.0,1.0,0,,0,,,,,,,0,0,0,normal
01041037281,010,2026-02-09 21:31:00,21.0,1,1,1,11.23,1,0,,,0,,0,,,,,,,0,0,0,normal
15881900,특번,2026-02-12 17:53:00,17.0,1,0,0,,0,1,0.0,1.0,0,,1,1.0,0.0,,,,,0,0,0,normal
15448000,특번,2026-11-02 12:52:00,12.0,0,0,1,2.62,0,1,0.0,1.0,0,,0,,,,,,,0,0,0,normal
15990011,특번,2026-12-25 20:22:00,20.0,1,0,0,,0,1,0.0,1.0,0,,1,1.0,0.0,,,,,0,0,0,normal
0708107719,070(인터넷전화),2026-10-16 01:09:00,1.0,0,0,0,,0,1,0.0,1.0,0,,0,,,,,,,0,0,0,normal
01078668689,010,2026-08-08 16:04:00,16.0,0,1,1,120.6,1,1,0.0,1.0,0,,1,1.0,0.0,,,,,0,0,0,normal
01096223972,010,2026-07-22 16:43:00,16.0,1,1,1,14.51,1,0,,,0,,1,1.0,0.0,,,,,0,0,0,normal
01047334359,010,2026-12-08 08:49:00,8.0,0,1,1,79.71,1,0,,,1,1039.38,0,,,,,,,0,0,0,normal
15443082,특번,2026-01-16 15:32:00,15.0,0,1,0,,0,1,0.0,1.0,0,,1,1.0,0.0,,,,,0,0,0,normal
16663060,특번,2026-01-09 16:37:00,16.0,1,0,0,,0,0,,,0,,0,,,,,,,0,0,0,normal
15999000,특번,2026-08-31 08:55:00,8.0,0,0,0,,0,0,,,1,24.98,0,,,,,,,0,0,0,normal
01012104072,010,2026-09-20 11:31:00,11.0,0,1,1,0.99,0,0,,,1,133.73,0,,,,,,,0,0,0,normal
03180219341,기타,2026-11-11 00:02:00,0.0,1,1,0,,0,1,0.0,1.0,0,,1,1.0,0.0,,,,,0,0,0,normal
01090140905,010,2026-08-10 00:24:00,0.0,1,1,1,3.82,1,0,,,0,,1,1.0,0.0,,,,,0,0,0,normal
16724649,특번,2026-12-17 03:03:00,3.0,0,0,0,,0,0,,,0,,0,,,,,,,0,1,0,normal
15660123,특번,2026-08-25 08:07:00,8.0,0,0,0,,0,1,0.0,1.0,1,55.47,0,,,,,,,0,0,0,normal
16008585,특번,2026-12-26 01:44:00,1.0,0,0,0,,0,0,,,0,,0,,,,,,,0,0,0,normal
15665050,특번,2026-03-01 21:07:00,21.0,0,0,1,1.2,0,0,,,1,517.77,1,1.0,0.0,,,,,0,0,0,normal
023118082,02(서울 유선),2026-08-26 09:15:00,9.0,0,0,1,155.56,0,0,,,0,,1,1.0,0.0,,,,,0,0,0,normal
16613000,특번,2026-01-23 15:11:00,15.0,0,0,0,,0,0,,,0,,0,,,,,,,0,0,0,normal
15998888,특번,2026-06-08 13:30:00,13.0,0,0,0,,0,1,0.0,1.0,0,,0,,,,,,,0,0,0,normal
15223000,특번,2026-04-08 19:50:00,19.0,1,0,0,,0,0,,,0,,0,,,,,,,0,0,0,normal
15991111,특번,2026-07-20 02:14:00,2.0,1,0,0,,0,0,,,0,,0,,,,,,,0,0,0,normal
15881111,특번,2026-06-06 23:37:00,23.0,0,0,0,,0,1,0.0,1.0,0,,0,,,,,,,0,0,0,normal
05063279042,기타,2026-05-31 21:12:00,21.0,0,0,0,,0,0,,,0,,0,,,,,,,0,0,0,normal
15998888,특번,2026-11-23 22:02:00,22.0,0,0,0,,0,0,,,0,,1,1.0,0.0,,,,,0,0,0,normal
15991111,특번,2026-07-31 00:19:00,0.0,1,0,0,,0,0,,,0,,0,,,,,,,0,0,0,normal
15991900,특번,2026-02-19 02:00:00,2.0,0,0,0,,0,0,,,0,,1,1.0,0.0,,,,,0,0,0,normal
01021445371,010,2026-09-02 17:20:00,17.0,0,1,1,0.7,1,0,,,0,,0,,,,,,,0,0,0,normal
01090872617,010,2026-11-01 03:54:00,3.0,1,1,0,,1,1,0.0,1.0,0,,0,,,,,,,0,0,0,normal
0072382781469,00X(국제),2026-10-10 07:29:00,7.0,1,0,0,,0,1,0.0,1.0,0,,0,,,,,,,1,0,0,normal
01051229462,010,2026-03-22 19:22:00,19.0,1,1,0,,1,1,0.0,1.0,0,,1,1.0,0.0,,,,,0,1,0,normal
15443000,특번,2026-08-20 12:18:00,12.0,1,0,0,,0,1,0.0,1.0,0,,1,1.0,0.0,,,,,0,0,0,normal
15998000,특번,2026-10-05 12:56:00,12.0,0,0,0,,0,1,0.0,1.0,0,,0,,,,,,,0,0,0,normal
01062406837,010,2026-09-02 13:32:00,13.0,0,1,1,404.32,0,1,0.0,1.0,0,,0,,,,,,,0,0,0,normal
01018583132,010,2026-12-18 09:37:00,9.0,0,1,0,,1,0,,,0,,0,,,,,,,0,0,0,normal
0220269955,02(서울 유선),2026-06-04 23:36:00,23.0,1,0,0,,0,0,,,0,,1,1.0,0.0,,,,,0,0,0,normal
01019959425,010,2026-07-01 18:36:00,18.0,0,1,1,35.8,1,1,0.0,1.0,0,,0,,,,,,,0,0,0,normal
15441077,특번,2026-09-19 19:59:00,19.0,0,0,0,,0,0,,,1,214.15,0,,,,,,,0,0,0,normal
15883651,특번,2026-03-17 12:34:00,12.0,0,0,0,,0,1,0.0,1.0,0,,0,,,,,,,0,0,0,normal
07024446312,070(인터넷전화),2026-07-23 23:58:00,23.0,1,0,0,,0,0,,,0,,0,,,,,,,0,0,0,normal
15880079,특번,2026-07-07 09:05:00,9.0,0,0,0,,0,1,0.0,1.0,0,,0,,,,,,,0,0,0,normal
01080575950,010,2026-05-05 05:57:00,5.0,0,1,1,18.45,0,0,,,1,0.05,0,,,,,,,0,0,0,normal
15881500,특번,2026-03-27 00:02:00,0.0,0,0,0,,0,1,0.0,1.0,0,,0,,,,,,,0,1,0,normal
01065193982,010,2026-01-20 14:23:00,14.0,1,1,1,9.93,1,0,,,0,,0,,,,,,,0,0,0,normal
01081259836,010,2026-04-26 13:21:00,13.0,0,1,1,61.73,1,0,,,0,,0,,,,,,,0,0,0,normal
15778000,특번,2026-07-24 06:24:00,6.0,0,0,0,,0,0,,,1,5.77,1,1.0,0.0,,,,,0,0,0,normal
15991900,특번,2026-12-25 00:27:00,0.0,0,0,1,15.2,0,1,0.0,1.0,0,,1,1.0,1.0,,,,,0,0,0,normal
15881515,특번,2026-07-24 01:30:00,1.0,0,0,0,,0,0,,,0,,0,,,,,,,0,0,0,normal
15884477,특번,2026-03-07 10:59:00,10.0,1,0,0,,0,0,,,0,,0,,,,,,,0,0,0,normal
01058967196,010,2026-09-11 15:56:00,15.0,0,1,0,,1,1,0.0,1.0,0,,0,,,,,,,0,0,0,normal
15221704,특번,2026-03-26 21:17:00,21.0,0,0,0,,0,0,,,0,,0,,,,,,,0,0,0,normal
008247733912,00X(국제),2026-02-01 14:29:00,14.0,0,0,1,132.35,0,1,0.0,1.0,0,,0,,,,,,,1,0,0,normal
16006200,특번,2026-12-26 01:50:00,1.0,0,0,0,,0,0,,,0,,0,,,,,,,0,1,0,normal
01048116049,010,2026-03-02 11:11:00,11.0,1,1,0,,1,1,0.0,1.0,0,,0,,,,,,,0,0,0,normal
0417413447,기타,2026-10-09 12:23:00,12.0,0,0,0,,0,1,0.0,1.0,1,49.33,0,,,,,,,0,0,0,normal
16004000,특번,2026-02-07 08:52:00,8.0,0,0,0,,0,0,,,0,,1,1.0,0.0,,,,,0,0,0,normal
01069901851,010,2026-03-17 00:30:00,0.0,1,1,0,,1,0,,,0,,0,,,,,,,0,0,0,normal
01080606561,010,2026-04-16 09:25:00,9.0,0,1,1,232.38,1,0,,,0,,0,,,,,,,0,0,0,normal
01052405536,010,2026-07-06 07:09:00,7.0,0,1,1,18.52,1,0,,,0,,0,,,,,,,0,0,0,normal
15771000,특번,2026-06-24 10:17:00,10.0,0,0,0,,0,1,1.0,1.0,0,,0,,,,,,,0,0,0,normal
01035435129,010,2026-01-14 22:25:00,22.0,0,1,1,111.11,1,1,0.0,1.0,0,,0,,,,,,,0,0,0,normal
01024667622,010,2026-10-26 01:48:00,1.0,1,1,1,14.74,1,1,0.0,0.0,0,,0,,,,,,,0,0,0,normal
070879633,070(인터넷전화),2026-08-01 03:44:00,3.0,1,0,0,,0,0,,,0,,0,,,,,,,0,0,0,normal
16613000,특번,2026-01-16 02:24:00,2.0,0,0,0,,0,0,,,0,,0,,,,,,,0,0,0,normal
01013432756,010,2026-01-25 16:07:00,16.0,0,1,1,1.51,1,0,,,0,,0,,,,,,,0,0,0,normal
01051844989,010,2026-05-07 14:14:00,14.0,0,1,0,,1,1,0.0,1.0,0,,0,,,,,,,0,0,0,normal
16613000,특번,2026-08-31 17:09:00,17.0,1,0,0,,0,1,0.0,1.0,0,,0,,,,,,,0,0,0,normal
01028651814,010,2026-04-08 19:38:00,19.0,0,1,1,6.12,1,0,,,0,,0,,,,,,,0,0,0,normal
15888000,특번,2026-05-01 05:41:00,5.0,1,0,0,,0,1,0.0,1.0,0,,0,,,,,,,0,0,0,normal
18116688,특번,2026-08-26 23:47:00,23.0,0,0,0,,0,0,,,0,,1,1.0,0.0,,,,,0,0,0,normal
15990903,특번,2026-08-19 15:08:00,15.0,0,0,0,,0,1,0.0,1.0,1,353.92,1,1.0,0.0,,,,,0,0,0,normal
15446399,특번,2026-11-16 17:27:00,17.0,0,0,0,,0,0,,,0,,0,,,,,,,0,0,0,normal
18997047,특번,2026-10-26 18:24:00,18.0,0,0,0,,0,0,,,1,17.34,0,,,,,,,0,1,0,normal
15888585,특번,2026-07-02 03:32:00,3.0,0,0,0,,0,0,,,0,,0,,,,,,,0,0,0,normal
01064345973,010,2026-02-28 06:36:00,6.0,0,1,1,0.75,1,0,,,0,,0,,,,,,,0,0,0,normal
15998000,특번,2026-03-24 14:40:00,14.0,0,0,0,,0,0,,,0,,1,1.0,0.0,,,,,0,0,0,normal
15882588,특번,2026-12-05 05:54:00,5.0,0,1,1,18.01,0,1,0.0,1.0,0,,0,,,,,,,0,0,0,normal
15883570,특번,2026-06-05 11:46:00,11.0,0,0,1,18.93,0,0,,,0,,0,,,,,,,0,0,0,normal
15888377,특번,2026-03-27 09:49:00,9.0,0,0,0,,0,1,0.0,1.0,0,,0,,,,,,,0,0,0,normal
15441077,특번,2026-11-25 05:54:00,5.0,0,0,0,,1,0,,,1,102.45,1,1.0,0.0,,,,,0,0,0,normal
15888585,특번,2026-02-10 18:51:00,18.0,0,0,0,,0,0,,,1,1.56,0,,,,,,,0,0,0,normal
0085016641,00X(국제),2026-11-06 09:39:00,9.0,1,0,0,,0,0,,,0,,0,,,,,,,1,1,1,loan
15880079,특번,2026-11-14 11:36:00,11.0,0,0,0,,0,0,,,1,1.6,0,,,,,,,0,0,0,normal
01056136311,010,2026-09-22 10:19:00,10.0,0,1,1,36.94,1,1,0.0,1.0,0,,0,,,,,,,0,0,0,normal
01050895123,010,2026-12-01 01:43:00,1.0,0,1,0,,1,0,,,1,10.07,0,,,,,,,0,0,0,normal
15440080,특번,2026-05-25 12:38:00,12.0,0,0,1,8.57,0,1,0.0,1.0,0,,1,1.0,0.0,,,,,0,0,0,normal
01006449035,010,2026-06-27 00:14:00,0.0,1,1,0,,1,0,,,0,,0,,,,,,,0,0,0,normal
15883388,특번,2026-11-12 07:38:00,7.0,0,0,0,,0,0,,,1,58.08,0,,,,,,,0,0,0,normal
16008585,특번,2026-07-04 12:08:00,12.0,0,0,1,331.24,0,0,,,0,,0,,,,,,,0,0,0,normal
15990903,특번,2026-06-21 21:07:00,21.0,0,0,0,,0,0,,,0,,0,,,,,,,0,0,0,normal
0437811507,기타,2026-03-29 14:38:00,14.0,0,0,0,,0,0,,,1,12.02,1,1.0,0.0,,,,,0,0,0,normal
15441077,특번,2026-05-18 01:08:00,1.0,0,0,0,,0,1,0.0,1.0,0,,0,,,,,,,0,0,0,normal
16008585,특번,2026-12-10 23:43:00,23.0,0,0,0,,0,1,0.0,1.0,0,,0,,,,,,,0,0,0,normal
15998500,특번,2026-02-14 19:36:00,19.0,1,0,0,,0,0,,,0,,0,,,,,,,0,0,0,normal
01042042247,010,2026-01-07 23:51:00,23.0,0,0,1,1253.0,1,1,1.0,1.0,1,18.57,0,,,,,,,0,0,0,normal
07093639,070(인터넷전화),2026-10-24 00:49:00,0.0,1,0,0,,0,0,,,0,,1,1.0,0.0,,,,,0,0,0,normal
15885000,특번,2026-01-18 23:45:00,23.0,1,0,0,,0,1,1.0,1.0,0,,1,1.0,0.0,,,,,0,0,0,normal
15475983,특번,2026-09-26 08:06:00,8.0,0,0,0,,0,1,0.0,1.0,0,,1,1.0,0.0,,,,,0,0,0,normal
01007133914,010,2026-06-20 14:48:00,14.0,1,1,1,22.93,1,0,,,0,,1,1.0,0.0,,,,,0,0,0,normal
15991111,특번,2026-12-07 08:27:00,8.0,0,0,0,,0,0,,,0,,0,,,,,,,0,0,0,normal
01054880617,010,2026-08-10 15:22:00,15.0,0,1,0,,1,0,,,0,,0,,,,,,,0,0,0,normal
15441077,특번,2026-12-24 00:45:00,0.0,1,0,0,,0,1,0.0,1.0,0,,1,1.0,0.0,,,,,0,0,0,normal
15443030,특번,2026-11-09 06:21:00,6.0,0,0,0,,0,0,,,0,,1,1.0,0.0,,,,,0,0,0,normal
15664295,특번,2026-02-16 14:56:00,14.0,0,0,0,,0,1,0.0,1.0,0,,0,,,,,,,0,0,0,normal
0611041313,기타,2026-09-02 20:00:00,20.0,0,0,0,,0,1,0.0,1.0,1,37.89,0,,,,,,,0,0,0,normal
15221155,특번,2026-03-07 05:13:00,5.0,0,0,0,,0,1,0.0,1.0,0,,0,,,,,,,0,0,0,normal
15998000,특번,2026-10-19 16:51:00,16.0,0,0,0,,0,1,0.0,1.0,0,,0,,,,,,,0,0,0,normal
15887000,특번,2026-10-02 08:22:00,8.0,1,0,0,,0,0,,,0,,0,,,,,,,0,0,0,normal
00432333023,00X(국제),2026-06-17 07:47:00,7.0,0,0,0,,0,0,,,0,,0,,,,,,,1,0,0,normal
03180751228,기타,2026-08-30 13:35:00,13.0,1,0,0,,0,1,0.0,1.0,0,,1,1.0,0.0,,,,,0,0,0,normal
01053132593,010,2026-11-02 11:00:00,11.0,0,1,1,19.17,1,0,,,1,359.72,1,1.0,0.0,,,,,0,0,0,normal
01057549811,010,2026-02-25 00:59:00,0.0,1,1,1,809.61,1,0,,,0,,0,,,,,,,0,0,0,normal
15882588,특번,2026-03-19 09:56:00,9.0,0,0,0,,0,0,,,1,13.99,0,,,,,,,0,0,0,normal
01091616931,010,2026-06-28 16:09:00,16.0,1,1,1,1.42,1,0,,,0,,0,,,,,,,0,0,0,normal
01094729926,010,2026-06-13 04:21:00,4.0,0,1,0,,1,0,,,1,4.16,0,,,,,,,0,0,0,normal
15446399,특번,2026-11-26 08:14:00,8.0,1,0,0,,0,1,0.0,1.0,0,,1,1.0,0.0,,,,,0,0,0,normal
01014054683,010,2026-08-17 23:48:00,23.0,1,0,0,,1,1,0.0,1.0,0,,1,1.0,0.0,,,,,0,0,0,normal
01072675457,010,2026-11-01 11:58:00,11.0,1,1,1,5.62,1,0,,,0,,0,,,,,,,0,0,0,normal
18026782,특번,2026-04-28 03:49:00,3.0,0,0,0,,1,1,0.0,1.0,0,,0,,,,,,,0,0,0,normal
15883388,특번,2026-04-01 02:35:00,2.0,0,0,0,,0,0,,,0,,0,,,,,,,0,0,0,normal
01090922884,010,2026-11-27 20:14:00,20.0,1,1,1,1615.54,1,1,0.0,1.0,0,,0,,,,,,,0,0,0,normal
18997047,특번,2026-04-05 11:50:00,11.0,0,0,0,,0,1,0.0,1.0,0,,0,,,,,,,0,0,0,normal
15661277,특번,2026-09-28 16:12:00,16.0,0,0,0,,0,1,0.0,1.0,0,,0,,,,,,,0,0,0,normal
06374266299,기타,2026-03-04 16:19:00,16.0,0,0,0,,0,1,0.0,1.0,0,,1,1.0,0.0,,,,,0,0,0,normal
01070254496,010,2026-08-19 05:02:00,5.0,0,1,0,,0,1,0.0,1.0,0,,0,,,,,,,0,0,0,normal
15998000,특번,2026-04-27 14:18:00,14.0,0,0,0,,0,0,,,0,,0,,,,,,,0,0,0,normal
01014639476,010,2026-05-14 22:38:00,22.0,0,1,1,50.16,1,1,0.0,1.0,0,,1,1.0,0.0,,,,,0,0,0,normal
15884477,특번,2026-05-05 20:27:00,20.0,0,0,0,,0,1,0.0,1.0,1,5.28,0,,,,,,,0,0,0,normal
15885000,특번,2026-10-02 00:47:00,0.0,1,0,0,,0,0,,,0,,0,,,,,,,0,0,0,normal
01070547209,010,2026-04-08 03:31:00,3.0,0,1,1,8.56,1,0,,,0,,0,,,,,,,0,0,0,normal
15888585,특번,2026-02-08 22:44:00,22.0,0,0,0,,0,0,,,0,,0,,,,,,,0,0,0,normal
01077804579,010,2026-12-04 14:42:00,14.0,1,1,1,26.18,1,1,1.0,1.0,0,,0,,,,,,,0,0,0,normal
15887270,특번,2026-05-15 18:01:00,18.0,0,0,0,,0,1,0.0,1.0,0,,1,1.0,0.0,,,,,0,0,0,normal
15880010,특번,2026-11-30 21:36:00,21.0,1,0,0,,0,0,,,0,,0,,,,,,,0,0,0,normal
15881900,특번,2026-03-22 15:12:00,15.0,0,0,0,,0,0,,,1,8.89,0,,,,,,,0,0,0,normal
18116688,특번,2026-06-30 13:12:00,13.0,0,0,0,,0,1,0.0,1.0,0,,1,1.0,0.0,,,,,0,0,0,normal
01056031868,010,2026-10-08 17:45:00,17.0,0,1,1,2.01,1,0,,,0,,1,1.0,0.0,,,,,0,0,0,normal
16445425,특번,2026-01-08 23:24:00,23.0,1,0,0,,0,1,0.0,1.0,0,,0,,,,,,,0,1,0,normal
16004000,특번,2026-01-28 16:01:00,16.0,0,0,0,,0,1,0.0,1.0,0,,0,,,,,,,0,0,0,normal
15880010,특번,2026-07-08 01:09:00,1.0,0,0,1,4.35,0,1,0.0,1.0,0,,1,1.0,0.0,,,,,0,0,0,normal
15443082,특번,2026-02-10 06:12:00,6.0,0,0,0,,0,1,0.0,1.0,0,,0,,,,,,,0,0,0,normal
01073680729,010,2026-10-14 22:24:00,22.0,0,1,1,15.51,1,0,,,0,,1,1.0,0.0,,,,,0,0,0,normal
01013863492,010,2026-06-06 16:43:00,16.0,1,1,1,9.88,1,1,0.0,1.0,0,,0,,,,,,,0,0,0,normal
15883570,특번,2026-09-06 14:17:00,14.0,0,0,0,,0,0,,,1,12.32,0,,,,,,,0,1,0,normal
01074550148,010,2026-04-13 02:34:00,2.0,0,1,1,54.37,1,0,,,0,,0,,,,,,,0,0,0,normal
0262752275,02(서울 유선),2026-09-10 10:39:00,10.0,1,0,1,1.73,0,0,,,0,,0,,,,,,,0,0,0,normal
15999999,특번,2026-01-04 18:47:00,18.0,1,0,1,2.37,0,1,0.0,1.0,0,,1,1.0,0.0,,,,,0,0,0,normal
15885000,특번,2026-05-10 10:50:00,10.0,0,0,1,4.46,0,0,,,0,,1,1.0,1.0,,,,,0,0,0,normal
01037213290,010,2026-02-18 20:12:00,20.0,1,1,1,2.39,1,0,,,0,,0,,,,,,,0,0,0,normal
03180751228,기타,2026-03-18 04:03:00,4.0,0,0,0,,0,0,,,0,,0,,,,,,,0,0,0,normal
15665050,특번,2026-03-22 16:04:00,16.0,0,0,1,49.25,0,0,,,0,,0,,,,,,,0,0,0,normal
15763177,특번,2026-08-13 23:59:00,23.0,0,0,1,1.95,0,0,,,0,,1,1.0,0.0,,,,,0,0,0,normal
0624160113,기타,2026-04-24 05:24:00,5.0,0,0,0,,0,0,,,0,,0,,,,,,,0,0,0,normal
15885050,특번,2026-02-17 11:02:00,11.0,0,0,0,,0,1,0.0,1.0,0,,1,1.0,0.0,,,,,0,0,0,normal
15885050,특번,2026-02-16 06:05:00,6.0,0,0,0,,0,1,0.0,1.0,0,,1,1.0,0.0,,,,,0,0,0,normal
01038546052,010,2026-03-01 05:49:00,5.0,1,1,1,16.5,0,1,0.0,1.0,0,,0,,,,,,,0,0,0,normal
15447758,특번,2026-03-02 23:25:00,23.0,1,0,0,,0,1,0.0,1.0,0,,0,,,,,,,0,0,0,normal
15773419,특번,2026-10-02 05:05:00,5.0,1,0,1,28.19,0,1,0.0,1.0,0,,0,,,,,,,0,0,0,normal
01091776829,010,2026-06-03 13:01:00,13.0,1,1,0,,1,1,0.0,1.0,0,,0,,,,,,,0,0,0,normal
15443800,특번,2026-01-07 05:08:00,5.0,1,0,0,,0,0,,,0,,0,,,,,,,0,0,0,normal
01047155151,010,2026-09-03 16:33:00,16.0,1,1,1,116.74,1,0,,,0,,0,,,,,,,0,0,0,normal
15880037,특번,2026-05-01 15:05:00,15.0,0,0,0,,0,0,,,0,,0,,,,,,,0,0,0,normal
15441120,특번,2026-11-26 17:49:00,17.0,1,0,0,,0,0,,,0,,0,,,,,,,0,0,0,normal
15361815,특번,2026-11-16 17:37:00,17.0,0,0,0,,0,1,0.0,1.0,1,406.24,0,,,,,,,0,0,0,normal
15883388,특번,2026-07-16 13:41:00,13.0,1,0,0,,0,0,,,0,,1,1.0,0.0,,,,,0,0,0,normal
01081328180,010,2026-03-11 01:06:00,1.0,1,1,1,63.9,1,1,0.0,1.0,0,,0,,,,,,,0,0,0,normal
07042735,070(인터넷전화),2026-01-27 09:02:00,9.0,0,0,0,,0,0,,,0,,1,1.0,0.0,,,,,0,0,0,normal
0423317505,기타,2026-09-22 01:52:00,1.0,0,0,0,,0,1,0.0,1.0,0,,1,1.0,0.0,,,,,0,0,0,normal
16446000,특번,2026-12-13 02:39:00,2.0,0,0,0,,0,0,,,0,,1,1.0,0.0,,,,,0,0,0,normal
15881515,특번,2026-05-10 03:10:00,3.0,0,0,0,,0,0,,,0,,0,,,,,,,0,0,0,normal
03180219341,기타,2026-08-17 10:20:00,10.0,0,0,0,,0,1,0.0,1.0,0,,0,,,,,,,0,0,0,normal
0025384766919,00X(국제),2026-09-09 12:14:00,12.0,0,0,0,,0,0,,,0,,0,,,,,,,1,0,0,normal
15221704,특번,2026-01-14 12:21:00,12.0,0,0,0,,0,0,,,0,,1,1.0,0.0,,,,,0,0,0,normal
15665050,특번,2026-03-06 23:54:00,23.0,0,0,0,,0,0,,,0,,0,,,,,,,0,0,0,normal
01022395480,010,2026-11-16 15:35:00,15.0,0,1,0,,1,0,,,0,,0,,,,,,,0,0,0,normal
01045461719,010,2026-05-02 17:44:00,17.0,0,1,0,,0,0,,,0,,0,,,,,,,0,0,0,normal
15448527,특번,2026-12-11 10:46:00,10.0,0,0,0,,0,0,,,0,,0,,,,,,,0,0,0,normal
15888000,특번,2026-07-27 00:10:00,0.0,0,0,0,,0,1,0.0,1.0,0,,0,,,,,,,0,0,0,normal
01026170243,010,2026-06-03 14:23:00,14.0,0,0,0,,0,1,1.0,0.0,1,1408.82,1,0.0,1.0,,,,,0,0,1,institution
15881111,특번,2026-08-12 05:55:00,5.0,0,0,0,,0,0,,,0,,1,1.0,0.0,,,,,0,0,0,normal
01040848729,010,2026-12-24 03:06:00,3.0,1,0,1,142.54,1,1,0.0,1.0,0,,1,1.0,0.0,,,,,0,0,0,normal
01057055701,010,2026-07-20 11:06:00,11.0,0,1,0,,1,0,,,0,,0,,,,,,,0,0,0,normal
0707848303,070(인터넷전화),2026-07-05 04:18:00,4.0,0,0,0,,0,0,,,0,,0,,,,,,,0,1,0,normal
15441120,특번,2026-12-14 22:34:00,22.0,0,0,0,,0,0,,,1,13.81,1,1.0,0.0,,,,,0,0,0,normal
18997047,특번,2026-07-13 17:22:00,17.0,1,0,0,,0,0,,,0,,0,,,,,,,0,0,0,normal
15669009,특번,2026-12-12 13:43:00,13.0,1,0,1,42.17,0,0,,,0,,1,1.0,0.0,,,,,0,0,0,normal
01042983687,010,2026-10-26 09:48:00,9.0,0,1,1,1.94,1,0,,,0,,0,,,,,,,0,0,0,normal
01060967462,010,2026-12-28 00:15:00,0.0,0,1,1,5.89,1,0,,,0,,1,1.0,0.0,,,,,0,0,0,normal
15777011,특번,2026-05-20 02:52:00,2.0,0,0,0,,0,1,1.0,1.0,0,,0,,,,,,,0,0,0,normal
01057411935,010,2026-05-25 22:13:00,22.0,0,1,1,53.14,1,0,,,0,,0,,,,,,,0,0,0,normal
01019511303,010,2026-01-20 04:07:00,4.0,0,1,1,54.78,1,0,,,0,,0,,,,,,,0,0,0,normal
01021516758,010,2026-10-10 15:08:00,15.0,1,1,1,4413.12,1,0,,,0,,0,,,,,,,0,0,0,normal
16008585,특번,2026-06-08 09:13:00,9.0,0,0,0,,0,0,,,0,,1,1.0,0.0,,,,,0,0,0,normal
01034477927,010,2026-10-30 23:27:00,23.0,0,1,1,2.34,1,0,,,1,12.52,1,1.0,0.0,,,,,0,0,0,normal
01094794792,010,2026-06-20 11:00:00,11.0,1,0,0,,1,1,0.0,1.0,0,,0,,,,,,,0,0,0,normal
15773419,특번,2026-02-28 17:46:00,17.0,0,0,0,,0,1,0.0,1.0,0,,1,1.0,0.0,,,,,0,0,0,normal
15446200,특번,2026-05-31 21:25:00,21.0,0,0,0,,0,1,0.0,1.0,1,10.93,0,,,,,,,0,0,0,normal
15883388,특번,2026-04-12 09:09:00,9.0,0,0,0,,0,0,,,1,2.42,0,,,,,,,0,0,0,normal
16706250,특번,2026-08-17 23:33:00,23.0,1,0,0,,0,0,,,0,,0,,,,,,,0,0,0,normal
01044225216,010,2026-01-12 05:04:00,5.0,0,1,1,0.17,1,0,,,0,,0,,,,,,,0,1,0,normal
16008172,특번,2026-09-12 17:23:00,17.0,0,0,1,3.58,1,0,,,0,,1,1.0,0.0,,,,,0,0,0,normal
15881900,특번,2026-11-18 03:20:00,3.0,0,0,0,,0,0,,,1,65.72,1,1.0,0.0,,,,,0,0,0,normal
01088771699,010,2026-03-15 10:47:00,10.0,0,1,1,28.57,1,1,1.0,1.0,0,,0,,,,,,,0,0,0,normal
15888377,특번,2026-02-22 05:41:00,5.0,0,0,1,90.02,0,0,,,0,,0,,,,,,,0,0,0,normal
01087490044,010,2026-02-20 15:56:00,15.0,1,1,1,2.91,1,1,1.0,1.0,0,,1,1.0,0.0,,,,,0,0,0,normal
15443800,특번,2026-08-29 02:22:00,2.0,0,0,0,,0,0,,,1,4.89,0,,,,,,,0,1,0,normal
01096549705,010,2026-07-31 03:33:00,3.0,1,1,1,1.11,1,1,0.0,1.0,0,,1,1.0,0.0,,,,,0,0,0,normal
15662566,특번,2026-01-10 09:02:00,9.0,0,1,0,,0,1,0.0,1.0,0,,0,,,,,,,0,0,0,normal
15441120,특번,2026-07-31 20:54:00,20.0,0,0,1,42.06,0,1,0.0,1.0,0,,0,,,,,,,0,0,0,normal
15662566,특번,2026-07-02 05:49:00,5.0,1,0,1,8.41,0,0,,,0,,0,,,,,,,0,0,0,normal
15814456,특번,2026-09-13 12:32:00,12.0,0,0,0,,0,1,0.0,1.0,0,,0,,,,,,,0,0,0,normal
027266093,02(서울 유선),2026-11-24 08:53:00,8.0,0,0,0,,0,0,,,0,,1,1.0,0.0,,,,,0,0,0,normal
15223000,특번,2026-01-05 17:22:00,17.0,0,0,0,,0,0,,,1,80.75,0,,,,,,,0,0,0,normal
15998500,특번,2026-11-05 13:50:00,13.0,0,0,0,,0,1,0.0,1.0,0,,0,,,,,,,0,0,0,normal
025669998,02(서울 유선),2026-01-30 20:01:00,20.0,0,0,0,,0,0,,,0,,0,,,,,,,0,0,0,normal
01072544225,010,2026-05-28 12:40:00,12.0,0,1,1,45.7,1,1,1.0,1.0,0,,0,,,,,,,0,0,0,normal
15448000,특번,2026-05-25 05:46:00,5.0,0,0,1,198.98,0,1,0.0,1.0,0,,0,,,,,,,0,0,0,normal
16445425,특번,2026-11-01 19:41:00,19.0,0,0,0,,0,0,,,1,67.38,1,1.0,0.0,,,,,0,0,0,normal
0504814423,기타,2026-06-09 21:26:00,21.0,0,0,1,39.62,0,1,0.0,0.0,0,,0,,,,,,,0,0,0,normal
15888585,특번,2026-10-05 09:22:00,9.0,0,0,0,,0,0,,,0,,1,1.0,0.0,,,,,0,0,0,normal
15157304,특번,2026-09-19 02:47:00,2.0,0,0,0,,0,0,,,0,,0,,,,,,,0,0,0,normal
01091693182,010,2026-07-12 04:03:00,4.0,1,1,0,,1,1,0.0,1.0,0,,0,,,,,,,0,0,0,normal
0262752275,02(서울 유선),2026-07-20 22:00:00,22.0,0,0,0,,0,1,0.0,1.0,0,,1,1.0,0.0,,,,,0,0,0,normal
18375499,특번,2026-02-09 23:40:00,23.0,0,0,0,,0,0,,,1,1.36,1,1.0,0.0,,,,,0,0,0,normal
01074332683,010,2026-03-04 15:16:00,15.0,0,1,1,386.69,1,0,,,0,,0,,,,,,,0,0,0,normal
15777011,특번,2026-07-03 21:50:00,21.0,0,0,0,,0,0,,,0,,0,,,,,,,0,0,0,normal
01015012350,010,2026-07-12 14:27:00,14.0,0,0,0,,0,1,1.0,1.0,1,2731.75,1,0.0,1.0,,,,,0,0,1,acquaintance
01066036698,010,2026-01-23 15:44:00,15.0,1,1,1,8.52,1,0,,,0,,0,,,,,,,0,0,0,normal
01070572677,010,2026-05-21 11:10:00,11.0,1,1,0,,1,1,1.0,1.0,0,,1,1.0,0.0,,,,,0,0,0,normal
15993333,특번,2026-08-24 15:37:00,15.0,0,0,0,,0,1,0.0,1.0,1,3.01,0,,,,,,,0,0,0,normal
0052192693,00X(국제),2026-11-02 17:01:00,17.0,0,0,0,,0,0,,,0,,1,1.0,0.0,,,,,1,0,0,normal
01019177019,010,2026-05-17 02:39:00,2.0,1,0,1,80.32,1,1,0.0,1.0,0,,0,,,,,,,0,0,0,normal
15999999,특번,2026-12-05 01:20:00,1.0,0,0,0,,0,0,,,0,,0,,,,,,,0,0,0,normal
01024913943,010,2026-02-09 10:48:00,10.0,0,1,1,83.18,0,1,0.0,1.0,1,101.34,0,,,,,,,0,0,0,normal
15223000,특번,2026-02-04 06:52:00,6.0,1,0,0,,0,1,0.0,1.0,0,,0,,,,,,,0,0,0,normal
0808221416,기타,2026-04-21 15:16:00,15.0,1,0,1,16.35,0,1,0.0,1.0,0,,0,,,,,,,0,0,0,normal
01029003622,010,2026-03-08 13:24:00,13.0,1,1,1,1979.08,1,0,,,0,,0,,,,,,,0,0,0,normal
01087870188,010,2026-03-06 11:49:00,11.0,0,1,1,3.27,1,1,0.0,1.0,0,,0,,,,,,,0,0,0,normal
01048529799,010,2026-06-04 04:10:00,4.0,1,1,0,,1,0,,,0,,0,,,,,,,0,0,0,normal
01020945402,010,2026-07-22 07:26:00,7.0,1,1,1,23.96,1,0,,,0,,0,,,,,,,0,0,0,normal
00016548765,00X(국제),2026-11-23 17:50:00,17.0,0,0,0,,0,1,0.0,1.0,0,,0,,,,,,,1,0,0,normal
01077397327,010,2026-12-31 05:53:00,5.0,0,1,0,,1,0,,,0,,0,,,,,,,0,0,0,normal
15998888,특번,2026-02-11 00:42:00,0.0,1,0,0,,0,1,1.0,1.0,0,,0,,,,,,,0,0,0,normal
15888801,특번,2026-04-02 00:00:00,0.0,0,0,0,,0,1,0.0,1.0,0,,0,,,,,,,0,0,0,normal
15443800,특번,2026-09-23 00:49:00,0.0,1,0,0,,0,0,,,0,,0,,,,,,,0,0,0,normal
01037573839,010,2026-09-04 23:07:00,23.0,1,1,1,1396.54,1,0,,,0,,0,,,,,,,0,0,0,normal
01055532168,010,2026-08-25 04:49:00,4.0,1,1,1,327.51,1,1,0.0,1.0,0,,0,,,,,,,0,0,0,normal
15991916,특번,2026-03-15 23:40:00,23.0,0,0,0,,0,1,0.0,1.0,0,,1,1.0,0.0,,,,,0,0,0,normal
01054196664,010,2026-09-30 01:32:00,1.0,0,1,1,1.66,1,0,,,0,,0,,,,,,,0,0,0,normal
15883500,특번,2026-12-20 08:01:00,8.0,0,0,0,,0,1,0.0,1.0,0,,1,1.0,0.0,,,,,0,0,0,normal
15999000,특번,2026-11-23 12:49:00,12.0,0,0,0,,0,0,,,0,,1,1.0,0.0,,,,,0,1,0,normal
15880037,특번,2026-04-11 14:10:00,14.0,0,0,1,14.13,0,0,,,1,2.96,0,,,,,,,0,0,0,normal
15778000,특번,2026-01-16 20:27:00,20.0,0,0,0,,0,1,0.0,1.0,0,,0,,,,,,,0,0,0,normal
01065328632,010,2026-11-09 06:13:00,6.0,0,1,0,,1,0,,,0,,1,1.0,1.0,,,,,0,0,0,normal
15883500,특번,2026-11-05 23:40:00,23.0,0,0,0,,0,1,0.0,1.0,0,,0,,,,,,,0,0,0,normal
15448527,특번,2026-10-21 03:01:00,3.0,0,0,0,,0,1,0.0,1.0,0,,1,1.0,0.0,,,,,0,0,0,normal
15440080,특번,2026-09-15 05:56:00,5.0,0,0,0,,0,1,0.0,1.0,0,,0,,,,,,,0,0,0,normal
16613000,특번,2026-03-10 11:07:00,11.0,0,0,0,,0,1,0.0,1.0,0,,1,1.0,0.0,,,,,0,0,0,normal
01083387688,010,2026-06-03 02:24:00,2.0,0,1,0,,1,1,0.0,1.0,0,,0,,,,,,,0,0,0,normal
15448527,특번,2026-05-01 07:23:00,7.0,1,0,0,,0,0,,,0,,0,,,,,,,0,0,0,normal
15888801,특번,2026-03-20 04:17:00,4.0,1,0,0,,0,0,,,0,,0,,,,,,,0,0,0,normal
0808221416,기타,2026-05-20 01:21:00,1.0,0,0,0,,0,1,0.0,1.0,0,,0,,,,,,,0,0,0,normal
01015953384,010,2026-03-08 17:16:00,17.0,0,0,0,,1,0,,,0,,0,,,,,,,0,0,0,normal
15666000,특번,2026-10-16 16:25:00,16.0,1,0,0,,1,1,0.0,1.0,0,,0,,,,,,,0,0,0,normal
01069620233,010,2026-10-04 22:03:00,22.0,0,1,0,,0,0,,,1,89.37,0,,,,,,,0,0,0,normal
15991916,특번,2026-01-17 11:28:00,11.0,0,0,0,,0,0,,,0,,0,,,,,,,0,0,0,normal
00191804384,00X(국제),2026-06-25 06:22:00,6.0,0,0,0,,0,1,0.0,1.0,0,,1,1.0,0.0,,,,,1,0,0,normal
16004000,특번,2026-08-06 22:55:00,22.0,0,0,0,,0,0,,,0,,0,,,,,,,0,0,0,normal
15440010,특번,2026-12-12 13:39:00,13.0,0,0,0,,0,1,0.0,1.0,1,96.85,0,,,,,,,0,1,0,normal
16449999,특번,2026-06-24 10:16:00,10.0,0,0,0,,0,1,0.0,1.0,0,,0,,,,,,,0,0,0,normal
01051364029,010,2026-08-06 05:50:00,5.0,0,1,1,77.73,1,1,0.0,1.0,0,,1,1.0,0.0,,,,,0,0,0,normal
027431719,02(서울 유선),2026-02-16 23:20:00,23.0,1,0,0,,0,1,0.0,1.0,0,,0,,,,,,,0,0,0,normal
01075993345,010,2026-05-17 04:34:00,4.0,1,1,1,5.42,1,0,,,0,,0,,,,,,,0,0,0,normal
01042153193,010,2026-10-17 19:05:00,19.0,1,1,1,250.75,1,1,0.0,1.0,0,,0,,,,,,,0,1,0,normal
16006200,특번,2026-08-14 19:39:00,19.0,0,0,0,,0,0,,,0,,0,,,,,,,0,0,0,normal
15887000,특번,2026-04-07 08:04:00,8.0,0,0,0,,0,0,,,1,16.5,0,,,,,,,0,0,0,normal
15883570,특번,2026-05-26 01:36:00,1.0,0,0,0,,0,0,,,0,,0,,,,,,,0,0,0,normal
01064468530,010,2026-07-06 21:37:00,21.0,0,1,1,7.03,1,0,,,0,,0,,,,,,,0,1,0,normal
01086323979,010,2026-02-18 17:10:00,17.0,1,1,0,,1,0,,,0,,0,,,,,,,0,0,0,normal
01006889589,010,2026-06-24 04:39:00,4.0,1,1,0,,1,0,,,0,,1,1.0,0.0,,,,,0,0,0,normal
15998500,특번,2026-04-10 09:25:00,9.0,0,0,0,,0,1,0.0,1.0,0,,1,1.0,0.0,,,,,0,0,0,normal
0252385214,02(서울 유선),2026-10-27 01:15:00,1.0,1,0,1,88.91,0,1,0.0,1.0,0,,0,,,,,,,0,0,0,normal
01039021962,010,2026-01-12 09:09:00,9.0,1,1,0,,1,0,,,0,,0,,,,,,,0,0,0,normal
15883651,특번,2026-02-12 16:09:00,16.0,0,0,0,,0,1,0.0,1.0,0,,0,,,,,,,0,0,0,normal
01092451679,010,2026-03-07 00:18:00,0.0,0,1,1,0.69,1,0,,,1,5.5,0,,,,,,,0,0,0,normal
15998500,특번,2026-06-19 21:39:00,21.0,0,0,0,,0,1,0.0,1.0,0,,0,,,,,,,0,0,0,normal
0802536462,기타,2026-02-04 12:56:00,12.0,0,0,0,,0,0,,,0,,0,,,,,,,0,0,0,normal
03180751228,기타,2026-07-31 05:00:00,5.0,1,0,0,,0,1,0.0,1.0,0,,0,,,,,,,0,0,0,normal
15443082,특번,2026-06-18 12:59:00,12.0,0,0,0,,0,1,0.0,1.0,0,,1,1.0,0.0,,,,,0,0,0,normal
01089906574,010,2026-02-24 05:09:00,5.0,1,1,1,74.9,1,1,0.0,1.0,0,,0,,,,,,,0,0,0,normal
07020073,070(인터넷전화),2026-03-06 05:12:00,5.0,0,0,0,,0,1,0.0,1.0,0,,0,,,,,,,0,0,0,normal
01040234203,010,2026-06-14 15:16:00,15.0,1,1,1,2.88,1,0,,,0,,1,1.0,0.0,,,,,0,0,0,normal
15888000,특번,2026-11-24 21:56:00,21.0,1,0,0,,0,1,0.0,1.0,0,,0,,,,,,,0,0,0,normal
01042622644,010,2026-03-17 13:44:00,13.0,0,1,1,49.84,1,1,0.0,1.0,0,,0,,,,,,,0,0,0,normal
01087104044,010,2026-11-08 16:04:00,16.0,0,1,1,248.56,1,0,,,1,1.61,1,1.0,0.0,,,,,0,0,0,normal
01081644337,010,2026-05-27 23:23:00,23.0,0,1,1,159.16,1,0,,,0,,0,,,,,,,0,0,0,normal
01075318057,010,2026-05-04 15:05:00,15.0,0,0,1,258.2,0,1,1.0,0.0,1,5837.65,1,0.0,1.0,,,,,0,1,1,institution
15773419,특번,2026-01-05 22:03:00,22.0,0,0,0,,1,0,,,0,,1,1.0,0.0,,,,,0,0,0,normal
01003909200,010,2026-09-06 12:27:00,12.0,1,1,1,0.94,1,1,0.0,1.0,0,,1,1.0,0.0,,,,,0,0,0,normal
01029636412,010,2026-05-06 01:42:00,1.0,1,1,1,38.21,1,0,,,0,,0,,,,,,,0,0,0,normal
15661277,특번,2026-03-13 21:38:00,21.0,0,0,0,,0,0,,,1,4.59,0,,,,,,,0,0,0,normal
15221155,특번,2026-04-22 12:51:00,12.0,0,0,1,26.25,0,0,,,0,,0,,,,,,,0,0,0,normal
01012982492,010,2026-04-25 01:01:00,1.0,0,1,1,7.78,1,1,0.0,1.0,0,,0,,,,,,,0,0,0,normal
16617654,특번,2026-06-08 01:57:00,1.0,1,0,0,,0,0,,,0,,0,,,,,,,0,0,0,normal
15446399,특번,2026-10-03 04:19:00,4.0,0,0,0,,0,0,,,0,,0,,,,,,,0,0,0,normal
01097872191,010,2026-10-07 04:28:00,4.0,0,1,1,3.27,1,1,0.0,1.0,0,,0,,,,,,,0,0,0,normal
15440080,특번,2026-08-06 11:31:00,11.0,1,1,0,,0,1,0.0,1.0,0,,0,,,,,,,0,0,0,normal
0254019255,02(서울 유선),2026-06-29 16:29:00,16.0,1,0,0,,0,1,0.0,1.0,0,,1,1.0,0.0,,,,,0,0,0,normal
15440010,특번,2026-12-21 05:55:00,5.0,0,1,0,,0,1,0.0,1.0,0,,0,,,,,,,0,0,0,normal
16613000,특번,2026-11-09 12:41:00,12.0,0,0,0,,0,0,,,0,,0,,,,,,,0,0,0,normal
01014756297,010,2026-04-20 01:18:00,1.0,0,0,0,,1,0,,,0,,0,,,,,,,0,0,0,normal
16004000,특번,2026-07-25 07:01:00,7.0,1,0,0,,0,0,,,0,,0,,,,,,,0,0,0,normal
01021351113,010,2026-06-01 01:55:00,1.0,0,1,1,158.9,1,1,0.0,1.0,0,,0,,,,,,,0,0,0,normal
18997047,특번,2026-07-21 03:46:00,3.0,0,0,0,,0,0,,,0,,0,,,,,,,0,0,0,normal
01065658189,010,2026-03-16 06:40:00,6.0,1,1,1,1.88,1,0,,,0,,0,,,,,,,0,0,0,normal
15881515,특번,2026-02-26 09:32:00,9.0,0,0,1,113.9,0,0,,,0,,0,,,,,,,0,0,0,normal
01034069754,010,2026-03-27 03:35:00,3.0,0,1,0,,1,1,0.0,1.0,1,194.96,0,,,,,,,0,0,0,normal
15883570,특번,2026-11-26 10:43:00,10.0,1,0,0,,0,1,0.0,1.0,0,,0,,,,,,,0,0,0,normal
15448000,특번,2026-11-09 15:12:00,15.0,0,0,0,,0,0,,,0,,0,,,,,,,0,0,0,normal
023370415,02(서울 유선),2026-01-04 15:38:00,15.0,0,0,0,,0,1,1.0,1.0,1,54.33,1,1.0,0.0,,,,,0,0,0,normal
15888801,특번,2026-08-11 05:29:00,5.0,0,0,0,,0,0,,,1,33.11,1,1.0,0.0,,,,,0,0,0,normal
15887000,특번,2026-03-21 21:43:00,21.0,1,0,0,,0,1,0.0,1.0,0,,0,,,,,,,0,0,0,normal
01077417430,010,2026-08-08 23:32:00,23.0,0,1,1,107.09,1,1,1.0,1.0,0,,0,,,,,,,0,0,0,normal
15441120,특번,2026-12-10 03:36:00,3.0,1,0,0,,0,1,0.0,1.0,0,,0,,,,,,,0,0,0,normal
18116688,특번,2026-03-06 03:29:00,3.0,1,0,1,20.36,0,0,,,0,,0,,,,,,,0,0,0,normal
01097247254,010,2026-05-14 03:28:00,3.0,0,1,0,,1,0,,,0,,0,,,,,,,0,0,0,normal
01038109794,010,2026-03-13 22:29:00,22.0,1,1,1,513.22,1,1,0.0,1.0,0,,1,1.0,0.0,,,,,0,0,0,normal
16888114,특번,2026-11-07 09:15:00,9.0,1,0,0,,0,1,0.0,1.0,0,,0,,,,,,,0,0,0,normal
15881599,특번,2026-10-04 04:20:00,4.0,1,0,0,,0,0,,,0,,0,,,,,,,0,0,0,normal
15662566,특번,2026-11-07 10:28:00,10.0,0,0,0,,0,1,0.0,1.0,0,,0,,,,,,,0,0,0,normal
16612207,특번,2026-12-17 00:36:00,0.0,1,0,0,,0,1,0.0,1.0,0,,1,1.0,0.0,,,,,0,0,0,normal
15888000,특번,2026-08-02 15:50:00,15.0,0,0,0,,0,0,,,0,,0,,,,,,,0,0,0,normal
15883570,특번,2026-01-01 09:54:00,9.0,1,0,0,,0,0,,,0,,1,1.0,0.0,,,,,0,0,0,normal
01089268705,010,2026-10-05 13:09:00,13.0,1,1,1,1.04,1,0,,,0,,0,,,,,,,0,0,0,normal
15999999,특번,2026-08-12 21:54:00,21.0,0,0,0,,0,0,,,0,,1,1.0,0.0,,,,,0,0,0,normal
15447758,특번,2026-10-02 06:33:00,6.0,0,0,0,,1,1,0.0,1.0,1,126.37,0,,,,,,,0,0,0,normal
0073906375,00X(국제),2026-12-14 04:47:00,4.0,0,0,0,,0,0,,,1,0.19,0,,,,,,,1,0,0,normal
0220269955,02(서울 유선),2026-12-16 17:21:00,17.0,0,0,0,,0,1,0.0,1.0,0,,1,1.0,0.0,,,,,0,0,0,normal
01012684908,010,2026-09-08 14:54:00,14.0,0,1,1,111.2,1,0,,,0,,1,1.0,0.0,,,,,0,0,0,normal
15883388,특번,2026-06-17 14:32:00,14.0,0,0,1,35.03,0,0,,,1,61.98,1,1.0,0.0,,,,,0,0,0,normal
15889999,특번,2026-04-18 02:28:00,2.0,0,0,0,,0,0,,,0,,0,,,,,,,0,0,0,normal
15881900,특번,2026-03-01 00:40:00,0.0,0,0,1,179.75,0,0,,,0,,0,,,,,,,0,0,0,normal
15446200,특번,2026-08-18 16:56:00,16.0,0,0,0,,0,0,,,0,,0,,,,,,,0,0,0,normal
00334501541,00X(국제),2026-12-09 18:20:00,18.0,0,0,0,,0,0,,,1,21.43,1,1.0,0.0,,,,,1,0,0,normal
01018483364,010,2026-04-20 17:09:00,17.0,0,1,0,,1,1,0.0,1.0,0,,0,,,,,,,0,0,0,normal
01040294804,010,2026-11-05 23:22:00,23.0,0,1,1,12.54,1,0,,,0,,0,,,,,,,0,0,0,normal
06112445025,기타,2026-10-11 22:39:00,22.0,0,0,0,,0,0,,,0,,0,,,,,,,0,0,0,normal
15443082,특번,2026-08-15 22:35:00,22.0,0,0,0,,0,1,0.0,1.0,1,44.0,0,,,,,,,0,0,0,normal
15221000,특번,2026-06-05 02:56:00,2.0,0,1,0,,0,0,,,1,12.73,0,,,,,,,0,0,0,normal
15443030,특번,2026-03-24 01:52:00,1.0,1,0,0,,0,1,1.0,1.0,0,,0,,,,,,,0,0,0,normal
15718116,특번,2026-07-04 09:59:00,9.0,0,0,1,47.09,0,0,,,0,,1,1.0,0.0,,,,,0,0,0,normal
15221000,특번,2026-07-15 08:18:00,8.0,0,0,0,,0,0,,,0,,1,1.0,0.0,,,,,0,0,0,normal
15880010,특번,2026-10-18 13:29:00,13.0,0,0,0,,0,1,0.0,1.0,1,1.22,0,,,,,,,0,0,0,normal
06087400,기타,2026-12-27 23:43:00,23.0,0,0,0,,0,0,,,0,,1,1.0,0.0,,,,,0,0,0,normal
01021126818,010,2026-10-28 06:24:00,6.0,0,0,1,3.92,1,0,,,0,,0,,,,,,,0,0,0,normal
15773419,특번,2026-03-29 04:50:00,4.0,0,0,0,,0,1,0.0,1.0,0,,1,1.0,0.0,,,,,0,0,0,normal
18116688,특번,2026-07-23 15:41:00,15.0,0,0,0,,0,0,,,0,,0,,,,,,,0,0,0,normal
01021238029,010,2026-07-25 03:11:00,3.0,0,0,0,,1,1,0.0,1.0,0,,1,1.0,0.0,,,,,0,0,0,normal
07046300099,070(인터넷전화),2026-07-21 22:41:00,22.0,0,0,1,199.64,0,0,,,1,21.82,0,,,,,,,0,0,0,normal
024458816,02(서울 유선),2026-08-31 01:59:00,1.0,1,0,0,,0,0,,,0,,0,,,,,,,0,0,0,normal
15998500,특번,2026-12-10 11:01:00,11.0,0,0,0,,0,1,0.0,1.0,0,,0,,,,,,,0,0,0,normal
15881900,특번,2026-11-14 07:12:00,7.0,0,0,0,,0,0,,,0,,0,,,,,,,0,0,0,normal
01074750636,010,2026-09-03 12:14:00,12.0,0,1,0,,1,0,,,0,,0,,,,,,,0,0,0,normal
15448527,특번,2026-06-16 05:13:00,5.0,0,0,0,,0,1,0.0,1.0,0,,0,,,,,,,0,0,0,normal
01011259822,010,2026-03-04 07:26:00,7.0,0,1,1,4.05,1,1,0.0,1.0,0,,0,,,,,,,0,0,0,normal
16008585,특번,2026-10-20 18:08:00,18.0,0,0,0,,0,0,,,1,93.77,0,,,,,,,0,0,0,normal
15443000,특번,2026-04-28 16:53:00,16.0,0,0,0,,1,1,1.0,1.0,0,,0,,,,,,,0,0,0,normal
01008916498,010,2026-05-31 02:53:00,2.0,1,1,1,8.41,1,0,,,0,,1,1.0,0.0,,,,,0,0,0,normal
025018190,02(서울 유선),2026-04-13 06:26:00,6.0,0,0,0,,1,0,,,0,,0,,,,,,,0,0,0,normal
15448527,특번,2026-01-04 08:25:00,8.0,1,0,0,,0,0,,,0,,0,,,,,,,0,0,0,normal
15221704,특번,2026-02-26 05:19:00,5.0,1,0,0,,0,0,,,0,,1,1.0,0.0,,,,,0,0,0,normal
01033243087,010,2026-05-05 07:19:00,7.0,0,1,1,7.38,1,0,,,0,,1,1.0,0.0,,,,,0,0,0,normal
01083003056,010,2026-08-13 17:08:00,17.0,0,1,1,14.33,1,0,,,0,,1,1.0,0.0,,,,,0,0,0,normal
002242756173,00X(국제),2026-11-22 05:07:00,5.0,0,0,0,,0,0,,,1,17.6,0,,,,,,,1,0,0,normal
15882001,특번,2026-05-29 23:28:00,23.0,0,0,0,,0,0,,,0,,0,,,,,,,0,0,0,normal
15880037,특번,2026-09-04 05:24:00,5.0,1,0,0,,0,0,,,0,,0,,,,,,,0,0,0,normal
15223000,특번,2026-11-07 13:05:00,13.0,0,0,0,,0,1,0.0,1.0,0,,0,,,,,,,0,0,0,normal
15885000,특번,2026-10-20 21:13:00,21.0,0,0,1,26.92,0,1,0.0,1.0,0,,0,,,,,,,0,0,0,normal
030415415,기타,2026-05-01 12:45:00,12.0,0,0,0,,0,1,0.0,1.0,0,,1,1.0,0.0,,,,,0,0,0,normal
05089501391,기타,2026-05-27 07:00:00,7.0,0,0,0,,0,1,0.0,1.0,0,,0,,,,,,,0,0,0,normal
18997047,특번,2026-08-25 14:31:00,14.0,0,0,0,,0,0,,,0,,0,,,,,,,0,0,0,normal
01084919866,010,2026-03-01 00:39:00,0.0,0,1,1,36.41,1,0,,,0,,0,,,,,,,0,0,0,normal
01097768979,010,2026-02-12 12:36:00,12.0,0,1,1,8.87,1,0,,,0,,1,1.0,0.0,,,,,0,0,0,normal
15221704,특번,2026-03-18 05:35:00,5.0,1,0,0,,0,0,,,0,,0,,,,,,,0,0,0,normal
0624160113,기타,2026-03-10 02:03:00,2.0,0,0,0,,0,0,,,1,0.95,0,,,,,,,0,0,0,normal
01083024264,010,2026-10-28 04:51:00,4.0,1,1,1,81.43,1,0,,,0,,1,1.0,0.0,,,,,0,0,0,normal
15883570,특번,2026-02-26 19:26:00,19.0,0,0,0,,0,0,,,0,,0,,,,,,,0,0,0,normal
01037798240,010,2026-04-19 04:45:00,4.0,0,1,1,1.52,1,0,,,0,,0,,,,,,,0,0,0,normal
15660123,특번,2026-01-27 17:08:00,17.0,1,0,0,,0,0,,,0,,0,,,,,,,0,0,0,normal
01054615679,010,2026-06-27 02:21:00,2.0,1,1,0,,1,0,,,0,,0,,,,,,,0,0,0,normal
15880079,특번,2026-01-30 15:38:00,15.0,0,0,0,,0,1,0.0,1.0,1,5.33,0,,,,,,,0,0,0,normal
01079077988,010,2026-10-20 17:17:00,17.0,0,1,0,,1,1,0.0,1.0,0,,1,1.0,0.0,,,,,0,0,0,normal
01037178458,010,2026-12-23 23:14:00,23.0,1,1,0,,1,0,,,0,,0,,,,,,,0,0,0,normal
15443082,특번,2026-05-14 23:47:00,23.0,0,0,0,,0,1,0.0,1.0,0,,0,,,,,,,0,0,0,normal
01066226540,010,2026-03-20 22:24:00,22.0,0,1,1,16.18,1,0,,,0,,1,1.0,0.0,,,,,0,0,0,normal
01011808293,010,2026-08-23 11:33:00,11.0,0,1,1,20.41,1,0,,,0,,1,1.0,0.0,,,,,0,0,0,normal
15999010,특번,2026-02-11 23:06:00,23.0,0,0,0,,0,1,0.0,1.0,0,,1,1.0,0.0,,,,,0,0,0,normal
15998888,특번,2026-06-26 05:09:00,5.0,1,1,0,,0,1,0.0,1.0,0,,0,,,,,,,0,0,0,normal
01039587395,010,2026-04-22 02:57:00,2.0,0,1,1,47.33,1,0,,,1,0.95,0,,,,,,,0,0,0,normal
16612207,특번,2026-09-10 03:34:00,3.0,0,0,0,,0,1,0.0,1.0,0,,0,,,,,,,0,0,0,normal
15999000,특번,2026-10-06 14:12:00,14.0,0,0,0,,0,1,1.0,1.0,0,,0,,,,,,,0,1,0,normal
16481626,특번,2026-09-26 00:03:00,0.0,0,0,0,,0,1,0.0,1.0,0,,1,1.0,0.0,,,,,0,0,0,normal
01090235577,010,2026-09-04 11:09:00,11.0,0,0,0,,0,0,,,1,4094.48,1,0.0,0.0,,,,,0,0,1,acquaintance
15443002,특번,2026-05-23 02:13:00,2.0,0,0,0,,0,1,1.0,1.0,0,,0,,,,,,,0,0,0,normal
15886200,특번,2026-10-16 00:11:00,0.0,0,0,0,,0,0,,,0,,0,,,,,,,0,0,0,normal
15998888,특번,2026-10-22 22:21:00,22.0,0,0,0,,0,1,0.0,1.0,0,,0,,,,,,,0,0,0,normal
0703029614,070(인터넷전화),2026-02-11 13:52:00,13.0,1,0,0,,0,1,0.0,1.0,0,,0,,,,,,,0,0,0,normal
16445425,특번,2026-01-30 02:06:00,2.0,0,0,0,,0,1,0.0,1.0,0,,1,1.0,0.0,,,,,0,0,0,normal
18000678,특번,2026-11-24 18:44:00,18.0,1,0,0,,0,1,0.0,1.0,0,,1,1.0,0.0,,,,,0,0,0,normal
15778000,특번,2026-10-06 13:57:00,13.0,1,0,0,,0,1,0.0,1.0,0,,0,,,,,,,0,0,0,normal
025669998,02(서울 유선),2026-10-30 08:07:00,8.0,1,0,0,,0,1,0.0,1.0,0,,0,,,,,,,0,0,0,normal
021459967,02(서울 유선),2026-01-20 12:05:00,12.0,1,0,0,,0,0,,,0,,1,1.0,0.0,,,,,0,0,0,normal
03024118,기타,2026-04-24 04:38:00,4.0,0,0,0,,0,0,,,0,,0,,,,,,,0,0,0,normal
15446399,특번,2026-04-06 08:43:00,8.0,0,0,0,,0,1,0.0,1.0,0,,0,,,,,,,0,0,0,normal
16008585,특번,2026-04-29 23:10:00,23.0,1,0,0,,0,1,1.0,1.0,0,,0,,,,,,,0,0,0,normal
023370415,02(서울 유선),2026-05-01 14:48:00,14.0,1,0,1,97.47,0,1,0.0,1.0,0,,0,,,,,,,0,0,0,normal
15221704,특번,2026-01-11 21:00:00,21.0,1,0,0,,0,1,0.0,1.0,0,,1,1.0,0.0,,,,,0,0,0,normal
070818896,070(인터넷전화),2026-10-07 05:06:00,5.0,0,0,1,217.71,0,1,1.0,1.0,0,,1,1.0,0.0,,,,,0,0,0,normal
15448000,특번,2026-12-25 20:43:00,20.0,0,0,0,,0,0,,,0,,0,,,,,,,0,0,0,normal
15888000,특번,2026-08-30 13:08:00,13.0,0,0,0,,0,1,0.0,1.0,0,,0,,,,,,,0,0,0,normal
01029792538,010,2026-08-12 23:20:00,23.0,0,1,1,28.65,1,1,0.0,1.0,0,,1,1.0,0.0,,,,,0,0,0,normal
15881900,특번,2026-08-07 19:49:00,19.0,1,0,1,62.98,0,0,,,0,,0,,,,,,,0,0,0,normal
15662566,특번,2026-02-16 19:08:00,19.0,0,0,0,,0,1,0.0,1.0,0,,0,,,,,,,0,0,0,normal
0220269955,02(서울 유선),2026-12-06 22:16:00,22.0,1,0,0,,0,1,0.0,1.0,0,,0,,,,,,,0,0,0,normal
0443801269,기타,2026-02-08 14:31:00,14.0,1,0,0,,0,0,,,0,,1,1.0,0.0,,,,,0,1,0,normal
15880079,특번,2026-11-14 21:53:00,21.0,0,0,0,,0,0,,,0,,0,,,,,,,0,0,0,normal
15991916,특번,2026-09-30 04:26:00,4.0,1,0,0,,0,0,,,0,,1,1.0,0.0,,,,,0,0,0,normal
15443002,특번,2026-07-06 20:18:00,20.0,1,0,1,0.21,0,0,,,0,,0,,,,,,,0,0,0,normal
15887270,특번,2026-03-20 04:59:00,4.0,0,0,0,,0,0,,,0,,1,1.0,0.0,,,,,0,0,0,normal
01013482024,010,2026-11-03 12:51:00,12.0,0,1,1,2.51,1,0,,,0,,0,,,,,,,0,0,0,normal
01036449951,010,2026-07-30 16:10:00,16.0,0,1,1,94.91,1,0,,,0,,1,1.0,0.0,,,,,0,0,0,normal
01074674090,010,2026-10-04 16:00:00,16.0,0,1,0,,1,0,,,0,,1,1.0,0.0,,,,,0,0,0,normal
15888585,특번,2026-06-22 08:51:00,8.0,0,0,0,,0,0,,,0,,0,,,,,,,0,0,0,normal
16663060,특번,2026-07-14 04:58:00,4.0,0,0,0,,0,0,,,0,,0,,,,,,,0,1,0,normal
01008779724,010,2026-12-06 10:20:00,10.0,0,1,1,4.18,1,0,,,0,,1,1.0,0.0,,,,,0,0,0,normal
15887000,특번,2026-04-11 12:38:00,12.0,1,0,1,91.27,0,1,0.0,1.0,0,,0,,,,,,,0,0,0,normal
01016752059,010,2026-06-28 03:14:00,3.0,1,1,1,24.36,0,1,0.0,1.0,0,,0,,,,,,,0,0,0,normal
01009723610,010,2026-02-13 05:17:00,5.0,0,1,1,7.44,1,1,0.0,1.0,0,,0,,,,,,,0,0,0,normal
15778000,특번,2026-03-07 02:37:00,2.0,0,1,0,,0,1,0.0,1.0,0,,0,,,,,,,0,0,0,normal
15880010,특번,2026-08-14 20:36:00,20.0,0,0,1,1.66,0,1,0.0,1.0,0,,0,,,,,,,0,0,0,normal
01047067409,010,2026-02-16 04:30:00,4.0,1,1,1,305.52,1,1,0.0,1.0,0,,0,,,,,,,0,0,0,normal
01003180533,010,2026-10-21 03:35:00,3.0,0,1,0,,1,0,,,0,,0,,,,,,,0,0,0,normal
01089066505,010,2026-11-06 23:22:00,23.0,0,1,0,,1,1,0.0,1.0,0,,1,1.0,0.0,,,,,0,0,0,normal
01073477630,010,2026-11-13 08:10:00,8.0,0,1,1,1138.3,1,0,,,0,,0,,,,,,,0,0,0,normal
01074968757,010,2026-08-08 13:29:00,13.0,0,1,1,26.31,1,1,0.0,1.0,0,,1,1.0,0.0,,,,,0,0,0,normal
16613000,특번,2026-08-08 15:54:00,15.0,0,0,0,,1,1,0.0,1.0,0,,0,,,,,,,0,1,0,normal
15221000,특번,2026-02-12 10:40:00,10.0,1,0,0,,0,1,0.0,1.0,0,,0,,,,,,,0,0,0,normal
15882001,특번,2026-09-03 16:51:00,16.0,1,0,0,,0,1,0.0,1.0,0,,1,1.0,0.0,,,,,0,0,0,normal
15441077,특번,2026-04-04 13:51:00,13.0,0,0,1,33.95,0,1,0.0,1.0,0,,1,1.0,0.0,,,,,0,0,0,normal
01025953278,010,2026-12-06 22:11:00,22.0,0,1,0,,1,0,,,0,,1,1.0,0.0,,,,,0,0,0,normal
15881500,특번,2026-10-08 11:26:00,11.0,0,0,0,,0,1,0.0,1.0,0,,0,,,,,,,0,0,0,normal
15888377,특번,2026-03-16 14:55:00,14.0,1,0,1,54.63,0,1,0.0,1.0,0,,0,,,,,,,0,0,0,normal
15881599,특번,2026-12-15 07:14:00,7.0,1,0,0,,0,0,,,0,,0,,,,,,,0,0,0,normal
01013579614,010,2026-07-10 15:52:00,15.0,0,1,1,26.45,1,1,0.0,1.0,1,220.57,0,,,,,,,0,0,0,normal
18997047,특번,2026-08-02 22:57:00,22.0,1,0,1,11.88,1,0,,,0,,1,1.0,0.0,,,,,0,0,0,normal
01074555370,010,2026-11-01 06:57:00,6.0,0,1,1,1.25,1,1,0.0,0.0,1,2.26,0,,,,,,,0,0,0,normal
01063186417,010,2026-10-07 21:59:00,21.0,0,0,1,3.63,1,1,0.0,1.0,0,,0,,,,,,,0,0,0,normal
01047072462,010,2026-08-30 08:04:00,8.0,0,1,1,73.84,1,1,0.0,1.0,0,,1,1.0,0.0,,,,,0,0,0,normal
18116688,특번,2026-09-25 08:42:00,8.0,1,0,1,37.35,0,0,,,0,,0,,,,,,,0,0,0,normal
15025200,특번,2026-04-03 07:03:00,7.0,1,0,0,,0,1,0.0,1.0,0,,0,,,,,,,0,0,0,normal
16006200,특번,2026-08-12 01:14:00,1.0,0,0,1,191.52,0,1,0.0,1.0,0,,0,,,,,,,0,0,0,normal
15882588,특번,2026-10-25 02:57:00,2.0,1,0,0,,0,0,,,0,,1,1.0,0.0,,,,,0,0,0,normal
15880010,특번,2026-09-27 20:57:00,20.0,0,0,0,,0,0,,,0,,0,,,,,,,0,0,0,normal
01073971307,010,2026-05-06 00:03:00,0.0,0,1,1,7.54,1,0,,,0,,0,,,,,,,0,0,0,normal
01095881946,010,2026-11-22 00:30:00,0.0,0,1,1,1021.56,1,1,0.0,1.0,1,8.62,0,,,,,,,0,0,0,normal
15773419,특번,2026-04-05 14:05:00,14.0,1,0,0,,0,1,0.0,1.0,0,,0,,,,,,,0,0,0,normal
01045544722,010,2026-12-15 02:59:00,2.0,0,1,1,100.49,1,0,,,0,,0,,,,,,,0,0,0,normal
01021117549,010,2026-07-12 22:48:00,22.0,0,1,1,266.87,1,1,0.0,1.0,1,173.07,0,,,,,,,0,0,0,normal
15221704,특번,2026-02-08 20:15:00,20.0,0,0,0,,0,0,,,1,59.28,0,,,,,,,0,1,0,normal
15443082,특번,2026-12-31 21:13:00,21.0,0,0,0,,0,0,,,1,1.2,1,1.0,0.0,,,,,0,0,0,normal
15880037,특번,2026-07-10 16:44:00,16.0,0,0,0,,0,0,,,0,,0,,,,,,,0,0,0,normal
01031098624,010,2026-09-22 17:59:00,17.0,0,1,0,,1,1,0.0,1.0,0,,1,1.0,0.0,,,,,0,0,0,normal
16000400,특번,2026-09-02 03:14:00,3.0,0,0,0,,0,1,1.0,1.0,1,29.36,0,,,,,,,0,0,0,normal
15886200,특번,2026-02-10 12:33:00,12.0,0,0,0,,1,1,0.0,1.0,0,,0,,,,,,,0,0,0,normal
16612207,특번,2026-05-13 08:00:00,8.0,0,0,0,,0,1,0.0,1.0,0,,0,,,,,,,0,0,0,normal
01034967827,010,2026-08-03 18:28:00,18.0,1,1,1,182.32,1,0,,,0,,1,1.0,0.0,,,,,0,0,0,normal
15885050,특번,2026-03-07 05:04:00,5.0,0,0,0,,0,1,0.0,1.0,0,,0,,,,,,,0,1,0,normal
15661277,특번,2026-12-03 02:28:00,2.0,0,0,0,,0,0,,,0,,0,,,,,,,0,0,0,normal
16613000,특번,2026-03-17 05:25:00,5.0,0,0,0,,0,0,,,0,,0,,,,,,,0,0,0,normal
15888801,특번,2026-09-24 06:01:00,6.0,0,0,0,,0,1,0.0,1.0,0,,1,1.0,0.0,,,,,0,0,0,normal
16008172,특번,2026-09-15 04:00:00,4.0,0,0,0,,0,0,,,0,,0,,,,,,,0,0,0,normal
16613000,특번,2026-04-12 02:20:00,2.0,1,0,0,,0,1,0.0,1.0,0,,0,,,,,,,0,0,0,normal
01066460961,010,2026-07-27 08:14:00,8.0,0,1,1,1.27,1,1,0.0,1.0,0,,0,,,,,,,0,0,0,normal
01034374325,010,2026-10-05 16:16:00,16.0,1,1,0,,1,0,,,0,,0,,,,,,,0,0,0,normal
0624160113,기타,2026-04-12 10:21:00,10.0,0,0,0,,0,1,1.0,1.0,0,,0,,,,,,,0,0,0,normal
15664295,특번,2026-07-07 14:23:00,14.0,0,0,0,,0,0,,,0,,0,,,,,,,0,0,0,normal
0504702632,기타,2026-12-23 19:24:00,19.0,0,0,0,,0,0,,,0,,0,,,,,,,0,0,0,normal
15880037,특번,2026-08-04 09:44:00,9.0,0,0,0,,0,1,0.0,1.0,0,,0,,,,,,,0,0,0,normal
0230521850,02(서울 유선),2026-08-22 07:43:00,7.0,0,0,0,,0,0,,,1,30.95,1,1.0,0.0,,,,,0,0,0,normal
0282174103,02(서울 유선),2026-11-26 12:34:00,12.0,0,0,0,,0,0,,,0,,0,,,,,,,0,0,0,normal
07042257905,070(인터넷전화),2026-01-07 23:28:00,23.0,0,0,0,,0,0,,,0,,0,,,,,,,0,0,0,normal
0708574911,070(인터넷전화),2026-02-09 18:13:00,18.0,0,0,0,,0,0,,,0,,1,1.0,0.0,,,,,0,0,0,normal
16004000,특번,2026-04-23 21:13:00,21.0,0,0,0,,0,0,,,0,,0,,,,,,,0,0,0,normal
01023637251,010,2026-03-09 23:46:00,23.0,0,1,0,,1,1,0.0,1.0,1,0.2,0,,,,,,,0,0,0,normal
01032730346,010,2026-12-01 15:11:00,15.0,0,0,1,19340.16,0,1,0.0,0.0,1,1508.51,0,,,,,,,0,0,1,institution
16449999,특번,2026-10-21 15:46:00,15.0,0,0,0,,0,0,,,1,0.6,0,,,,,,,0,0,0,normal
01049541217,010,2026-10-04 22:03:00,22.0,0,1,0,,1,0,,,0,,0,,,,,,,0,0,0,normal
025756661,02(서울 유선),2026-10-18 03:04:00,3.0,0,0,0,,0,0,,,0,,1,1.0,0.0,,,,,0,0,0,normal
15773419,특번,2026-12-15 03:55:00,3.0,0,0,0,,0,0,,,0,,0,,,,,,,0,0,0,normal
15666000,특번,2026-09-19 12:30:00,12.0,1,0,0,,0,0,,,0,,0,,,,,,,0,0,0,normal
16706250,특번,2026-10-17 03:25:00,3.0,1,0,0,,0,0,,,0,,1,1.0,0.0,,,,,0,0,0,normal
01067320441,010,2026-07-01 23:53:00,23.0,1,1,1,27.24,1,1,0.0,1.0,0,,0,,,,,,,0,1,0,normal
15446399,특번,2026-05-21 22:45:00,22.0,1,0,0,,0,0,,,0,,1,1.0,0.0,,,,,0,0,0,normal
16706250,특번,2026-12-30 12:16:00,12.0,0,0,0,,0,1,0.0,1.0,1,98.42,0,,,,,,,0,0,0,normal
01048251353,010,2026-08-12 14:42:00,14.0,0,1,1,29.43,1,1,1.0,1.0,0,,0,,,,,,,0,0,0,normal
0624160113,기타,2026-08-06 13:43:00,13.0,1,0,0,,0,1,0.0,1.0,0,,0,,,,,,,0,0,0,normal
15221000,특번,2026-09-20 09:43:00,9.0,0,0,0,,0,1,0.0,1.0,0,,0,,,,,,,0,0,0,normal
15998500,특번,2026-09-03 02:45:00,2.0,0,0,0,,0,0,,,0,,0,,,,,,,0,0,0,normal
01037927490,010,2026-11-19 05:32:00,5.0,0,1,1,3.78,1,0,,,0,,0,,,,,,,0,0,0,normal
01087449150,010,2026-05-07 01:24:00,1.0,0,1,0,,1,0,,,0,,0,,,,,,,0,0,0,normal
01033506984,010,2026-08-10 08:21:00,8.0,0,1,1,691.41,1,0,,,1,782.38,0,,,,,,,0,0,0,normal
16445425,특번,2026-08-04 01:12:00,1.0,0,1,0,,0,0,,,0,,1,1.0,0.0,,,,,0,0,0,normal
01060332309,010,2026-05-04 01:13:00,1.0,0,1,1,196.4,1,0,,,0,,0,,,,,,,0,0,0,normal
15440010,특번,2026-08-16 09:21:00,9.0,0,0,0,,0,0,,,0,,0,,,,,,,0,1,0,normal
15888000,특번,2026-01-16 10:04:00,10.0,0,0,0,,0,0,,,0,,0,,,,,,,0,0,0,normal
15773419,특번,2026-04-15 05:46:00,5.0,0,0,0,,0,1,1.0,1.0,1,1.12,0,,,,,,,0,0,0,normal
16008585,특번,2026-02-03 19:21:00,19.0,1,0,0,,0,0,,,0,,1,1.0,0.0,,,,,0,0,0,normal
01040238789,010,2026-05-18 16:45:00,16.0,0,1,0,,1,1,0.0,1.0,0,,0,,,,,,,0,0,0,normal
15773419,특번,2026-10-28 00:44:00,0.0,1,0,0,,0,0,,,0,,0,,,,,,,0,1,0,normal
01064149286,010,2026-07-24 23:52:00,23.0,1,1,1,5.18,1,1,1.0,1.0,0,,0,,,,,,,0,0,0,normal
16612207,특번,2026-08-28 02:37:00,2.0,0,0,1,74.06,0,0,,,0,,0,,,,,,,0,0,0,normal
15443030,특번,2026-07-06 00:20:00,0.0,0,0,0,,0,1,1.0,1.0,0,,0,,,,,,,0,0,0,normal
15221155,특번,2026-09-05 10:36:00,10.0,0,0,0,,0,0,,,0,,1,1.0,0.0,,,,,0,1,0,normal
01000128344,010,2026-05-01 09:01:00,9.0,0,1,1,0.46,1,1,0.0,1.0,0,,0,,,,,,,0,1,0,normal
15888801,특번,2026-10-31 07:18:00,7.0,0,0,0,,0,1,0.0,1.0,0,,0,,,,,,,0,0,0,normal
060212436,기타,2026-09-12 23:38:00,23.0,1,0,1,60.76,0,0,,,0,,0,,,,,,,0,0,0,normal
0708698948,070(인터넷전화),2026-07-03 17:42:00,17.0,0,0,0,,0,0,,,1,4.94,0,,,,,,,0,0,0,normal
18957874,특번,2026-08-06 05:41:00,5.0,0,0,0,,0,1,0.0,1.0,0,,0,,,,,,,0,0,0,normal
01040188149,010,2026-11-16 05:45:00,5.0,1,1,1,2.24,1,0,,,0,,0,,,,,,,0,0,0,normal
15885000,특번,2026-03-03 18:14:00,18.0,1,0,0,,0,0,,,0,,1,1.0,0.0,,,,,0,0,0,normal
15883651,특번,2026-02-01 19:19:00,19.0,0,0,0,,0,0,,,1,2.61,0,,,,,,,0,0,0,normal
15883388,특번,2026-02-14 00:39:00,0.0,0,0,0,,0,0,,,0,,0,,,,,,,0,0,0,normal
15221000,특번,2026-11-29 03:43:00,3.0,0,0,0,,0,1,0.0,1.0,0,,1,1.0,0.0,,,,,0,0,0,normal
0423317505,기타,2026-11-15 04:08:00,4.0,0,0,0,,0,1,0.0,1.0,0,,0,,,,,,,0,0,0,normal
16617654,특번,2026-12-22 10:56:00,10.0,1,0,0,,0,0,,,0,,0,,,,,,,0,0,0,normal
01048337557,010,2026-06-09 09:17:00,9.0,0,1,1,14.12,1,1,0.0,1.0,0,,1,1.0,0.0,,,,,0,0,0,normal
15662566,특번,2026-07-29 12:10:00,12.0,0,0,0,,0,0,,,1,59.59,0,,,,,,,0,0,0,normal
15886565,특번,2026-09-22 14:30:00,14.0,1,0,0,,0,0,,,0,,0,,,,,,,0,1,0,normal
15998888,특번,2026-10-31 16:39:00,16.0,0,0,0,,0,1,1.0,1.0,0,,1,1.0,0.0,,,,,0,0,0,normal
15665050,특번,2026-01-11 04:35:00,4.0,1,0,0,,0,1,0.0,1.0,0,,0,,,,,,,0,0,0,normal
16008172,특번,2026-11-26 20:51:00,20.0,0,0,0,,0,0,,,0,,0,,,,,,,0,0,0,normal
15440080,특번,2026-12-02 13:13:00,13.0,1,0,1,8.51,0,1,0.0,1.0,0,,0,,,,,,,0,0,0,normal
15991900,특번,2026-10-28 15:47:00,15.0,0,0,1,3.26,0,0,,,0,,1,1.0,0.0,,,,,0,0,0,normal
15660123,특번,2026-04-16 17:55:00,17.0,0,0,0,,0,1,1.0,1.0,1,4.04,1,1.0,0.0,,,,,0,0,0,normal
15998000,특번,2026-06-05 16:19:00,16.0,0,0,0,,0,0,,,1,69.04,1,1.0,0.0,,,,,0,0,0,normal
18005468,특번,2026-01-13 08:08:00,8.0,0,0,0,,0,0,,,0,,1,1.0,0.0,,,,,0,0,0,normal
18301636,특번,2026-07-17 18:10:00,18.0,0,0,0,,0,1,0.0,1.0,0,,1,1.0,0.0,,,,,0,0,0,normal
15221155,특번,2026-12-21 14:34:00,14.0,0,0,0,,0,1,0.0,1.0,0,,1,1.0,0.0,,,,,0,0,0,normal
01086656067,010,2026-12-17 01:41:00,1.0,0,1,1,4.61,1,0,,,0,,1,1.0,0.0,,,,,0,0,0,normal
18304349,특번,2026-07-05 10:57:00,10.0,0,0,0,,0,0,,,1,12918.84,1,0.0,0.0,,,,,0,0,1,loan
15888377,특번,2026-04-08 02:53:00,2.0,0,0,1,12.76,0,1,0.0,0.0,0,,1,1.0,0.0,,,,,0,0,0,normal
18000678,특번,2026-09-18 23:37:00,23.0,1,0,0,,0,1,0.0,1.0,0,,1,1.0,0.0,,,,,0,0,0,normal
15883570,특번,2026-03-25 13:01:00,13.0,1,0,0,,0,1,0.0,1.0,0,,0,,,,,,,0,0,0,normal
0216957555,02(서울 유선),2026-05-11 09:45:00,9.0,0,0,0,,0,1,0.0,1.0,1,32.86,0,,,,,,,0,0,0,normal
15880079,특번,2026-04-13 11:02:00,11.0,0,0,0,,0,1,0.0,1.0,1,132.75,0,,,,,,,0,0,0,normal
15662566,특번,2026-10-14 00:01:00,0.0,0,0,0,,0,0,,,0,,0,,,,,,,0,0,0,normal
15888585,특번,2026-06-29 17:27:00,17.0,0,0,0,,0,0,,,1,141.98,0,,,,,,,0,0,0,normal
15447758,특번,2026-07-04 22:16:00,22.0,1,0,0,,0,0,,,0,,0,,,,,,,0,0,0,normal
01090348042,010,2026-08-02 08:44:00,8.0,0,0,1,151.66,1,0,,,1,5.47,0,,,,,,,0,0,0,normal
15886565,특번,2026-12-31 22:45:00,22.0,0,0,1,7.84,0,0,,,0,,0,,,,,,,0,0,0,normal
16006200,특번,2026-10-23 00:56:00,0.0,0,0,0,,0,0,,,0,,0,,,,,,,0,0,0,normal
025669998,02(서울 유선),2026-02-19 05:44:00,5.0,0,0,1,3.65,0,0,,,0,,0,,,,,,,0,0,0,normal
15444200,특번,2026-05-12 15:02:00,15.0,0,0,1,173.72,0,0,,,0,,1,1.0,0.0,,,,,0,0,0,normal
0259984288,02(서울 유선),2026-04-24 19:52:00,19.0,1,0,0,,0,1,0.0,1.0,0,,0,,,,,,,0,0,0,normal
15888801,특번,2026-01-13 07:07:00,7.0,0,0,0,,0,1,0.0,1.0,0,,0,,,,,,,0,0,0,normal
15446399,특번,2026-07-04 11:25:00,11.0,0,0,0,,0,0,,,1,70.98,0,,,,,,,0,0,0,normal
15880010,특번,2026-02-21 19:15:00,19.0,0,0,0,,0,1,1.0,1.0,0,,0,,,,,,,0,0,0,normal
15884477,특번,2026-03-21 11:06:00,11.0,0,0,0,,0,1,0.0,1.0,0,,0,,,,,,,0,0,0,normal
15448000,특번,2026-07-03 09:52:00,9.0,0,0,0,,0,0,,,1,4.97,0,,,,,,,0,0,0,normal
01054475124,010,2026-09-28 07:36:00,7.0,0,1,1,3.24,1,1,1.0,1.0,0,,1,1.0,0.0,,,,,0,0,0,normal
15221704,특번,2026-09-18 12:02:00,12.0,0,0,1,21.91,0,1,0.0,1.0,0,,0,,,,,,,0,0,0,normal
01028422417,010,2026-02-01 19:55:00,19.0,1,1,0,,1,0,,,0,,0,,,,,,,0,0,0,normal
15777011,특번,2026-12-01 01:11:00,1.0,0,0,0,,0,1,0.0,1.0,0,,0,,,,,,,0,0,0,normal
01051908261,010,2026-02-21 09:48:00,9.0,0,1,1,7.52,1,0,,,0,,1,1.0,0.0,,,,,0,0,0,normal
01044701204,010,2026-09-20 07:12:00,7.0,1,1,1,11.46,1,1,0.0,1.0,0,,1,1.0,0.0,,,,,0,0,0,normal
01013027322,010,2026-01-23 05:31:00,5.0,0,1,1,28.87,1,1,0.0,1.0,0,,0,,,,,,,0,0,0,normal
0275782019,02(서울 유선),2026-01-16 13:19:00,13.0,0,0,0,,0,1,0.0,1.0,1,41.66,1,1.0,0.0,,,,,0,0,0,normal
0220269955,02(서울 유선),2026-10-29 22:26:00,22.0,0,0,0,,0,1,0.0,1.0,0,,0,,,,,,,0,0,0,normal
15881515,특번,2026-06-14 09:32:00,9.0,0,0,0,,0,0,,,0,,1,1.0,0.0,,,,,0,0,0,normal
01011667329,010,2026-01-05 17:30:00,17.0,0,0,0,,1,0,,,0,,0,,,,,,,0,0,0,normal
15446399,특번,2026-01-07 03:25:00,3.0,1,0,0,,1,0,,,0,,0,,,,,,,0,0,0,normal
15664295,특번,2026-05-20 22:13:00,22.0,0,0,0,,0,1,0.0,1.0,1,5.36,0,,,,,,,0,0,0,normal
15665050,특번,2026-10-25 06:44:00,6.0,0,0,0,,0,0,,,0,,1,1.0,0.0,,,,,0,0,0,normal
15662566,특번,2026-10-11 19:12:00,19.0,0,0,0,,0,1,0.0,1.0,1,16.88,1,1.0,0.0,,,,,0,1,0,normal
15221704,특번,2026-11-19 06:49:00,6.0,0,0,0,,0,0,,,0,,0,,,,,,,0,0,0,normal
15886565,특번,2026-04-17 09:29:00,9.0,0,0,0,,0,0,,,0,,1,1.0,0.0,,,,,0,0,0,normal
15447758,특번,2026-04-30 03:40:00,3.0,0,0,0,,0,0,,,0,,1,1.0,0.0,,,,,0,0,0,normal
01046831465,010,2026-01-04 23:03:00,23.0,1,1,1,236.49,1,0,,,0,,0,,,,,,,0,0,0,normal
15223000,특번,2026-04-28 00:59:00,0.0,0,0,0,,0,0,,,0,,0,,,,,,,0,0,0,normal
01019103533,010,2026-10-20 10:41:00,10.0,1,1,1,31.74,1,1,0.0,1.0,0,,0,,,,,,,0,0,0,normal
01041625580,010,2026-02-22 04:27:00,4.0,1,1,1,36.77,1,0,,,0,,1,1.0,0.0,,,,,0,0,0,normal
15999010,특번,2026-09-29 16:25:00,16.0,1,0,0,,0,1,1.0,1.0,0,,1,1.0,0.0,,,,,0,0,0,normal
15441077,특번,2026-02-05 20:14:00,20.0,1,0,0,,0,0,,,0,,0,,,,,,,0,0,0,normal
15448527,특번,2026-10-20 22:28:00,22.0,0,0,0,,0,0,,,0,,0,,,,,,,0,0,0,normal
0089452072,00X(국제),2026-09-03 18:21:00,18.0,0,1,0,,0,1,0.0,1.0,0,,0,,,,,,,1,0,0,normal
01031043080,010,2026-07-31 23:41:00,23.0,0,1,1,26.01,1,1,0.0,1.0,0,,0,,,,,,,0,0,0,normal
03180751228,기타,2026-04-25 11:59:00,11.0,0,0,0,,0,1,0.0,1.0,1,398.05,1,1.0,0.0,,,,,0,0,0,normal
15662566,특번,2026-06-16 12:56:00,12.0,1,0,0,,0,1,0.0,1.0,0,,1,1.0,0.0,,,,,0,0,0,normal
01086178925,010,2026-11-21 13:13:00,13.0,0,1,1,439.37,0,0,,,0,,0,,,,,,,0,0,0,normal
03180219341,기타,2026-09-22 06:05:00,6.0,1,0,0,,0,1,1.0,1.0,0,,0,,,,,,,0,0,0,normal
15886200,특번,2026-04-07 21:51:00,21.0,0,0,0,,0,0,,,0,,1,1.0,0.0,,,,,0,0,0,normal
15221704,특번,2026-01-16 14:06:00,14.0,1,0,0,,0,0,,,0,,1,1.0,0.0,,,,,0,0,0,normal
03180219341,기타,2026-11-27 09:15:00,9.0,0,0,1,49.57,0,0,,,0,,0,,,,,,,0,0,0,normal
15665050,특번,2026-05-30 20:14:00,20.0,0,0,0,,0,1,0.0,1.0,1,95.28,0,,,,,,,0,0,0,normal
15447758,특번,2026-11-21 16:12:00,16.0,1,0,1,243.42,0,1,0.0,1.0,0,,0,,,,,,,0,0,0,normal
024027642,02(서울 유선),2026-01-16 16:53:00,16.0,0,0,0,,0,0,,,0,,0,,,,,,,0,0,0,normal
15664295,특번,2026-03-08 23:04:00,23.0,1,0,0,,0,0,,,0,,0,,,,,,,0,0,0,normal
15848456,특번,2026-08-02 17:15:00,17.0,1,0,0,,0,1,0.0,1.0,0,,0,,,,,,,0,0,0,normal
0808221416,기타,2026-03-04 21:43:00,21.0,0,0,0,,0,0,,,0,,0,,,,,,,0,0,0,normal
15662566,특번,2026-05-01 20:43:00,20.0,0,0,0,,0,0,,,1,43.0,1,1.0,0.0,,,,,0,0,0,normal
0255579220,02(서울 유선),2026-06-27 23:47:00,23.0,0,0,0,,0,1,1.0,1.0,0,,1,1.0,0.0,,,,,0,0,0,normal
01067009004,010,2026-06-28 20:23:00,20.0,0,1,0,,1,1,0.0,1.0,1,12.5,0,,,,,,,0,0,0,normal
16004000,특번,2026-06-21 14:05:00,14.0,0,0,0,,0,0,,,0,,0,,,,,,,0,0,0,normal
15884477,특번,2026-05-14 02:10:00,2.0,1,0,0,,1,0,,,0,,0,,,,,,,0,0,0,normal
15886200,특번,2026-06-23 19:41:00,19.0,0,0,0,,1,0,,,1,51.8,1,1.0,0.0,,,,,0,0,0,normal
01046819662,010,2026-05-20 22:32:00,22.0,1,1,1,92.59,1,1,0.0,1.0,0,,0,,,,,,,0,0,0,normal
15666000,특번,2026-01-04 08:46:00,8.0,1,0,1,254.01,0,0,,,0,,0,,,,,,,0,0,0,normal
01097924761,010,2026-12-03 17:55:00,17.0,0,1,1,1.38,1,0,,,0,,0,,,,,,,0,0,0,normal
18116688,특번,2026-07-05 00:47:00,0.0,1,0,0,,0,0,,,0,,0,,,,,,,0,0,0,normal
01008987610,010,2026-03-02 21:12:00,21.0,1,1,1,5.63,1,0,,,0,,0,,,,,,,0,0,0,normal
16790323,특번,2026-01-11 00:29:00,0.0,1,0,0,,0,0,,,0,,0,,,,,,,0,0,0,normal
15883651,특번,2026-02-27 17:13:00,17.0,0,0,0,,0,0,,,1,87.4,0,,,,,,,0,0,0,normal
15888801,특번,2026-12-28 11:26:00,11.0,1,0,0,,0,1,0.0,1.0,0,,1,1.0,0.0,,,,,0,1,0,normal
03180219341,기타,2026-07-21 07:43:00,7.0,1,0,0,,1,0,,,0,,0,,,,,,,0,0,0,normal
15998888,특번,2026-12-02 16:16:00,16.0,0,0,0,,0,1,0.0,1.0,0,,1,1.0,0.0,,,,,0,0,0,normal
01080959905,010,2026-10-01 20:49:00,20.0,0,1,0,,1,0,,,0,,1,1.0,0.0,,,,,0,0,0,normal
15889999,특번,2026-02-01 07:39:00,7.0,0,0,0,,0,1,0.0,1.0,0,,0,,,,,,,0,0,0,normal
01073444634,010,2026-10-06 20:23:00,20.0,0,1,1,1.86,1,1,1.0,1.0,0,,0,,,,,,,0,0,0,normal
15998000,특번,2026-01-21 10:12:00,10.0,1,0,1,75.88,0,1,0.0,1.0,0,,0,,,,,,,0,0,0,normal
0805769308,기타,2026-06-06 18:25:00,18.0,0,0,0,,0,0,,,0,,0,,,,,,,0,0,0,normal
15991900,특번,2026-07-08 21:46:00,21.0,0,0,0,,0,0,,,0,,0,,,,,,,0,0,0,normal
15778000,특번,2026-04-05 16:59:00,16.0,0,0,0,,0,0,,,1,663.87,0,,,,,,,0,0,0,normal
01018770332,010,2026-08-26 14:29:00,14.0,0,1,1,2.31,1,1,0.0,1.0,0,,0,,,,,,,0,0,0,normal
15886565,특번,2026-08-24 09:31:00,9.0,0,0,0,,0,0,,,0,,1,1.0,0.0,,,,,0,0,0,normal
01028498776,010,2026-07-15 10:33:00,10.0,0,1,1,13.7,1,0,,,0,,0,,,,,,,0,0,0,normal
15883651,특번,2026-06-07 11:56:00,11.0,0,0,0,,0,0,,,0,,1,1.0,0.0,,,,,0,0,0,normal
15880010,특번,2026-11-24 07:19:00,7.0,0,0,0,,0,1,0.0,1.0,0,,1,1.0,0.0,,,,,0,0,0,normal
01091014739,010,2026-02-27 21:20:00,21.0,0,1,1,1090.6,1,1,0.0,1.0,0,,1,1.0,0.0,,,,,0,0,0,normal
01063093079,010,2026-10-19 05:30:00,5.0,0,1,1,45.65,1,1,0.0,1.0,0,,0,,,,,,,0,0,0,normal
01081074916,010,2026-03-30 22:06:00,22.0,1,1,1,1.7,0,1,1.0,1.0,0,,1,1.0,0.0,,,,,0,0,0,normal
03180219341,기타,2026-06-10 16:14:00,16.0,0,0,0,,0,0,,,0,,0,,,,,,,0,0,0,normal
01019729410,010,2026-06-03 21:12:00,21.0,0,0,1,13.84,1,1,0.0,1.0,0,,0,,,,,,,0,0,0,normal
15443082,특번,2026-10-19 22:05:00,22.0,0,0,0,,0,0,,,0,,0,,,,,,,0,0,0,normal
18997047,특번,2026-09-27 16:48:00,16.0,1,0,0,,0,0,,,0,,0,,,,,,,0,0,0,normal
15443000,특번,2026-02-21 17:00:00,17.0,1,1,0,,0,0,,,0,,0,,,,,,,0,0,0,normal
15888377,특번,2026-09-21 04:41:00,4.0,0,0,0,,0,0,,,0,,1,1.0,0.0,,,,,0,0,0,normal
15885050,특번,2026-01-16 14:44:00,14.0,1,0,0,,0,0,,,0,,0,,,,,,,0,0,0,normal
01016750115,010,2026-05-25 03:42:00,3.0,1,1,1,22.42,1,0,,,0,,0,,,,,,,0,0,0,normal
15881111,특번,2026-11-18 15:16:00,15.0,0,0,1,3.85,0,0,,,1,82.57,0,,,,,,,0,0,0,normal
0220269955,02(서울 유선),2026-07-04 06:09:00,6.0,0,0,1,29.17,0,0,,,0,,0,,,,,,,0,0,0,normal
01094124451,010,2026-10-01 07:14:00,7.0,0,1,1,14.63,1,1,0.0,1.0,0,,0,,,,,,,0,0,0,normal
01093058187,010,2026-10-04 15:01:00,15.0,0,1,1,1.47,1,0,,,1,145.79,0,,,,,,,0,0,0,normal
01075163806,010,2026-11-07 08:36:00,8.0,0,1,1,101.57,1,0,,,0,,1,1.0,0.0,,,,,0,0,0,normal
00038035148953,00X(국제),2026-05-03 16:32:00,16.0,1,0,0,,0,0,,,0,,1,1.0,0.0,,,,,1,0,0,normal
16039822,특번,2026-03-01 07:10:00,7.0,1,0,0,,0,0,,,0,,0,,,,,,,0,0,0,normal
15881111,특번,2026-12-09 18:05:00,18.0,0,0,0,,0,0,,,0,,0,,,,,,,0,0,0,normal
01022608175,010,2026-12-03 08:21:00,8.0,1,1,0,,0,0,,,0,,1,1.0,0.0,,,,,0,0,0,normal
025669998,02(서울 유선),2026-10-12 15:39:00,15.0,0,0,0,,0,0,,,1,28.39,0,,,,,,,0,0,0,normal
08098516765,기타,2026-09-16 15:28:00,15.0,0,0,0,,0,0,,,0,,0,,,,,,,0,0,0,normal
0255469137,02(서울 유선),2026-06-03 22:19:00,22.0,1,0,0,,0,1,1.0,1.0,0,,1,1.0,0.0,,,,,0,0,0,normal
01014596889,010,2026-03-18 18:58:00,18.0,1,1,1,65.84,1,1,0.0,1.0,0,,0,,,,,,,0,0,0,normal
15999999,특번,2026-08-27 08:26:00,8.0,0,0,0,,0,1,0.0,1.0,0,,1,1.0,0.0,,,,,0,0,0,normal
0709919776,070(인터넷전화),2026-06-30 00:43:00,0.0,0,0,0,,0,0,,,1,176.84,0,,,,,,,0,0,0,normal
025669998,02(서울 유선),2026-09-14 01:25:00,1.0,1,0,0,,0,0,,,0,,0,,,,,,,0,0,0,normal
03180751228,기타,2026-01-21 23:14:00,23.0,1,0,0,,0,1,0.0,1.0,0,,0,,,,,,,0,0,0,normal
15888801,특번,2026-05-25 21:15:00,21.0,0,0,0,,0,1,1.0,1.0,0,,1,1.0,1.0,,,,,0,1,0,normal
01071302321,010,2026-05-07 11:12:00,11.0,0,1,1,0.95,1,0,,,0,,0,,,,,,,0,0,0,normal
15991900,특번,2026-12-30 16:51:00,16.0,1,0,0,,0,1,0.0,1.0,0,,0,,,,,,,0,0,0,normal
0703311459,070(인터넷전화),2026-06-08 22:40:00,22.0,0,0,0,,0,0,,,0,,1,1.0,0.0,,,,,0,0,0,normal
06165948062,기타,2026-02-09 21:26:00,21.0,0,0,0,,0,0,,,0,,0,,,,,,,0,0,0,normal
01002327639,010,2026-03-07 17:51:00,17.0,0,1,0,,1,0,,,0,,0,,,,,,,0,0,0,normal
15882001,특번,2026-02-20 18:21:00,18.0,1,0,0,,0,0,,,0,,0,,,,,,,0,0,0,normal
15443800,특번,2026-03-13 17:47:00,17.0,0,0,0,,0,0,,,0,,0,,,,,,,0,0,0,normal
029940782,02(서울 유선),2026-10-04 00:14:00,0.0,0,0,0,,0,0,,,0,,0,,,,,,,0,1,0,normal
0709204155,070(인터넷전화),2026-04-30 04:00:00,4.0,1,0,0,,0,1,0.0,1.0,0,,1,1.0,0.0,,,,,0,0,0,normal
16613000,특번,2026-08-25 04:44:00,4.0,1,0,0,,0,0,,,0,,0,,,,,,,0,0,0,normal
15886200,특번,2026-03-22 22:36:00,22.0,1,0,0,,0,0,,,0,,0,,,,,,,0,0,0,normal
15886565,특번,2026-08-06 22:14:00,22.0,0,0,0,,0,0,,,0,,0,,,,,,,0,0,0,normal
16006200,특번,2026-09-23 08:23:00,8.0,0,0,0,,0,1,0.0,1.0,0,,0,,,,,,,0,0,0,normal
023370415,02(서울 유선),2026-11-26 11:00:00,11.0,0,0,0,,0,1,1.0,1.0,0,,0,,,,,,,0,0,0,normal
16000400,특번,2026-05-10 04:28:00,4.0,1,0,0,,0,1,0.0,1.0,0,,1,1.0,0.0,,,,,0,1,0,normal
01009670833,010,2026-01-07 17:20:00,17.0,0,1,0,,1,1,0.0,1.0,0,,0,,,,,,,0,0,0,normal
01022091241,010,2026-10-12 14:35:00,14.0,0,1,1,3.94,1,1,0.0,1.0,0,,0,,,,,,,0,0,0,normal
15880037,특번,2026-06-29 15:47:00,15.0,0,0,0,,0,0,,,0,,0,,,,,,,0,0,0,normal
15991111,특번,2026-11-19 00:28:00,0.0,0,0,0,,0,1,0.0,1.0,0,,0,,,,,,,0,0,0,normal
070429291,070(인터넷전화),2026-07-01 03:44:00,3.0,0,0,0,,0,0,,,0,,1,1.0,0.0,,,,,0,0,0,normal
